[INFO] | 2026-09-17 11:26:03 AM | analyzer.BatchedBancorMarketMaker_fix | Analysis started at: 2026-09-17 11:26:03 AM
[INFO] | 2026-09-17 11:26:11 AM | analyzer.BatchedBancorMarketMaker_fix | Version constraints: ['^0.4.24', '^0.4.24', '^0.4.24', '^0.4.24', '^0.4.24', '^0.4.24', '^0.4.24', '^0.4.24', '^0.4.24', '^0.4.24', '^0.4.24', '^0.4.24', '^0.4.24', '^0.4.24', '^0.4.24', '^0.4.24', '^0.4.24', '^0.4.24', '^0.4.24', '^0.4.24', '^0.4.24', '^0.4.24', '^0.4.24', '^0.4.24', '^0.4.24', '^0.4.24', '^0.4.24', '0.4.24', '0.4.24', '0.4.24', '0.4.24', '0.4.24', '0.4.24', '0.4.24', '0.4.24']
[INFO] | 2026-09-17 11:26:11 AM | analyzer.BatchedBancorMarketMaker_fix | solc version: v0.4.24
[INFO] | 2026-09-17 11:26:34 AM | analyzer.BatchedBancorMarketMaker_fix | Callgraph generation started!
[INFO] | 2026-09-17 11:26:35 AM | analyzer.BatchedBancorMarketMaker_fix | Callgraph generation finished!
[INFO] | 2026-09-17 11:26:35 AM | analyzer.BatchedBancorMarketMaker_fix | Interprocedural CFG generation started!
[INFO] | 2026-09-17 11:26:36 AM | analyzer.BatchedBancorMarketMaker_fix | Interprocedural CFG generation finished!
[INFO] | 2026-09-17 11:26:36 AM | analyzer.BatchedBancorMarketMaker_fix | Storage dependency graph generation started!
[INFO] | 2026-09-17 11:26:37 AM | analyzer.BatchedBancorMarketMaker_fix | Storage dependency graph generation finished!
[INFO] | 2026-09-17 11:26:37 AM | analyzer.BatchedBancorMarketMaker_fix | Value Range Analysis started
[INFO] | 2026-09-17 11:26:37 AM | analyzer.BatchedBancorMarketMaker_fix | Generating return summary for slitherConstructorConstantVariables
[INFO] | 2026-09-17 11:26:37 AM | analyzer.BatchedBancorMarketMaker_fix | Return summary generated for slitherConstructorConstantVariables
[INFO] | 2026-09-17 11:26:37 AM | analyzer.BatchedBancorMarketMaker_fix | Range graph generated
[INFO] | 2026-09-17 11:26:37 AM | analyzer.BatchedBancorMarketMaker_fix | Processed function slitherConstructorConstantVariables
[INFO] | 2026-09-17 11:26:37 AM | analyzer.BatchedBancorMarketMaker_fix | Generating return summary for slitherConstructorConstantVariables
[INFO] | 2026-09-17 11:26:37 AM | analyzer.BatchedBancorMarketMaker_fix | Return summary generated for slitherConstructorConstantVariables
[INFO] | 2026-09-17 11:26:37 AM | analyzer.BatchedBancorMarketMaker_fix | Range graph generated
[INFO] | 2026-09-17 11:26:37 AM | analyzer.BatchedBancorMarketMaker_fix | Processed function slitherConstructorConstantVariables
[INFO] | 2026-09-17 11:26:37 AM | analyzer.BatchedBancorMarketMaker_fix | Generating return summary for slitherConstructorConstantVariables
[INFO] | 2026-09-17 11:26:37 AM | analyzer.BatchedBancorMarketMaker_fix | Return summary generated for slitherConstructorConstantVariables
[INFO] | 2026-09-17 11:26:37 AM | analyzer.BatchedBancorMarketMaker_fix | Range graph generated
[INFO] | 2026-09-17 11:26:37 AM | analyzer.BatchedBancorMarketMaker_fix | Processed function slitherConstructorConstantVariables
[INFO] | 2026-09-17 11:26:37 AM | analyzer.BatchedBancorMarketMaker_fix | Generating return summary for slitherConstructorConstantVariables
[INFO] | 2026-09-17 11:26:37 AM | analyzer.BatchedBancorMarketMaker_fix | Return summary generated for slitherConstructorConstantVariables
[INFO] | 2026-09-17 11:26:37 AM | analyzer.BatchedBancorMarketMaker_fix | Range graph generated
[INFO] | 2026-09-17 11:26:37 AM | analyzer.BatchedBancorMarketMaker_fix | Processed function slitherConstructorConstantVariables
[INFO] | 2026-09-17 11:26:37 AM | analyzer.BatchedBancorMarketMaker_fix | Generating return summary for slitherConstructorConstantVariables
[INFO] | 2026-09-17 11:26:37 AM | analyzer.BatchedBancorMarketMaker_fix | Return summary generated for slitherConstructorConstantVariables
[INFO] | 2026-09-17 11:26:37 AM | analyzer.BatchedBancorMarketMaker_fix | Range graph generated
[INFO] | 2026-09-17 11:26:37 AM | analyzer.BatchedBancorMarketMaker_fix | Processed function slitherConstructorConstantVariables
[INFO] | 2026-09-17 11:26:37 AM | analyzer.BatchedBancorMarketMaker_fix | Generating return summary for slitherConstructorConstantVariables
[INFO] | 2026-09-17 11:26:37 AM | analyzer.BatchedBancorMarketMaker_fix | Return summary generated for slitherConstructorConstantVariables
[INFO] | 2026-09-17 11:26:37 AM | analyzer.BatchedBancorMarketMaker_fix | Range graph generated
[INFO] | 2026-09-17 11:26:37 AM | analyzer.BatchedBancorMarketMaker_fix | Processed function slitherConstructorConstantVariables
[INFO] | 2026-09-17 11:26:37 AM | analyzer.BatchedBancorMarketMaker_fix | Generating return summary for slitherConstructorConstantVariables
[INFO] | 2026-09-17 11:26:37 AM | analyzer.BatchedBancorMarketMaker_fix | Return summary generated for slitherConstructorConstantVariables
[INFO] | 2026-09-17 11:26:37 AM | analyzer.BatchedBancorMarketMaker_fix | Range graph generated
[INFO] | 2026-09-17 11:26:37 AM | analyzer.BatchedBancorMarketMaker_fix | Processed function slitherConstructorConstantVariables
[INFO] | 2026-09-17 11:26:37 AM | analyzer.BatchedBancorMarketMaker_fix | Generating return summary for slitherConstructorConstantVariables
[INFO] | 2026-09-17 11:26:37 AM | analyzer.BatchedBancorMarketMaker_fix | Return summary generated for slitherConstructorConstantVariables
[INFO] | 2026-09-17 11:26:37 AM | analyzer.BatchedBancorMarketMaker_fix | Range graph generated
[INFO] | 2026-09-17 11:26:37 AM | analyzer.BatchedBancorMarketMaker_fix | Processed function slitherConstructorConstantVariables
[INFO] | 2026-09-17 11:26:37 AM | analyzer.BatchedBancorMarketMaker_fix | Generating return summary for slitherConstructorConstantVariables
[INFO] | 2026-09-17 11:26:37 AM | analyzer.BatchedBancorMarketMaker_fix | Return summary generated for slitherConstructorConstantVariables
[INFO] | 2026-09-17 11:26:37 AM | analyzer.BatchedBancorMarketMaker_fix | Range graph generated
[INFO] | 2026-09-17 11:26:37 AM | analyzer.BatchedBancorMarketMaker_fix | Processed function slitherConstructorConstantVariables
[INFO] | 2026-09-17 11:26:37 AM | analyzer.BatchedBancorMarketMaker_fix | Generating return summary for slitherConstructorConstantVariables
[INFO] | 2026-09-17 11:26:37 AM | analyzer.BatchedBancorMarketMaker_fix | Return summary generated for slitherConstructorConstantVariables
[INFO] | 2026-09-17 11:26:37 AM | analyzer.BatchedBancorMarketMaker_fix | Range graph generated
[INFO] | 2026-09-17 11:26:37 AM | analyzer.BatchedBancorMarketMaker_fix | Processed function slitherConstructorConstantVariables
[INFO] | 2026-09-17 11:26:37 AM | analyzer.BatchedBancorMarketMaker_fix | Generating return summary for slitherConstructorConstantVariables
[INFO] | 2026-09-17 11:26:37 AM | analyzer.BatchedBancorMarketMaker_fix | Return summary generated for slitherConstructorConstantVariables
[INFO] | 2026-09-17 11:26:37 AM | analyzer.BatchedBancorMarketMaker_fix | Range graph generated
[INFO] | 2026-09-17 11:26:37 AM | analyzer.BatchedBancorMarketMaker_fix | Processed function slitherConstructorConstantVariables
[INFO] | 2026-09-17 11:26:37 AM | analyzer.BatchedBancorMarketMaker_fix | Generating return summary for slitherConstructorConstantVariables
[INFO] | 2026-09-17 11:26:37 AM | analyzer.BatchedBancorMarketMaker_fix | Return summary generated for slitherConstructorConstantVariables
[INFO] | 2026-09-17 11:26:37 AM | analyzer.BatchedBancorMarketMaker_fix | Range graph generated
[INFO] | 2026-09-17 11:26:37 AM | analyzer.BatchedBancorMarketMaker_fix | Processed function slitherConstructorConstantVariables
[INFO] | 2026-09-17 11:26:37 AM | analyzer.BatchedBancorMarketMaker_fix | Generating return summary for slitherConstructorConstantVariables
[INFO] | 2026-09-17 11:26:37 AM | analyzer.BatchedBancorMarketMaker_fix | Return summary generated for slitherConstructorConstantVariables
[INFO] | 2026-09-17 11:26:37 AM | analyzer.BatchedBancorMarketMaker_fix | Range graph generated
[INFO] | 2026-09-17 11:26:37 AM | analyzer.BatchedBancorMarketMaker_fix | Processed function slitherConstructorConstantVariables
[INFO] | 2026-09-17 11:26:37 AM | analyzer.BatchedBancorMarketMaker_fix | Generating return summary for slitherConstructorConstantVariables
[INFO] | 2026-09-17 11:26:37 AM | analyzer.BatchedBancorMarketMaker_fix | Return summary generated for slitherConstructorConstantVariables
[INFO] | 2026-09-17 11:26:37 AM | analyzer.BatchedBancorMarketMaker_fix | Range graph generated
[INFO] | 2026-09-17 11:26:37 AM | analyzer.BatchedBancorMarketMaker_fix | Processed function slitherConstructorConstantVariables
[INFO] | 2026-09-17 11:26:37 AM | analyzer.BatchedBancorMarketMaker_fix | Generating return summary for slitherConstructorConstantVariables
[INFO] | 2026-09-17 11:26:37 AM | analyzer.BatchedBancorMarketMaker_fix | Return summary generated for slitherConstructorConstantVariables
[INFO] | 2026-09-17 11:26:37 AM | analyzer.BatchedBancorMarketMaker_fix | Range graph generated
[INFO] | 2026-09-17 11:26:37 AM | analyzer.BatchedBancorMarketMaker_fix | Processed function slitherConstructorConstantVariables
[INFO] | 2026-09-17 11:26:37 AM | analyzer.BatchedBancorMarketMaker_fix | Generating return summary for slitherConstructorConstantVariables
[INFO] | 2026-09-17 11:26:37 AM | analyzer.BatchedBancorMarketMaker_fix | Return summary generated for slitherConstructorConstantVariables
[INFO] | 2026-09-17 11:26:37 AM | analyzer.BatchedBancorMarketMaker_fix | Range graph generated
[INFO] | 2026-09-17 11:26:37 AM | analyzer.BatchedBancorMarketMaker_fix | Processed function slitherConstructorConstantVariables
[INFO] | 2026-09-17 11:26:37 AM | analyzer.BatchedBancorMarketMaker_fix | Generating return summary for slitherConstructorConstantVariables
[INFO] | 2026-09-17 11:26:37 AM | analyzer.BatchedBancorMarketMaker_fix | Return summary generated for slitherConstructorConstantVariables
[INFO] | 2026-09-17 11:26:37 AM | analyzer.BatchedBancorMarketMaker_fix | Range graph generated
[INFO] | 2026-09-17 11:26:37 AM | analyzer.BatchedBancorMarketMaker_fix | Processed function slitherConstructorConstantVariables
[INFO] | 2026-09-17 11:26:37 AM | analyzer.BatchedBancorMarketMaker_fix | Generating return summary for slitherConstructorConstantVariables
[INFO] | 2026-09-17 11:26:37 AM | analyzer.BatchedBancorMarketMaker_fix | Return summary generated for slitherConstructorConstantVariables
[INFO] | 2026-09-17 11:26:37 AM | analyzer.BatchedBancorMarketMaker_fix | Range graph generated
[INFO] | 2026-09-17 11:26:37 AM | analyzer.BatchedBancorMarketMaker_fix | Processed function slitherConstructorConstantVariables
[INFO] | 2026-09-17 11:26:37 AM | analyzer.BatchedBancorMarketMaker_fix | Generating return summary for slitherConstructorConstantVariables
[INFO] | 2026-09-17 11:26:37 AM | analyzer.BatchedBancorMarketMaker_fix | Return summary generated for slitherConstructorConstantVariables
[INFO] | 2026-09-17 11:26:37 AM | analyzer.BatchedBancorMarketMaker_fix | Range graph generated
[INFO] | 2026-09-17 11:26:37 AM | analyzer.BatchedBancorMarketMaker_fix | Processed function slitherConstructorConstantVariables
[INFO] | 2026-09-17 11:26:37 AM | analyzer.BatchedBancorMarketMaker_fix | Generating return summary for slitherConstructorConstantVariables
[INFO] | 2026-09-17 11:26:37 AM | analyzer.BatchedBancorMarketMaker_fix | Return summary generated for slitherConstructorConstantVariables
[INFO] | 2026-09-17 11:26:37 AM | analyzer.BatchedBancorMarketMaker_fix | Range graph generated
[INFO] | 2026-09-17 11:26:37 AM | analyzer.BatchedBancorMarketMaker_fix | Processed function slitherConstructorConstantVariables
[INFO] | 2026-09-17 11:26:37 AM | analyzer.BatchedBancorMarketMaker_fix | Generating return summary for slitherConstructorConstantVariables
[INFO] | 2026-09-17 11:26:37 AM | analyzer.BatchedBancorMarketMaker_fix | Return summary generated for slitherConstructorConstantVariables
[INFO] | 2026-09-17 11:26:37 AM | analyzer.BatchedBancorMarketMaker_fix | Range graph generated
[INFO] | 2026-09-17 11:26:37 AM | analyzer.BatchedBancorMarketMaker_fix | Processed function slitherConstructorConstantVariables
[INFO] | 2026-09-17 11:26:37 AM | analyzer.BatchedBancorMarketMaker_fix | Generating return summary for getStorageBool
[INFO] | 2026-09-17 11:26:37 AM | analyzer.BatchedBancorMarketMaker_fix | Return summary generated for getStorageBool
[INFO] | 2026-09-17 11:26:37 AM | analyzer.BatchedBancorMarketMaker_fix | State variable assignement do not exist
[INFO] | 2026-09-17 11:26:37 AM | analyzer.BatchedBancorMarketMaker_fix | Processed function getStorageBool
[INFO] | 2026-09-17 11:26:37 AM | analyzer.BatchedBancorMarketMaker_fix | Generating return summary for getStorageAddress
[INFO] | 2026-09-17 11:26:37 AM | analyzer.BatchedBancorMarketMaker_fix | Return summary generated for getStorageAddress
[INFO] | 2026-09-17 11:26:37 AM | analyzer.BatchedBancorMarketMaker_fix | State variable assignement do not exist
[INFO] | 2026-09-17 11:26:37 AM | analyzer.BatchedBancorMarketMaker_fix | Processed function getStorageAddress
[INFO] | 2026-09-17 11:26:37 AM | analyzer.BatchedBancorMarketMaker_fix | Generating return summary for getStorageBytes32
[INFO] | 2026-09-17 11:26:37 AM | analyzer.BatchedBancorMarketMaker_fix | Return summary generated for getStorageBytes32
[INFO] | 2026-09-17 11:26:37 AM | analyzer.BatchedBancorMarketMaker_fix | State variable assignement do not exist
[INFO] | 2026-09-17 11:26:37 AM | analyzer.BatchedBancorMarketMaker_fix | Processed function getStorageBytes32
[INFO] | 2026-09-17 11:26:37 AM | analyzer.BatchedBancorMarketMaker_fix | Generating return summary for getStorageUint256
[INFO] | 2026-09-17 11:26:37 AM | analyzer.BatchedBancorMarketMaker_fix | Return summary generated for getStorageUint256
[INFO] | 2026-09-17 11:26:37 AM | analyzer.BatchedBancorMarketMaker_fix | State variable assignement do not exist
[INFO] | 2026-09-17 11:26:37 AM | analyzer.BatchedBancorMarketMaker_fix | Processed function getStorageUint256
[INFO] | 2026-09-17 11:26:37 AM | analyzer.BatchedBancorMarketMaker_fix | Generating return summary for setStorageBool
[INFO] | 2026-09-17 11:26:37 AM | analyzer.BatchedBancorMarketMaker_fix | Return summary generated for setStorageBool
[INFO] | 2026-09-17 11:26:37 AM | analyzer.BatchedBancorMarketMaker_fix | State variable assignement do not exist
[INFO] | 2026-09-17 11:26:37 AM | analyzer.BatchedBancorMarketMaker_fix | Processed function setStorageBool
[INFO] | 2026-09-17 11:26:37 AM | analyzer.BatchedBancorMarketMaker_fix | Generating return summary for setStorageAddress
[INFO] | 2026-09-17 11:26:37 AM | analyzer.BatchedBancorMarketMaker_fix | Return summary generated for setStorageAddress
[INFO] | 2026-09-17 11:26:37 AM | analyzer.BatchedBancorMarketMaker_fix | State variable assignement do not exist
[INFO] | 2026-09-17 11:26:37 AM | analyzer.BatchedBancorMarketMaker_fix | Processed function setStorageAddress
[INFO] | 2026-09-17 11:26:37 AM | analyzer.BatchedBancorMarketMaker_fix | Generating return summary for setStorageBytes32
[INFO] | 2026-09-17 11:26:37 AM | analyzer.BatchedBancorMarketMaker_fix | Return summary generated for setStorageBytes32
[INFO] | 2026-09-17 11:26:37 AM | analyzer.BatchedBancorMarketMaker_fix | State variable assignement do not exist
[INFO] | 2026-09-17 11:26:37 AM | analyzer.BatchedBancorMarketMaker_fix | Processed function setStorageBytes32
[INFO] | 2026-09-17 11:26:37 AM | analyzer.BatchedBancorMarketMaker_fix | Generating return summary for setStorageUint256
[INFO] | 2026-09-17 11:26:37 AM | analyzer.BatchedBancorMarketMaker_fix | Return summary generated for setStorageUint256
[INFO] | 2026-09-17 11:26:37 AM | analyzer.BatchedBancorMarketMaker_fix | State variable assignement do not exist
[INFO] | 2026-09-17 11:26:37 AM | analyzer.BatchedBancorMarketMaker_fix | Processed function setStorageUint256
[INFO] | 2026-09-17 11:26:37 AM | analyzer.BatchedBancorMarketMaker_fix | Generating return summary for initialize
[INFO] | 2026-09-17 11:26:37 AM | analyzer.BatchedBancorMarketMaker_fix | Return summary generated for initialize
[INFO] | 2026-09-17 11:26:37 AM | analyzer.BatchedBancorMarketMaker_fix | State variable assignement do not exist
[INFO] | 2026-09-17 11:26:37 AM | analyzer.BatchedBancorMarketMaker_fix | Processed function initialize
[INFO] | 2026-09-17 11:26:37 AM | analyzer.BatchedBancorMarketMaker_fix | Generating return summary for hasPermission
[INFO] | 2026-09-17 11:26:37 AM | analyzer.BatchedBancorMarketMaker_fix | Return summary generated for hasPermission
[INFO] | 2026-09-17 11:26:37 AM | analyzer.BatchedBancorMarketMaker_fix | State variable assignement do not exist
[INFO] | 2026-09-17 11:26:37 AM | analyzer.BatchedBancorMarketMaker_fix | Processed function hasPermission
[INFO] | 2026-09-17 11:26:37 AM | analyzer.BatchedBancorMarketMaker_fix | Generating return summary for transferToVault
[INFO] | 2026-09-17 11:26:37 AM | analyzer.BatchedBancorMarketMaker_fix | Return summary generated for transferToVault
[INFO] | 2026-09-17 11:26:37 AM | analyzer.BatchedBancorMarketMaker_fix | State variable assignement do not exist
[INFO] | 2026-09-17 11:26:37 AM | analyzer.BatchedBancorMarketMaker_fix | Processed function transferToVault
[INFO] | 2026-09-17 11:26:37 AM | analyzer.BatchedBancorMarketMaker_fix | Generating return summary for allowRecoverability
[INFO] | 2026-09-17 11:26:37 AM | analyzer.BatchedBancorMarketMaker_fix | Return summary generated for allowRecoverability
[INFO] | 2026-09-17 11:26:37 AM | analyzer.BatchedBancorMarketMaker_fix | State variable assignement do not exist
[INFO] | 2026-09-17 11:26:37 AM | analyzer.BatchedBancorMarketMaker_fix | Processed function allowRecoverability
[INFO] | 2026-09-17 11:26:37 AM | analyzer.BatchedBancorMarketMaker_fix | Generating return summary for getRecoveryVault
[INFO] | 2026-09-17 11:26:37 AM | analyzer.BatchedBancorMarketMaker_fix | Return summary generated for getRecoveryVault
[INFO] | 2026-09-17 11:26:37 AM | analyzer.BatchedBancorMarketMaker_fix | State variable assignement do not exist
[INFO] | 2026-09-17 11:26:37 AM | analyzer.BatchedBancorMarketMaker_fix | Processed function getRecoveryVault
[INFO] | 2026-09-17 11:26:37 AM | analyzer.BatchedBancorMarketMaker_fix | Generating return summary for transferToVault
[INFO] | 2026-09-17 11:26:37 AM | analyzer.BatchedBancorMarketMaker_fix | Return summary generated for transferToVault
[INFO] | 2026-09-17 11:26:37 AM | analyzer.BatchedBancorMarketMaker_fix | State variable assignement do not exist
[INFO] | 2026-09-17 11:26:37 AM | analyzer.BatchedBancorMarketMaker_fix | Processed function transferToVault
[INFO] | 2026-09-17 11:26:37 AM | analyzer.BatchedBancorMarketMaker_fix | Generating return summary for allowRecoverability
[INFO] | 2026-09-17 11:26:37 AM | analyzer.BatchedBancorMarketMaker_fix | Return summary generated for allowRecoverability
[INFO] | 2026-09-17 11:26:37 AM | analyzer.BatchedBancorMarketMaker_fix | State variable assignement do not exist
[INFO] | 2026-09-17 11:26:37 AM | analyzer.BatchedBancorMarketMaker_fix | Processed function allowRecoverability
[INFO] | 2026-09-17 11:26:37 AM | analyzer.BatchedBancorMarketMaker_fix | Generating return summary for getRecoveryVault
[INFO] | 2026-09-17 11:26:37 AM | analyzer.BatchedBancorMarketMaker_fix | Return summary generated for getRecoveryVault
[INFO] | 2026-09-17 11:26:37 AM | analyzer.BatchedBancorMarketMaker_fix | State variable assignement do not exist
[INFO] | 2026-09-17 11:26:37 AM | analyzer.BatchedBancorMarketMaker_fix | Processed function getRecoveryVault
[INFO] | 2026-09-17 11:26:37 AM | analyzer.BatchedBancorMarketMaker_fix | Generating return summary for acl
[INFO] | 2026-09-17 11:26:37 AM | analyzer.BatchedBancorMarketMaker_fix | Return summary generated for acl
[INFO] | 2026-09-17 11:26:37 AM | analyzer.BatchedBancorMarketMaker_fix | State variable assignement do not exist
[INFO] | 2026-09-17 11:26:37 AM | analyzer.BatchedBancorMarketMaker_fix | Processed function acl
[INFO] | 2026-09-17 11:26:37 AM | analyzer.BatchedBancorMarketMaker_fix | Generating return summary for hasPermission
[INFO] | 2026-09-17 11:26:37 AM | analyzer.BatchedBancorMarketMaker_fix | Return summary generated for hasPermission
[INFO] | 2026-09-17 11:26:37 AM | analyzer.BatchedBancorMarketMaker_fix | State variable assignement do not exist
[INFO] | 2026-09-17 11:26:37 AM | analyzer.BatchedBancorMarketMaker_fix | Processed function hasPermission
[INFO] | 2026-09-17 11:26:37 AM | analyzer.BatchedBancorMarketMaker_fix | Generating return summary for setApp
[INFO] | 2026-09-17 11:26:37 AM | analyzer.BatchedBancorMarketMaker_fix | Return summary generated for setApp
[INFO] | 2026-09-17 11:26:37 AM | analyzer.BatchedBancorMarketMaker_fix | State variable assignement do not exist
[INFO] | 2026-09-17 11:26:37 AM | analyzer.BatchedBancorMarketMaker_fix | Processed function setApp
[INFO] | 2026-09-17 11:26:37 AM | analyzer.BatchedBancorMarketMaker_fix | Generating return summary for getApp
[INFO] | 2026-09-17 11:26:37 AM | analyzer.BatchedBancorMarketMaker_fix | Return summary generated for getApp
[INFO] | 2026-09-17 11:26:37 AM | analyzer.BatchedBancorMarketMaker_fix | State variable assignement do not exist
[INFO] | 2026-09-17 11:26:37 AM | analyzer.BatchedBancorMarketMaker_fix | Processed function getApp
[INFO] | 2026-09-17 11:26:37 AM | analyzer.BatchedBancorMarketMaker_fix | Generating return summary for arr
[INFO] | 2026-09-17 11:26:37 AM | analyzer.BatchedBancorMarketMaker_fix | Return summary generated for arr
[INFO] | 2026-09-17 11:26:37 AM | analyzer.BatchedBancorMarketMaker_fix | State variable assignement do not exist
[INFO] | 2026-09-17 11:26:37 AM | analyzer.BatchedBancorMarketMaker_fix | Processed function arr
[INFO] | 2026-09-17 11:26:37 AM | analyzer.BatchedBancorMarketMaker_fix | Generating return summary for arr
[INFO] | 2026-09-17 11:26:37 AM | analyzer.BatchedBancorMarketMaker_fix | Return summary generated for arr
[INFO] | 2026-09-17 11:26:37 AM | analyzer.BatchedBancorMarketMaker_fix | State variable assignement do not exist
[INFO] | 2026-09-17 11:26:37 AM | analyzer.BatchedBancorMarketMaker_fix | Processed function arr
[INFO] | 2026-09-17 11:26:37 AM | analyzer.BatchedBancorMarketMaker_fix | Generating return summary for arr
[INFO] | 2026-09-17 11:26:37 AM | analyzer.BatchedBancorMarketMaker_fix | Return summary generated for arr
[INFO] | 2026-09-17 11:26:37 AM | analyzer.BatchedBancorMarketMaker_fix | State variable assignement do not exist
[INFO] | 2026-09-17 11:26:37 AM | analyzer.BatchedBancorMarketMaker_fix | Processed function arr
[INFO] | 2026-09-17 11:26:37 AM | analyzer.BatchedBancorMarketMaker_fix | Generating return summary for arr
[INFO] | 2026-09-17 11:26:37 AM | analyzer.BatchedBancorMarketMaker_fix | Return summary generated for arr
[INFO] | 2026-09-17 11:26:37 AM | analyzer.BatchedBancorMarketMaker_fix | State variable assignement do not exist
[INFO] | 2026-09-17 11:26:37 AM | analyzer.BatchedBancorMarketMaker_fix | Processed function arr
[INFO] | 2026-09-17 11:26:37 AM | analyzer.BatchedBancorMarketMaker_fix | Generating return summary for arr
[INFO] | 2026-09-17 11:26:37 AM | analyzer.BatchedBancorMarketMaker_fix | Return summary generated for arr
[INFO] | 2026-09-17 11:26:37 AM | analyzer.BatchedBancorMarketMaker_fix | State variable assignement do not exist
[INFO] | 2026-09-17 11:26:37 AM | analyzer.BatchedBancorMarketMaker_fix | Processed function arr
[INFO] | 2026-09-17 11:26:37 AM | analyzer.BatchedBancorMarketMaker_fix | Generating return summary for arr
[INFO] | 2026-09-17 11:26:37 AM | analyzer.BatchedBancorMarketMaker_fix | Return summary generated for arr
[INFO] | 2026-09-17 11:26:37 AM | analyzer.BatchedBancorMarketMaker_fix | State variable assignement do not exist
[INFO] | 2026-09-17 11:26:37 AM | analyzer.BatchedBancorMarketMaker_fix | Processed function arr
[INFO] | 2026-09-17 11:26:37 AM | analyzer.BatchedBancorMarketMaker_fix | Generating return summary for decodeParamOp
[INFO] | 2026-09-17 11:26:37 AM | analyzer.BatchedBancorMarketMaker_fix | Return summary generated for decodeParamOp
[INFO] | 2026-09-17 11:26:37 AM | analyzer.BatchedBancorMarketMaker_fix | State variable assignement do not exist
[INFO] | 2026-09-17 11:26:37 AM | analyzer.BatchedBancorMarketMaker_fix | Processed function decodeParamOp
[INFO] | 2026-09-17 11:26:37 AM | analyzer.BatchedBancorMarketMaker_fix | Generating return summary for decodeParamId
[INFO] | 2026-09-17 11:26:37 AM | analyzer.BatchedBancorMarketMaker_fix | Return summary generated for decodeParamId
[INFO] | 2026-09-17 11:26:37 AM | analyzer.BatchedBancorMarketMaker_fix | State variable assignement do not exist
[INFO] | 2026-09-17 11:26:37 AM | analyzer.BatchedBancorMarketMaker_fix | Processed function decodeParamId
[INFO] | 2026-09-17 11:26:37 AM | analyzer.BatchedBancorMarketMaker_fix | Generating return summary for decodeParamsList
[WARNING] | 2026-09-17 11:26:37 AM | analyzer.BatchedBancorMarketMaker_fix | No lvalue eligible assignment, is this some bug!
[INFO] | 2026-09-17 11:26:37 AM | analyzer.BatchedBancorMarketMaker_fix | Return summary generated for decodeParamsList
[INFO] | 2026-09-17 11:26:37 AM | analyzer.BatchedBancorMarketMaker_fix | State variable assignement do not exist
[INFO] | 2026-09-17 11:26:37 AM | analyzer.BatchedBancorMarketMaker_fix | Processed function decodeParamsList
[INFO] | 2026-09-17 11:26:37 AM | analyzer.BatchedBancorMarketMaker_fix | Generating return summary for toUint64
[INFO] | 2026-09-17 11:26:37 AM | analyzer.BatchedBancorMarketMaker_fix | Return summary generated for toUint64
[INFO] | 2026-09-17 11:26:37 AM | analyzer.BatchedBancorMarketMaker_fix | State variable assignement do not exist
[INFO] | 2026-09-17 11:26:37 AM | analyzer.BatchedBancorMarketMaker_fix | Processed function toUint64
[INFO] | 2026-09-17 11:26:37 AM | analyzer.BatchedBancorMarketMaker_fix | Generating return summary for getBlockNumber
[INFO] | 2026-09-17 11:26:37 AM | analyzer.BatchedBancorMarketMaker_fix | Return summary generated for getBlockNumber
[INFO] | 2026-09-17 11:26:37 AM | analyzer.BatchedBancorMarketMaker_fix | State variable assignement do not exist
[INFO] | 2026-09-17 11:26:37 AM | analyzer.BatchedBancorMarketMaker_fix | Processed function getBlockNumber
[INFO] | 2026-09-17 11:26:37 AM | analyzer.BatchedBancorMarketMaker_fix | Generating return summary for getTimestamp
[INFO] | 2026-09-17 11:26:37 AM | analyzer.BatchedBancorMarketMaker_fix | Return summary generated for getTimestamp
[INFO] | 2026-09-17 11:26:37 AM | analyzer.BatchedBancorMarketMaker_fix | State variable assignement do not exist
[INFO] | 2026-09-17 11:26:37 AM | analyzer.BatchedBancorMarketMaker_fix | Processed function getTimestamp
[INFO] | 2026-09-17 11:26:37 AM | analyzer.BatchedBancorMarketMaker_fix | Generating return summary for getBlockNumber
[INFO] | 2026-09-17 11:26:37 AM | analyzer.BatchedBancorMarketMaker_fix | Return summary generated for getBlockNumber
[INFO] | 2026-09-17 11:26:37 AM | analyzer.BatchedBancorMarketMaker_fix | State variable assignement do not exist
[INFO] | 2026-09-17 11:26:37 AM | analyzer.BatchedBancorMarketMaker_fix | Processed function getBlockNumber
[INFO] | 2026-09-17 11:26:37 AM | analyzer.BatchedBancorMarketMaker_fix | Generating return summary for getTimestamp
[INFO] | 2026-09-17 11:26:37 AM | analyzer.BatchedBancorMarketMaker_fix | Return summary generated for getTimestamp
[INFO] | 2026-09-17 11:26:37 AM | analyzer.BatchedBancorMarketMaker_fix | State variable assignement do not exist
[INFO] | 2026-09-17 11:26:37 AM | analyzer.BatchedBancorMarketMaker_fix | Processed function getTimestamp
[INFO] | 2026-09-17 11:26:37 AM | analyzer.BatchedBancorMarketMaker_fix | Generating return summary for onlyInit
[INFO] | 2026-09-17 11:26:37 AM | analyzer.BatchedBancorMarketMaker_fix | Return summary generated for onlyInit
[INFO] | 2026-09-17 11:26:37 AM | analyzer.BatchedBancorMarketMaker_fix | State variable assignement do not exist
[INFO] | 2026-09-17 11:26:37 AM | analyzer.BatchedBancorMarketMaker_fix | Processed function onlyInit
[INFO] | 2026-09-17 11:26:37 AM | analyzer.BatchedBancorMarketMaker_fix | Generating return summary for getBlockNumber
[INFO] | 2026-09-17 11:26:37 AM | analyzer.BatchedBancorMarketMaker_fix | Return summary generated for getBlockNumber
[INFO] | 2026-09-17 11:26:37 AM | analyzer.BatchedBancorMarketMaker_fix | State variable assignement do not exist
[INFO] | 2026-09-17 11:26:37 AM | analyzer.BatchedBancorMarketMaker_fix | Processed function getBlockNumber
[INFO] | 2026-09-17 11:26:37 AM | analyzer.BatchedBancorMarketMaker_fix | Generating return summary for getTimestamp
[INFO] | 2026-09-17 11:26:37 AM | analyzer.BatchedBancorMarketMaker_fix | Return summary generated for getTimestamp
[INFO] | 2026-09-17 11:26:37 AM | analyzer.BatchedBancorMarketMaker_fix | State variable assignement do not exist
[INFO] | 2026-09-17 11:26:37 AM | analyzer.BatchedBancorMarketMaker_fix | Processed function getTimestamp
[INFO] | 2026-09-17 11:26:37 AM | analyzer.BatchedBancorMarketMaker_fix | Generating return summary for onlyInit
[INFO] | 2026-09-17 11:26:37 AM | analyzer.BatchedBancorMarketMaker_fix | Return summary generated for onlyInit
[INFO] | 2026-09-17 11:26:37 AM | analyzer.BatchedBancorMarketMaker_fix | State variable assignement do not exist
[INFO] | 2026-09-17 11:26:37 AM | analyzer.BatchedBancorMarketMaker_fix | Processed function onlyInit
[INFO] | 2026-09-17 11:26:37 AM | analyzer.BatchedBancorMarketMaker_fix | Generating return summary for getBlockNumber
[INFO] | 2026-09-17 11:26:37 AM | analyzer.BatchedBancorMarketMaker_fix | Return summary generated for getBlockNumber
[INFO] | 2026-09-17 11:26:37 AM | analyzer.BatchedBancorMarketMaker_fix | State variable assignement do not exist
[INFO] | 2026-09-17 11:26:37 AM | analyzer.BatchedBancorMarketMaker_fix | Processed function getBlockNumber
[INFO] | 2026-09-17 11:26:37 AM | analyzer.BatchedBancorMarketMaker_fix | Generating return summary for getTimestamp
[INFO] | 2026-09-17 11:26:37 AM | analyzer.BatchedBancorMarketMaker_fix | Return summary generated for getTimestamp
[INFO] | 2026-09-17 11:26:37 AM | analyzer.BatchedBancorMarketMaker_fix | State variable assignement do not exist
[INFO] | 2026-09-17 11:26:37 AM | analyzer.BatchedBancorMarketMaker_fix | Processed function getTimestamp
[INFO] | 2026-09-17 11:26:37 AM | analyzer.BatchedBancorMarketMaker_fix | Generating return summary for onlyInit
[INFO] | 2026-09-17 11:26:37 AM | analyzer.BatchedBancorMarketMaker_fix | Return summary generated for onlyInit
[INFO] | 2026-09-17 11:26:37 AM | analyzer.BatchedBancorMarketMaker_fix | State variable assignement do not exist
[INFO] | 2026-09-17 11:26:37 AM | analyzer.BatchedBancorMarketMaker_fix | Processed function onlyInit
[INFO] | 2026-09-17 11:26:37 AM | analyzer.BatchedBancorMarketMaker_fix | Generating return summary for dangerouslyCastUintArrayToBytes
[INFO] | 2026-09-17 11:26:37 AM | analyzer.BatchedBancorMarketMaker_fix | Return summary generated for dangerouslyCastUintArrayToBytes
[INFO] | 2026-09-17 11:26:37 AM | analyzer.BatchedBancorMarketMaker_fix | State variable assignement do not exist
[INFO] | 2026-09-17 11:26:37 AM | analyzer.BatchedBancorMarketMaker_fix | Processed function dangerouslyCastUintArrayToBytes
[INFO] | 2026-09-17 11:26:37 AM | analyzer.BatchedBancorMarketMaker_fix | Generating return summary for dangerouslyCastBytesToUintArray
[INFO] | 2026-09-17 11:26:37 AM | analyzer.BatchedBancorMarketMaker_fix | Return summary generated for dangerouslyCastBytesToUintArray
[INFO] | 2026-09-17 11:26:37 AM | analyzer.BatchedBancorMarketMaker_fix | State variable assignement do not exist
[INFO] | 2026-09-17 11:26:37 AM | analyzer.BatchedBancorMarketMaker_fix | Processed function dangerouslyCastBytesToUintArray
[INFO] | 2026-09-17 11:26:37 AM | analyzer.BatchedBancorMarketMaker_fix | Generating return summary for totalSupply
[INFO] | 2026-09-17 11:26:37 AM | analyzer.BatchedBancorMarketMaker_fix | Return summary generated for totalSupply
[INFO] | 2026-09-17 11:26:37 AM | analyzer.BatchedBancorMarketMaker_fix | State variable assignement do not exist
[INFO] | 2026-09-17 11:26:37 AM | analyzer.BatchedBancorMarketMaker_fix | Processed function totalSupply
[INFO] | 2026-09-17 11:26:37 AM | analyzer.BatchedBancorMarketMaker_fix | Generating return summary for balanceOf
[INFO] | 2026-09-17 11:26:37 AM | analyzer.BatchedBancorMarketMaker_fix | Return summary generated for balanceOf
[INFO] | 2026-09-17 11:26:37 AM | analyzer.BatchedBancorMarketMaker_fix | State variable assignement do not exist
[INFO] | 2026-09-17 11:26:37 AM | analyzer.BatchedBancorMarketMaker_fix | Processed function balanceOf
[INFO] | 2026-09-17 11:26:37 AM | analyzer.BatchedBancorMarketMaker_fix | Generating return summary for allowance
[INFO] | 2026-09-17 11:26:37 AM | analyzer.BatchedBancorMarketMaker_fix | Return summary generated for allowance
[INFO] | 2026-09-17 11:26:37 AM | analyzer.BatchedBancorMarketMaker_fix | State variable assignement do not exist
[INFO] | 2026-09-17 11:26:37 AM | analyzer.BatchedBancorMarketMaker_fix | Processed function allowance
[INFO] | 2026-09-17 11:26:37 AM | analyzer.BatchedBancorMarketMaker_fix | Generating return summary for transfer
[INFO] | 2026-09-17 11:26:37 AM | analyzer.BatchedBancorMarketMaker_fix | Return summary generated for transfer
[INFO] | 2026-09-17 11:26:37 AM | analyzer.BatchedBancorMarketMaker_fix | State variable assignement do not exist
[INFO] | 2026-09-17 11:26:37 AM | analyzer.BatchedBancorMarketMaker_fix | Processed function transfer
[INFO] | 2026-09-17 11:26:37 AM | analyzer.BatchedBancorMarketMaker_fix | Generating return summary for approve
[INFO] | 2026-09-17 11:26:37 AM | analyzer.BatchedBancorMarketMaker_fix | Return summary generated for approve
[INFO] | 2026-09-17 11:26:37 AM | analyzer.BatchedBancorMarketMaker_fix | State variable assignement do not exist
[INFO] | 2026-09-17 11:26:37 AM | analyzer.BatchedBancorMarketMaker_fix | Processed function approve
[INFO] | 2026-09-17 11:26:37 AM | analyzer.BatchedBancorMarketMaker_fix | Generating return summary for transferFrom
[INFO] | 2026-09-17 11:26:37 AM | analyzer.BatchedBancorMarketMaker_fix | Return summary generated for transferFrom
[INFO] | 2026-09-17 11:26:37 AM | analyzer.BatchedBancorMarketMaker_fix | State variable assignement do not exist
[INFO] | 2026-09-17 11:26:37 AM | analyzer.BatchedBancorMarketMaker_fix | Processed function transferFrom
[INFO] | 2026-09-17 11:26:37 AM | analyzer.BatchedBancorMarketMaker_fix | Generating return summary for isContract
[WARNING] | 2026-09-17 11:26:37 AM | analyzer.BatchedBancorMarketMaker_fix | Can there be this kind of variables
[INFO] | 2026-09-17 11:26:37 AM | analyzer.BatchedBancorMarketMaker_fix | Return summary generated for isContract
[INFO] | 2026-09-17 11:26:37 AM | analyzer.BatchedBancorMarketMaker_fix | State variable assignement do not exist
[INFO] | 2026-09-17 11:26:37 AM | analyzer.BatchedBancorMarketMaker_fix | Processed function isContract
[INFO] | 2026-09-17 11:26:37 AM | analyzer.BatchedBancorMarketMaker_fix | Generating return summary for invokeAndCheckSuccess
[INFO] | 2026-09-17 11:26:37 AM | analyzer.BatchedBancorMarketMaker_fix | We should not consider this kind of return values!
[INFO] | 2026-09-17 11:26:37 AM | analyzer.BatchedBancorMarketMaker_fix | Return summary generated for invokeAndCheckSuccess
[INFO] | 2026-09-17 11:26:37 AM | analyzer.BatchedBancorMarketMaker_fix | State variable assignement do not exist
[INFO] | 2026-09-17 11:26:37 AM | analyzer.BatchedBancorMarketMaker_fix | Processed function invokeAndCheckSuccess
[INFO] | 2026-09-17 11:26:37 AM | analyzer.BatchedBancorMarketMaker_fix | Generating return summary for staticInvoke
[INFO] | 2026-09-17 11:26:37 AM | analyzer.BatchedBancorMarketMaker_fix | We should not consider this kind of return values!
[INFO] | 2026-09-17 11:26:37 AM | analyzer.BatchedBancorMarketMaker_fix | We should not consider this kind of return values!
[INFO] | 2026-09-17 11:26:37 AM | analyzer.BatchedBancorMarketMaker_fix | Return summary generated for staticInvoke
[INFO] | 2026-09-17 11:26:37 AM | analyzer.BatchedBancorMarketMaker_fix | State variable assignement do not exist
[INFO] | 2026-09-17 11:26:37 AM | analyzer.BatchedBancorMarketMaker_fix | Processed function staticInvoke
[INFO] | 2026-09-17 11:26:37 AM | analyzer.BatchedBancorMarketMaker_fix | Generating return summary for isContract
[WARNING] | 2026-09-17 11:26:37 AM | analyzer.BatchedBancorMarketMaker_fix | Can there be this kind of variables
[INFO] | 2026-09-17 11:26:37 AM | analyzer.BatchedBancorMarketMaker_fix | Return summary generated for isContract
[INFO] | 2026-09-17 11:26:37 AM | analyzer.BatchedBancorMarketMaker_fix | State variable assignement do not exist
[INFO] | 2026-09-17 11:26:37 AM | analyzer.BatchedBancorMarketMaker_fix | Processed function isContract
[INFO] | 2026-09-17 11:26:37 AM | analyzer.BatchedBancorMarketMaker_fix | Generating return summary for transferToVault
[INFO] | 2026-09-17 11:26:37 AM | analyzer.BatchedBancorMarketMaker_fix | Return summary generated for transferToVault
[INFO] | 2026-09-17 11:26:37 AM | analyzer.BatchedBancorMarketMaker_fix | State variable assignement do not exist
[INFO] | 2026-09-17 11:26:37 AM | analyzer.BatchedBancorMarketMaker_fix | Processed function transferToVault
[INFO] | 2026-09-17 11:26:37 AM | analyzer.BatchedBancorMarketMaker_fix | Generating return summary for allowRecoverability
[INFO] | 2026-09-17 11:26:37 AM | analyzer.BatchedBancorMarketMaker_fix | Return summary generated for allowRecoverability
[INFO] | 2026-09-17 11:26:37 AM | analyzer.BatchedBancorMarketMaker_fix | State variable assignement do not exist
[INFO] | 2026-09-17 11:26:37 AM | analyzer.BatchedBancorMarketMaker_fix | Processed function allowRecoverability
[INFO] | 2026-09-17 11:26:37 AM | analyzer.BatchedBancorMarketMaker_fix | Generating return summary for getRecoveryVault
[INFO] | 2026-09-17 11:26:37 AM | analyzer.BatchedBancorMarketMaker_fix | Return summary generated for getRecoveryVault
[INFO] | 2026-09-17 11:26:37 AM | analyzer.BatchedBancorMarketMaker_fix | State variable assignement do not exist
[INFO] | 2026-09-17 11:26:37 AM | analyzer.BatchedBancorMarketMaker_fix | Processed function getRecoveryVault
[INFO] | 2026-09-17 11:26:37 AM | analyzer.BatchedBancorMarketMaker_fix | Generating return summary for allowRecoverability
[INFO] | 2026-09-17 11:26:37 AM | analyzer.BatchedBancorMarketMaker_fix | Return summary generated for allowRecoverability
[INFO] | 2026-09-17 11:26:37 AM | analyzer.BatchedBancorMarketMaker_fix | State variable assignement do not exist
[INFO] | 2026-09-17 11:26:37 AM | analyzer.BatchedBancorMarketMaker_fix | Processed function allowRecoverability
[INFO] | 2026-09-17 11:26:37 AM | analyzer.BatchedBancorMarketMaker_fix | Generating return summary for getRecoveryVault
[INFO] | 2026-09-17 11:26:37 AM | analyzer.BatchedBancorMarketMaker_fix | Return summary generated for getRecoveryVault
[INFO] | 2026-09-17 11:26:37 AM | analyzer.BatchedBancorMarketMaker_fix | State variable assignement do not exist
[INFO] | 2026-09-17 11:26:37 AM | analyzer.BatchedBancorMarketMaker_fix | Processed function getRecoveryVault
[INFO] | 2026-09-17 11:26:37 AM | analyzer.BatchedBancorMarketMaker_fix | Generating return summary for execScript
[INFO] | 2026-09-17 11:26:37 AM | analyzer.BatchedBancorMarketMaker_fix | Return summary generated for execScript
[INFO] | 2026-09-17 11:26:37 AM | analyzer.BatchedBancorMarketMaker_fix | State variable assignement do not exist
[INFO] | 2026-09-17 11:26:37 AM | analyzer.BatchedBancorMarketMaker_fix | Processed function execScript
[INFO] | 2026-09-17 11:26:37 AM | analyzer.BatchedBancorMarketMaker_fix | Generating return summary for executorType
[INFO] | 2026-09-17 11:26:37 AM | analyzer.BatchedBancorMarketMaker_fix | Return summary generated for executorType
[INFO] | 2026-09-17 11:26:37 AM | analyzer.BatchedBancorMarketMaker_fix | State variable assignement do not exist
[INFO] | 2026-09-17 11:26:37 AM | analyzer.BatchedBancorMarketMaker_fix | Processed function executorType
[INFO] | 2026-09-17 11:26:37 AM | analyzer.BatchedBancorMarketMaker_fix | Generating return summary for addScriptExecutor
[INFO] | 2026-09-17 11:26:37 AM | analyzer.BatchedBancorMarketMaker_fix | Return summary generated for addScriptExecutor
[INFO] | 2026-09-17 11:26:37 AM | analyzer.BatchedBancorMarketMaker_fix | State variable assignement do not exist
[INFO] | 2026-09-17 11:26:37 AM | analyzer.BatchedBancorMarketMaker_fix | Processed function addScriptExecutor
[INFO] | 2026-09-17 11:26:37 AM | analyzer.BatchedBancorMarketMaker_fix | Generating return summary for disableScriptExecutor
[INFO] | 2026-09-17 11:26:37 AM | analyzer.BatchedBancorMarketMaker_fix | Return summary generated for disableScriptExecutor
[INFO] | 2026-09-17 11:26:37 AM | analyzer.BatchedBancorMarketMaker_fix | State variable assignement do not exist
[INFO] | 2026-09-17 11:26:37 AM | analyzer.BatchedBancorMarketMaker_fix | Processed function disableScriptExecutor
[INFO] | 2026-09-17 11:26:37 AM | analyzer.BatchedBancorMarketMaker_fix | Generating return summary for getScriptExecutor
[INFO] | 2026-09-17 11:26:37 AM | analyzer.BatchedBancorMarketMaker_fix | Return summary generated for getScriptExecutor
[INFO] | 2026-09-17 11:26:37 AM | analyzer.BatchedBancorMarketMaker_fix | State variable assignement do not exist
[INFO] | 2026-09-17 11:26:37 AM | analyzer.BatchedBancorMarketMaker_fix | Processed function getScriptExecutor
[INFO] | 2026-09-17 11:26:37 AM | analyzer.BatchedBancorMarketMaker_fix | Generating return summary for getBlockNumber
[INFO] | 2026-09-17 11:26:37 AM | analyzer.BatchedBancorMarketMaker_fix | Return summary generated for getBlockNumber
[INFO] | 2026-09-17 11:26:37 AM | analyzer.BatchedBancorMarketMaker_fix | State variable assignement do not exist
[INFO] | 2026-09-17 11:26:37 AM | analyzer.BatchedBancorMarketMaker_fix | Processed function getBlockNumber
[INFO] | 2026-09-17 11:26:37 AM | analyzer.BatchedBancorMarketMaker_fix | Generating return summary for getTimestamp
[INFO] | 2026-09-17 11:26:37 AM | analyzer.BatchedBancorMarketMaker_fix | Return summary generated for getTimestamp
[INFO] | 2026-09-17 11:26:37 AM | analyzer.BatchedBancorMarketMaker_fix | State variable assignement do not exist
[INFO] | 2026-09-17 11:26:37 AM | analyzer.BatchedBancorMarketMaker_fix | Processed function getTimestamp
[INFO] | 2026-09-17 11:26:37 AM | analyzer.BatchedBancorMarketMaker_fix | Generating return summary for onlyInit
[INFO] | 2026-09-17 11:26:37 AM | analyzer.BatchedBancorMarketMaker_fix | Return summary generated for onlyInit
[INFO] | 2026-09-17 11:26:37 AM | analyzer.BatchedBancorMarketMaker_fix | State variable assignement do not exist
[INFO] | 2026-09-17 11:26:37 AM | analyzer.BatchedBancorMarketMaker_fix | Processed function onlyInit
[INFO] | 2026-09-17 11:26:37 AM | analyzer.BatchedBancorMarketMaker_fix | Generating return summary for protectState
[INFO] | 2026-09-17 11:26:37 AM | analyzer.BatchedBancorMarketMaker_fix | Return summary generated for protectState
[INFO] | 2026-09-17 11:26:37 AM | analyzer.BatchedBancorMarketMaker_fix | State variable assignement do not exist
[INFO] | 2026-09-17 11:26:37 AM | analyzer.BatchedBancorMarketMaker_fix | Processed function protectState
[INFO] | 2026-09-17 11:26:37 AM | analyzer.BatchedBancorMarketMaker_fix | Generating return summary for isInitialized
[INFO] | 2026-09-17 11:26:37 AM | analyzer.BatchedBancorMarketMaker_fix | Return summary generated for isInitialized
[INFO] | 2026-09-17 11:26:37 AM | analyzer.BatchedBancorMarketMaker_fix | State variable assignement do not exist
[INFO] | 2026-09-17 11:26:37 AM | analyzer.BatchedBancorMarketMaker_fix | Processed function isInitialized
[INFO] | 2026-09-17 11:26:37 AM | analyzer.BatchedBancorMarketMaker_fix | Generating return summary for arr
[INFO] | 2026-09-17 11:26:37 AM | analyzer.BatchedBancorMarketMaker_fix | Return summary generated for arr
[INFO] | 2026-09-17 11:26:37 AM | analyzer.BatchedBancorMarketMaker_fix | State variable assignement do not exist
[INFO] | 2026-09-17 11:26:37 AM | analyzer.BatchedBancorMarketMaker_fix | Processed function arr
[INFO] | 2026-09-17 11:26:37 AM | analyzer.BatchedBancorMarketMaker_fix | Generating return summary for arr
[INFO] | 2026-09-17 11:26:37 AM | analyzer.BatchedBancorMarketMaker_fix | Return summary generated for arr
[INFO] | 2026-09-17 11:26:37 AM | analyzer.BatchedBancorMarketMaker_fix | State variable assignement do not exist
[INFO] | 2026-09-17 11:26:37 AM | analyzer.BatchedBancorMarketMaker_fix | Processed function arr
[INFO] | 2026-09-17 11:26:37 AM | analyzer.BatchedBancorMarketMaker_fix | Generating return summary for arr
[INFO] | 2026-09-17 11:26:37 AM | analyzer.BatchedBancorMarketMaker_fix | Return summary generated for arr
[INFO] | 2026-09-17 11:26:37 AM | analyzer.BatchedBancorMarketMaker_fix | State variable assignement do not exist
[INFO] | 2026-09-17 11:26:37 AM | analyzer.BatchedBancorMarketMaker_fix | Processed function arr
[INFO] | 2026-09-17 11:26:37 AM | analyzer.BatchedBancorMarketMaker_fix | Generating return summary for arr
[INFO] | 2026-09-17 11:26:37 AM | analyzer.BatchedBancorMarketMaker_fix | Return summary generated for arr
[INFO] | 2026-09-17 11:26:37 AM | analyzer.BatchedBancorMarketMaker_fix | State variable assignement do not exist
[INFO] | 2026-09-17 11:26:37 AM | analyzer.BatchedBancorMarketMaker_fix | Processed function arr
[INFO] | 2026-09-17 11:26:37 AM | analyzer.BatchedBancorMarketMaker_fix | Generating return summary for arr
[INFO] | 2026-09-17 11:26:37 AM | analyzer.BatchedBancorMarketMaker_fix | Return summary generated for arr
[INFO] | 2026-09-17 11:26:37 AM | analyzer.BatchedBancorMarketMaker_fix | State variable assignement do not exist
[INFO] | 2026-09-17 11:26:37 AM | analyzer.BatchedBancorMarketMaker_fix | Processed function arr
[INFO] | 2026-09-17 11:26:37 AM | analyzer.BatchedBancorMarketMaker_fix | Generating return summary for arr
[INFO] | 2026-09-17 11:26:37 AM | analyzer.BatchedBancorMarketMaker_fix | Return summary generated for arr
[INFO] | 2026-09-17 11:26:37 AM | analyzer.BatchedBancorMarketMaker_fix | State variable assignement do not exist
[INFO] | 2026-09-17 11:26:37 AM | analyzer.BatchedBancorMarketMaker_fix | Processed function arr
[INFO] | 2026-09-17 11:26:37 AM | analyzer.BatchedBancorMarketMaker_fix | Generating return summary for getBlockNumber
[INFO] | 2026-09-17 11:26:37 AM | analyzer.BatchedBancorMarketMaker_fix | Return summary generated for getBlockNumber
[INFO] | 2026-09-17 11:26:37 AM | analyzer.BatchedBancorMarketMaker_fix | State variable assignement do not exist
[INFO] | 2026-09-17 11:26:37 AM | analyzer.BatchedBancorMarketMaker_fix | Processed function getBlockNumber
[INFO] | 2026-09-17 11:26:37 AM | analyzer.BatchedBancorMarketMaker_fix | Generating return summary for getTimestamp
[INFO] | 2026-09-17 11:26:37 AM | analyzer.BatchedBancorMarketMaker_fix | Return summary generated for getTimestamp
[INFO] | 2026-09-17 11:26:37 AM | analyzer.BatchedBancorMarketMaker_fix | State variable assignement do not exist
[INFO] | 2026-09-17 11:26:37 AM | analyzer.BatchedBancorMarketMaker_fix | Processed function getTimestamp
[INFO] | 2026-09-17 11:26:37 AM | analyzer.BatchedBancorMarketMaker_fix | Generating return summary for isContract
[WARNING] | 2026-09-17 11:26:37 AM | analyzer.BatchedBancorMarketMaker_fix | Can there be this kind of variables
[INFO] | 2026-09-17 11:26:37 AM | analyzer.BatchedBancorMarketMaker_fix | Return summary generated for isContract
[INFO] | 2026-09-17 11:26:37 AM | analyzer.BatchedBancorMarketMaker_fix | State variable assignement do not exist
[INFO] | 2026-09-17 11:26:37 AM | analyzer.BatchedBancorMarketMaker_fix | Processed function isContract
[INFO] | 2026-09-17 11:26:37 AM | analyzer.BatchedBancorMarketMaker_fix | Generating return summary for transferToVault
[INFO] | 2026-09-17 11:26:37 AM | analyzer.BatchedBancorMarketMaker_fix | Return summary generated for transferToVault
[INFO] | 2026-09-17 11:26:37 AM | analyzer.BatchedBancorMarketMaker_fix | State variable assignement do not exist
[INFO] | 2026-09-17 11:26:37 AM | analyzer.BatchedBancorMarketMaker_fix | Processed function transferToVault
[INFO] | 2026-09-17 11:26:37 AM | analyzer.BatchedBancorMarketMaker_fix | Generating return summary for allowRecoverability
[INFO] | 2026-09-17 11:26:37 AM | analyzer.BatchedBancorMarketMaker_fix | Return summary generated for allowRecoverability
[INFO] | 2026-09-17 11:26:37 AM | analyzer.BatchedBancorMarketMaker_fix | State variable assignement do not exist
[INFO] | 2026-09-17 11:26:37 AM | analyzer.BatchedBancorMarketMaker_fix | Processed function allowRecoverability
[INFO] | 2026-09-17 11:26:37 AM | analyzer.BatchedBancorMarketMaker_fix | Generating return summary for getRecoveryVault
[INFO] | 2026-09-17 11:26:37 AM | analyzer.BatchedBancorMarketMaker_fix | Return summary generated for getRecoveryVault
[INFO] | 2026-09-17 11:26:37 AM | analyzer.BatchedBancorMarketMaker_fix | State variable assignement do not exist
[INFO] | 2026-09-17 11:26:37 AM | analyzer.BatchedBancorMarketMaker_fix | Processed function getRecoveryVault
[INFO] | 2026-09-17 11:26:37 AM | analyzer.BatchedBancorMarketMaker_fix | Generating return summary for allowRecoverability
[INFO] | 2026-09-17 11:26:37 AM | analyzer.BatchedBancorMarketMaker_fix | Return summary generated for allowRecoverability
[INFO] | 2026-09-17 11:26:37 AM | analyzer.BatchedBancorMarketMaker_fix | State variable assignement do not exist
[INFO] | 2026-09-17 11:26:37 AM | analyzer.BatchedBancorMarketMaker_fix | Processed function allowRecoverability
[INFO] | 2026-09-17 11:26:37 AM | analyzer.BatchedBancorMarketMaker_fix | Generating return summary for getRecoveryVault
[INFO] | 2026-09-17 11:26:37 AM | analyzer.BatchedBancorMarketMaker_fix | Return summary generated for getRecoveryVault
[INFO] | 2026-09-17 11:26:37 AM | analyzer.BatchedBancorMarketMaker_fix | State variable assignement do not exist
[INFO] | 2026-09-17 11:26:37 AM | analyzer.BatchedBancorMarketMaker_fix | Processed function getRecoveryVault
[INFO] | 2026-09-17 11:26:37 AM | analyzer.BatchedBancorMarketMaker_fix | Generating return summary for onlyInit
[INFO] | 2026-09-17 11:26:37 AM | analyzer.BatchedBancorMarketMaker_fix | Return summary generated for onlyInit
[INFO] | 2026-09-17 11:26:37 AM | analyzer.BatchedBancorMarketMaker_fix | State variable assignement do not exist
[INFO] | 2026-09-17 11:26:37 AM | analyzer.BatchedBancorMarketMaker_fix | Processed function onlyInit
[INFO] | 2026-09-17 11:26:37 AM | analyzer.BatchedBancorMarketMaker_fix | Generating return summary for protectState
[INFO] | 2026-09-17 11:26:37 AM | analyzer.BatchedBancorMarketMaker_fix | Return summary generated for protectState
[INFO] | 2026-09-17 11:26:37 AM | analyzer.BatchedBancorMarketMaker_fix | State variable assignement do not exist
[INFO] | 2026-09-17 11:26:37 AM | analyzer.BatchedBancorMarketMaker_fix | Processed function protectState
[INFO] | 2026-09-17 11:26:37 AM | analyzer.BatchedBancorMarketMaker_fix | Generating return summary for isInitialized
[INFO] | 2026-09-17 11:26:37 AM | analyzer.BatchedBancorMarketMaker_fix | Return summary generated for isInitialized
[INFO] | 2026-09-17 11:26:37 AM | analyzer.BatchedBancorMarketMaker_fix | State variable assignement do not exist
[INFO] | 2026-09-17 11:26:37 AM | analyzer.BatchedBancorMarketMaker_fix | Processed function isInitialized
[INFO] | 2026-09-17 11:26:37 AM | analyzer.BatchedBancorMarketMaker_fix | Generating return summary for mul
[INFO] | 2026-09-17 11:26:37 AM | analyzer.BatchedBancorMarketMaker_fix | Return summary generated for mul
[INFO] | 2026-09-17 11:26:37 AM | analyzer.BatchedBancorMarketMaker_fix | State variable assignement do not exist
[INFO] | 2026-09-17 11:26:37 AM | analyzer.BatchedBancorMarketMaker_fix | Processed function mul
[INFO] | 2026-09-17 11:26:37 AM | analyzer.BatchedBancorMarketMaker_fix | Generating return summary for div
[INFO] | 2026-09-17 11:26:37 AM | analyzer.BatchedBancorMarketMaker_fix | Return summary generated for div
[INFO] | 2026-09-17 11:26:37 AM | analyzer.BatchedBancorMarketMaker_fix | State variable assignement do not exist
[INFO] | 2026-09-17 11:26:37 AM | analyzer.BatchedBancorMarketMaker_fix | Processed function div
[INFO] | 2026-09-17 11:26:37 AM | analyzer.BatchedBancorMarketMaker_fix | Generating return summary for sub
[INFO] | 2026-09-17 11:26:37 AM | analyzer.BatchedBancorMarketMaker_fix | Return summary generated for sub
[INFO] | 2026-09-17 11:26:37 AM | analyzer.BatchedBancorMarketMaker_fix | State variable assignement do not exist
[INFO] | 2026-09-17 11:26:37 AM | analyzer.BatchedBancorMarketMaker_fix | Processed function sub
[INFO] | 2026-09-17 11:26:37 AM | analyzer.BatchedBancorMarketMaker_fix | Generating return summary for add
[INFO] | 2026-09-17 11:26:37 AM | analyzer.BatchedBancorMarketMaker_fix | Return summary generated for add
[INFO] | 2026-09-17 11:26:37 AM | analyzer.BatchedBancorMarketMaker_fix | State variable assignement do not exist
[INFO] | 2026-09-17 11:26:37 AM | analyzer.BatchedBancorMarketMaker_fix | Processed function add
[INFO] | 2026-09-17 11:26:37 AM | analyzer.BatchedBancorMarketMaker_fix | Generating return summary for mod
[INFO] | 2026-09-17 11:26:37 AM | analyzer.BatchedBancorMarketMaker_fix | Return summary generated for mod
[INFO] | 2026-09-17 11:26:37 AM | analyzer.BatchedBancorMarketMaker_fix | State variable assignement do not exist
[INFO] | 2026-09-17 11:26:37 AM | analyzer.BatchedBancorMarketMaker_fix | Processed function mod
[INFO] | 2026-09-17 11:26:37 AM | analyzer.BatchedBancorMarketMaker_fix | Generating return summary for isForwarder
[INFO] | 2026-09-17 11:26:37 AM | analyzer.BatchedBancorMarketMaker_fix | Return summary generated for isForwarder
[INFO] | 2026-09-17 11:26:37 AM | analyzer.BatchedBancorMarketMaker_fix | State variable assignement do not exist
[INFO] | 2026-09-17 11:26:37 AM | analyzer.BatchedBancorMarketMaker_fix | Processed function isForwarder
[INFO] | 2026-09-17 11:26:37 AM | analyzer.BatchedBancorMarketMaker_fix | Generating return summary for canForward
[INFO] | 2026-09-17 11:26:37 AM | analyzer.BatchedBancorMarketMaker_fix | Return summary generated for canForward
[INFO] | 2026-09-17 11:26:37 AM | analyzer.BatchedBancorMarketMaker_fix | State variable assignement do not exist
[INFO] | 2026-09-17 11:26:37 AM | analyzer.BatchedBancorMarketMaker_fix | Processed function canForward
[INFO] | 2026-09-17 11:26:37 AM | analyzer.BatchedBancorMarketMaker_fix | Generating return summary for forward
[INFO] | 2026-09-17 11:26:37 AM | analyzer.BatchedBancorMarketMaker_fix | Return summary generated for forward
[INFO] | 2026-09-17 11:26:37 AM | analyzer.BatchedBancorMarketMaker_fix | State variable assignement do not exist
[INFO] | 2026-09-17 11:26:37 AM | analyzer.BatchedBancorMarketMaker_fix | Processed function forward
[INFO] | 2026-09-17 11:26:37 AM | analyzer.BatchedBancorMarketMaker_fix | Generating return summary for proxyPayment
[INFO] | 2026-09-17 11:26:37 AM | analyzer.BatchedBancorMarketMaker_fix | Return summary generated for proxyPayment
[INFO] | 2026-09-17 11:26:37 AM | analyzer.BatchedBancorMarketMaker_fix | State variable assignement do not exist
[INFO] | 2026-09-17 11:26:37 AM | analyzer.BatchedBancorMarketMaker_fix | Processed function proxyPayment
[INFO] | 2026-09-17 11:26:37 AM | analyzer.BatchedBancorMarketMaker_fix | Generating return summary for onTransfer
[INFO] | 2026-09-17 11:26:37 AM | analyzer.BatchedBancorMarketMaker_fix | Return summary generated for onTransfer
[INFO] | 2026-09-17 11:26:37 AM | analyzer.BatchedBancorMarketMaker_fix | State variable assignement do not exist
[INFO] | 2026-09-17 11:26:37 AM | analyzer.BatchedBancorMarketMaker_fix | Processed function onTransfer
[INFO] | 2026-09-17 11:26:37 AM | analyzer.BatchedBancorMarketMaker_fix | Generating return summary for onApprove
[INFO] | 2026-09-17 11:26:37 AM | analyzer.BatchedBancorMarketMaker_fix | Return summary generated for onApprove
[INFO] | 2026-09-17 11:26:37 AM | analyzer.BatchedBancorMarketMaker_fix | State variable assignement do not exist
[INFO] | 2026-09-17 11:26:37 AM | analyzer.BatchedBancorMarketMaker_fix | Processed function onApprove
[INFO] | 2026-09-17 11:26:37 AM | analyzer.BatchedBancorMarketMaker_fix | Generating return summary for Controlled
[INFO] | 2026-09-17 11:26:37 AM | analyzer.BatchedBancorMarketMaker_fix | Return summary generated for Controlled
[INFO] | 2026-09-17 11:26:37 AM | analyzer.BatchedBancorMarketMaker_fix | Range graph generated
[INFO] | 2026-09-17 11:26:37 AM | analyzer.BatchedBancorMarketMaker_fix | Processed function Controlled
[INFO] | 2026-09-17 11:26:37 AM | analyzer.BatchedBancorMarketMaker_fix | Generating return summary for onlyController
[INFO] | 2026-09-17 11:26:37 AM | analyzer.BatchedBancorMarketMaker_fix | Return summary generated for onlyController
[INFO] | 2026-09-17 11:26:37 AM | analyzer.BatchedBancorMarketMaker_fix | State variable assignement do not exist
[INFO] | 2026-09-17 11:26:37 AM | analyzer.BatchedBancorMarketMaker_fix | Processed function onlyController
[INFO] | 2026-09-17 11:26:37 AM | analyzer.BatchedBancorMarketMaker_fix | Generating return summary for receiveApproval
[INFO] | 2026-09-17 11:26:37 AM | analyzer.BatchedBancorMarketMaker_fix | Return summary generated for receiveApproval
[INFO] | 2026-09-17 11:26:37 AM | analyzer.BatchedBancorMarketMaker_fix | State variable assignement do not exist
[INFO] | 2026-09-17 11:26:37 AM | analyzer.BatchedBancorMarketMaker_fix | Processed function receiveApproval
[INFO] | 2026-09-17 11:26:37 AM | analyzer.BatchedBancorMarketMaker_fix | Generating return summary for Controlled
[INFO] | 2026-09-17 11:26:37 AM | analyzer.BatchedBancorMarketMaker_fix | Return summary generated for Controlled
[INFO] | 2026-09-17 11:26:37 AM | analyzer.BatchedBancorMarketMaker_fix | Range graph generated
[INFO] | 2026-09-17 11:26:37 AM | analyzer.BatchedBancorMarketMaker_fix | Processed function Controlled
[INFO] | 2026-09-17 11:26:37 AM | analyzer.BatchedBancorMarketMaker_fix | Generating return summary for MiniMeToken
[INFO] | 2026-09-17 11:26:37 AM | analyzer.BatchedBancorMarketMaker_fix | Return summary generated for MiniMeToken
[INFO] | 2026-09-17 11:26:37 AM | analyzer.BatchedBancorMarketMaker_fix | Range graph generated
[INFO] | 2026-09-17 11:26:37 AM | analyzer.BatchedBancorMarketMaker_fix | Processed function MiniMeToken
[INFO] | 2026-09-17 11:26:37 AM | analyzer.BatchedBancorMarketMaker_fix | Generating return summary for allowance
[INFO] | 2026-09-17 11:26:37 AM | analyzer.BatchedBancorMarketMaker_fix | Return summary generated for allowance
[INFO] | 2026-09-17 11:26:37 AM | analyzer.BatchedBancorMarketMaker_fix | State variable assignement do not exist
[INFO] | 2026-09-17 11:26:37 AM | analyzer.BatchedBancorMarketMaker_fix | Processed function allowance
[INFO] | 2026-09-17 11:26:37 AM | analyzer.BatchedBancorMarketMaker_fix | Generating return summary for getValueAt
[INFO] | 2026-09-17 11:26:37 AM | analyzer.BatchedBancorMarketMaker_fix | Return summary generated for getValueAt
[INFO] | 2026-09-17 11:26:37 AM | analyzer.BatchedBancorMarketMaker_fix | State variable assignement do not exist
[INFO] | 2026-09-17 11:26:37 AM | analyzer.BatchedBancorMarketMaker_fix | Processed function getValueAt
[INFO] | 2026-09-17 11:26:37 AM | analyzer.BatchedBancorMarketMaker_fix | Generating return summary for updateValueAtNow
[INFO] | 2026-09-17 11:26:37 AM | analyzer.BatchedBancorMarketMaker_fix | Return summary generated for updateValueAtNow
[INFO] | 2026-09-17 11:26:37 AM | analyzer.BatchedBancorMarketMaker_fix | State variable assignement do not exist
[INFO] | 2026-09-17 11:26:37 AM | analyzer.BatchedBancorMarketMaker_fix | Processed function updateValueAtNow
[INFO] | 2026-09-17 11:26:37 AM | analyzer.BatchedBancorMarketMaker_fix | Generating return summary for isContract
[WARNING] | 2026-09-17 11:26:37 AM | analyzer.BatchedBancorMarketMaker_fix | Can there be this kind of variables
[INFO] | 2026-09-17 11:26:37 AM | analyzer.BatchedBancorMarketMaker_fix | Return summary generated for isContract
[INFO] | 2026-09-17 11:26:37 AM | analyzer.BatchedBancorMarketMaker_fix | State variable assignement do not exist
[INFO] | 2026-09-17 11:26:37 AM | analyzer.BatchedBancorMarketMaker_fix | Processed function isContract
[INFO] | 2026-09-17 11:26:37 AM | analyzer.BatchedBancorMarketMaker_fix | Generating return summary for min
[INFO] | 2026-09-17 11:26:37 AM | analyzer.BatchedBancorMarketMaker_fix | Return summary generated for min
[INFO] | 2026-09-17 11:26:37 AM | analyzer.BatchedBancorMarketMaker_fix | State variable assignement do not exist
[INFO] | 2026-09-17 11:26:37 AM | analyzer.BatchedBancorMarketMaker_fix | Processed function min
[INFO] | 2026-09-17 11:26:37 AM | analyzer.BatchedBancorMarketMaker_fix | Generating return summary for slitherConstructorVariables
[INFO] | 2026-09-17 11:26:37 AM | analyzer.BatchedBancorMarketMaker_fix | Return summary generated for slitherConstructorVariables
[INFO] | 2026-09-17 11:26:37 AM | analyzer.BatchedBancorMarketMaker_fix | Range graph generated
[INFO] | 2026-09-17 11:26:37 AM | analyzer.BatchedBancorMarketMaker_fix | Processed function slitherConstructorVariables
[INFO] | 2026-09-17 11:26:37 AM | analyzer.BatchedBancorMarketMaker_fix | Generating return summary for onlyController
[INFO] | 2026-09-17 11:26:37 AM | analyzer.BatchedBancorMarketMaker_fix | Return summary generated for onlyController
[INFO] | 2026-09-17 11:26:37 AM | analyzer.BatchedBancorMarketMaker_fix | State variable assignement do not exist
[INFO] | 2026-09-17 11:26:37 AM | analyzer.BatchedBancorMarketMaker_fix | Processed function onlyController
[INFO] | 2026-09-17 11:26:37 AM | analyzer.BatchedBancorMarketMaker_fix | Generating return summary for arr
[INFO] | 2026-09-17 11:26:37 AM | analyzer.BatchedBancorMarketMaker_fix | Return summary generated for arr
[INFO] | 2026-09-17 11:26:37 AM | analyzer.BatchedBancorMarketMaker_fix | State variable assignement do not exist
[INFO] | 2026-09-17 11:26:37 AM | analyzer.BatchedBancorMarketMaker_fix | Processed function arr
[INFO] | 2026-09-17 11:26:37 AM | analyzer.BatchedBancorMarketMaker_fix | Generating return summary for arr
[INFO] | 2026-09-17 11:26:37 AM | analyzer.BatchedBancorMarketMaker_fix | Return summary generated for arr
[INFO] | 2026-09-17 11:26:37 AM | analyzer.BatchedBancorMarketMaker_fix | State variable assignement do not exist
[INFO] | 2026-09-17 11:26:37 AM | analyzer.BatchedBancorMarketMaker_fix | Processed function arr
[INFO] | 2026-09-17 11:26:37 AM | analyzer.BatchedBancorMarketMaker_fix | Generating return summary for arr
[INFO] | 2026-09-17 11:26:37 AM | analyzer.BatchedBancorMarketMaker_fix | Return summary generated for arr
[INFO] | 2026-09-17 11:26:37 AM | analyzer.BatchedBancorMarketMaker_fix | State variable assignement do not exist
[INFO] | 2026-09-17 11:26:37 AM | analyzer.BatchedBancorMarketMaker_fix | Processed function arr
[INFO] | 2026-09-17 11:26:37 AM | analyzer.BatchedBancorMarketMaker_fix | Generating return summary for arr
[INFO] | 2026-09-17 11:26:37 AM | analyzer.BatchedBancorMarketMaker_fix | Return summary generated for arr
[INFO] | 2026-09-17 11:26:37 AM | analyzer.BatchedBancorMarketMaker_fix | State variable assignement do not exist
[INFO] | 2026-09-17 11:26:37 AM | analyzer.BatchedBancorMarketMaker_fix | Processed function arr
[INFO] | 2026-09-17 11:26:37 AM | analyzer.BatchedBancorMarketMaker_fix | Generating return summary for arr
[INFO] | 2026-09-17 11:26:37 AM | analyzer.BatchedBancorMarketMaker_fix | Return summary generated for arr
[INFO] | 2026-09-17 11:26:37 AM | analyzer.BatchedBancorMarketMaker_fix | State variable assignement do not exist
[INFO] | 2026-09-17 11:26:37 AM | analyzer.BatchedBancorMarketMaker_fix | Processed function arr
[INFO] | 2026-09-17 11:26:37 AM | analyzer.BatchedBancorMarketMaker_fix | Generating return summary for arr
[INFO] | 2026-09-17 11:26:37 AM | analyzer.BatchedBancorMarketMaker_fix | Return summary generated for arr
[INFO] | 2026-09-17 11:26:37 AM | analyzer.BatchedBancorMarketMaker_fix | State variable assignement do not exist
[INFO] | 2026-09-17 11:26:37 AM | analyzer.BatchedBancorMarketMaker_fix | Processed function arr
[INFO] | 2026-09-17 11:26:37 AM | analyzer.BatchedBancorMarketMaker_fix | Generating return summary for getBlockNumber
[INFO] | 2026-09-17 11:26:37 AM | analyzer.BatchedBancorMarketMaker_fix | Return summary generated for getBlockNumber
[INFO] | 2026-09-17 11:26:37 AM | analyzer.BatchedBancorMarketMaker_fix | State variable assignement do not exist
[INFO] | 2026-09-17 11:26:37 AM | analyzer.BatchedBancorMarketMaker_fix | Processed function getBlockNumber
[INFO] | 2026-09-17 11:26:37 AM | analyzer.BatchedBancorMarketMaker_fix | Generating return summary for getTimestamp
[INFO] | 2026-09-17 11:26:37 AM | analyzer.BatchedBancorMarketMaker_fix | Return summary generated for getTimestamp
[INFO] | 2026-09-17 11:26:37 AM | analyzer.BatchedBancorMarketMaker_fix | State variable assignement do not exist
[INFO] | 2026-09-17 11:26:37 AM | analyzer.BatchedBancorMarketMaker_fix | Processed function getTimestamp
[INFO] | 2026-09-17 11:26:37 AM | analyzer.BatchedBancorMarketMaker_fix | Generating return summary for isContract
[WARNING] | 2026-09-17 11:26:37 AM | analyzer.BatchedBancorMarketMaker_fix | Can there be this kind of variables
[INFO] | 2026-09-17 11:26:37 AM | analyzer.BatchedBancorMarketMaker_fix | Return summary generated for isContract
[INFO] | 2026-09-17 11:26:37 AM | analyzer.BatchedBancorMarketMaker_fix | State variable assignement do not exist
[INFO] | 2026-09-17 11:26:37 AM | analyzer.BatchedBancorMarketMaker_fix | Processed function isContract
[INFO] | 2026-09-17 11:26:37 AM | analyzer.BatchedBancorMarketMaker_fix | Generating return summary for transferToVault
[INFO] | 2026-09-17 11:26:37 AM | analyzer.BatchedBancorMarketMaker_fix | Return summary generated for transferToVault
[INFO] | 2026-09-17 11:26:37 AM | analyzer.BatchedBancorMarketMaker_fix | State variable assignement do not exist
[INFO] | 2026-09-17 11:26:37 AM | analyzer.BatchedBancorMarketMaker_fix | Processed function transferToVault
[INFO] | 2026-09-17 11:26:37 AM | analyzer.BatchedBancorMarketMaker_fix | Generating return summary for allowRecoverability
[INFO] | 2026-09-17 11:26:37 AM | analyzer.BatchedBancorMarketMaker_fix | Return summary generated for allowRecoverability
[INFO] | 2026-09-17 11:26:37 AM | analyzer.BatchedBancorMarketMaker_fix | State variable assignement do not exist
[INFO] | 2026-09-17 11:26:37 AM | analyzer.BatchedBancorMarketMaker_fix | Processed function allowRecoverability
[INFO] | 2026-09-17 11:26:37 AM | analyzer.BatchedBancorMarketMaker_fix | Generating return summary for getRecoveryVault
[INFO] | 2026-09-17 11:26:37 AM | analyzer.BatchedBancorMarketMaker_fix | Return summary generated for getRecoveryVault
[INFO] | 2026-09-17 11:26:37 AM | analyzer.BatchedBancorMarketMaker_fix | State variable assignement do not exist
[INFO] | 2026-09-17 11:26:37 AM | analyzer.BatchedBancorMarketMaker_fix | Processed function getRecoveryVault
[INFO] | 2026-09-17 11:26:37 AM | analyzer.BatchedBancorMarketMaker_fix | Generating return summary for allowRecoverability
[INFO] | 2026-09-17 11:26:37 AM | analyzer.BatchedBancorMarketMaker_fix | Return summary generated for allowRecoverability
[INFO] | 2026-09-17 11:26:37 AM | analyzer.BatchedBancorMarketMaker_fix | State variable assignement do not exist
[INFO] | 2026-09-17 11:26:37 AM | analyzer.BatchedBancorMarketMaker_fix | Processed function allowRecoverability
[INFO] | 2026-09-17 11:26:37 AM | analyzer.BatchedBancorMarketMaker_fix | Generating return summary for getRecoveryVault
[INFO] | 2026-09-17 11:26:37 AM | analyzer.BatchedBancorMarketMaker_fix | Return summary generated for getRecoveryVault
[INFO] | 2026-09-17 11:26:37 AM | analyzer.BatchedBancorMarketMaker_fix | State variable assignement do not exist
[INFO] | 2026-09-17 11:26:37 AM | analyzer.BatchedBancorMarketMaker_fix | Processed function getRecoveryVault
[INFO] | 2026-09-17 11:26:37 AM | analyzer.BatchedBancorMarketMaker_fix | Generating return summary for isForwarder
[INFO] | 2026-09-17 11:26:37 AM | analyzer.BatchedBancorMarketMaker_fix | Return summary generated for isForwarder
[INFO] | 2026-09-17 11:26:37 AM | analyzer.BatchedBancorMarketMaker_fix | State variable assignement do not exist
[INFO] | 2026-09-17 11:26:37 AM | analyzer.BatchedBancorMarketMaker_fix | Processed function isForwarder
[INFO] | 2026-09-17 11:26:37 AM | analyzer.BatchedBancorMarketMaker_fix | Generating return summary for canForward
[INFO] | 2026-09-17 11:26:37 AM | analyzer.BatchedBancorMarketMaker_fix | Return summary generated for canForward
[INFO] | 2026-09-17 11:26:37 AM | analyzer.BatchedBancorMarketMaker_fix | State variable assignement do not exist
[INFO] | 2026-09-17 11:26:37 AM | analyzer.BatchedBancorMarketMaker_fix | Processed function canForward
[INFO] | 2026-09-17 11:26:37 AM | analyzer.BatchedBancorMarketMaker_fix | Generating return summary for forward
[INFO] | 2026-09-17 11:26:37 AM | analyzer.BatchedBancorMarketMaker_fix | Return summary generated for forward
[INFO] | 2026-09-17 11:26:37 AM | analyzer.BatchedBancorMarketMaker_fix | State variable assignement do not exist
[INFO] | 2026-09-17 11:26:37 AM | analyzer.BatchedBancorMarketMaker_fix | Processed function forward
[INFO] | 2026-09-17 11:26:37 AM | analyzer.BatchedBancorMarketMaker_fix | Generating return summary for proxyPayment
[INFO] | 2026-09-17 11:26:37 AM | analyzer.BatchedBancorMarketMaker_fix | Return summary generated for proxyPayment
[INFO] | 2026-09-17 11:26:37 AM | analyzer.BatchedBancorMarketMaker_fix | State variable assignement do not exist
[INFO] | 2026-09-17 11:26:37 AM | analyzer.BatchedBancorMarketMaker_fix | Processed function proxyPayment
[INFO] | 2026-09-17 11:26:37 AM | analyzer.BatchedBancorMarketMaker_fix | Generating return summary for onTransfer
[INFO] | 2026-09-17 11:26:37 AM | analyzer.BatchedBancorMarketMaker_fix | Return summary generated for onTransfer
[INFO] | 2026-09-17 11:26:37 AM | analyzer.BatchedBancorMarketMaker_fix | State variable assignement do not exist
[INFO] | 2026-09-17 11:26:37 AM | analyzer.BatchedBancorMarketMaker_fix | Processed function onTransfer
[INFO] | 2026-09-17 11:26:37 AM | analyzer.BatchedBancorMarketMaker_fix | Generating return summary for onApprove
[INFO] | 2026-09-17 11:26:37 AM | analyzer.BatchedBancorMarketMaker_fix | Return summary generated for onApprove
[INFO] | 2026-09-17 11:26:37 AM | analyzer.BatchedBancorMarketMaker_fix | State variable assignement do not exist
[INFO] | 2026-09-17 11:26:37 AM | analyzer.BatchedBancorMarketMaker_fix | Processed function onApprove
[INFO] | 2026-09-17 11:26:37 AM | analyzer.BatchedBancorMarketMaker_fix | Generating return summary for isForwarder
[INFO] | 2026-09-17 11:26:37 AM | analyzer.BatchedBancorMarketMaker_fix | Return summary generated for isForwarder
[INFO] | 2026-09-17 11:26:37 AM | analyzer.BatchedBancorMarketMaker_fix | State variable assignement do not exist
[INFO] | 2026-09-17 11:26:37 AM | analyzer.BatchedBancorMarketMaker_fix | Processed function isForwarder
[INFO] | 2026-09-17 11:26:37 AM | analyzer.BatchedBancorMarketMaker_fix | Generating return summary for allowRecoverability
[INFO] | 2026-09-17 11:26:37 AM | analyzer.BatchedBancorMarketMaker_fix | Return summary generated for allowRecoverability
[INFO] | 2026-09-17 11:26:37 AM | analyzer.BatchedBancorMarketMaker_fix | State variable assignement do not exist
[INFO] | 2026-09-17 11:26:37 AM | analyzer.BatchedBancorMarketMaker_fix | Processed function allowRecoverability
[INFO] | 2026-09-17 11:26:37 AM | analyzer.BatchedBancorMarketMaker_fix | Generating return summary for onlyInit
[INFO] | 2026-09-17 11:26:37 AM | analyzer.BatchedBancorMarketMaker_fix | Return summary generated for onlyInit
[INFO] | 2026-09-17 11:26:37 AM | analyzer.BatchedBancorMarketMaker_fix | State variable assignement do not exist
[INFO] | 2026-09-17 11:26:37 AM | analyzer.BatchedBancorMarketMaker_fix | Processed function onlyInit
[INFO] | 2026-09-17 11:26:37 AM | analyzer.BatchedBancorMarketMaker_fix | Generating return summary for isInitialized
[INFO] | 2026-09-17 11:26:37 AM | analyzer.BatchedBancorMarketMaker_fix | Return summary generated for isInitialized
[INFO] | 2026-09-17 11:26:37 AM | analyzer.BatchedBancorMarketMaker_fix | State variable assignement do not exist
[INFO] | 2026-09-17 11:26:37 AM | analyzer.BatchedBancorMarketMaker_fix | Processed function isInitialized
[INFO] | 2026-09-17 11:26:37 AM | analyzer.BatchedBancorMarketMaker_fix | Generating return summary for protectState
[INFO] | 2026-09-17 11:26:37 AM | analyzer.BatchedBancorMarketMaker_fix | Return summary generated for protectState
[INFO] | 2026-09-17 11:26:37 AM | analyzer.BatchedBancorMarketMaker_fix | State variable assignement do not exist
[INFO] | 2026-09-17 11:26:37 AM | analyzer.BatchedBancorMarketMaker_fix | Processed function protectState
[INFO] | 2026-09-17 11:26:37 AM | analyzer.BatchedBancorMarketMaker_fix | Generating return summary for authP
[INFO] | 2026-09-17 11:26:37 AM | analyzer.BatchedBancorMarketMaker_fix | Return summary generated for authP
[INFO] | 2026-09-17 11:26:37 AM | analyzer.BatchedBancorMarketMaker_fix | State variable assignement do not exist
[INFO] | 2026-09-17 11:26:37 AM | analyzer.BatchedBancorMarketMaker_fix | Processed function authP
[INFO] | 2026-09-17 11:26:37 AM | analyzer.BatchedBancorMarketMaker_fix | Generating return summary for vestingExists
[INFO] | 2026-09-17 11:26:37 AM | analyzer.BatchedBancorMarketMaker_fix | Return summary generated for vestingExists
[INFO] | 2026-09-17 11:26:37 AM | analyzer.BatchedBancorMarketMaker_fix | State variable assignement do not exist
[INFO] | 2026-09-17 11:26:37 AM | analyzer.BatchedBancorMarketMaker_fix | Processed function vestingExists
[INFO] | 2026-09-17 11:26:37 AM | analyzer.BatchedBancorMarketMaker_fix | Generating return summary for onlyToken
[INFO] | 2026-09-17 11:26:37 AM | analyzer.BatchedBancorMarketMaker_fix | Return summary generated for onlyToken
[INFO] | 2026-09-17 11:26:37 AM | analyzer.BatchedBancorMarketMaker_fix | State variable assignement do not exist
[INFO] | 2026-09-17 11:26:37 AM | analyzer.BatchedBancorMarketMaker_fix | Processed function onlyToken
[INFO] | 2026-09-17 11:26:37 AM | analyzer.BatchedBancorMarketMaker_fix | Generating return summary for arr
[INFO] | 2026-09-17 11:26:37 AM | analyzer.BatchedBancorMarketMaker_fix | Return summary generated for arr
[INFO] | 2026-09-17 11:26:37 AM | analyzer.BatchedBancorMarketMaker_fix | State variable assignement do not exist
[INFO] | 2026-09-17 11:26:37 AM | analyzer.BatchedBancorMarketMaker_fix | Processed function arr
[INFO] | 2026-09-17 11:26:37 AM | analyzer.BatchedBancorMarketMaker_fix | Generating return summary for arr
[INFO] | 2026-09-17 11:26:37 AM | analyzer.BatchedBancorMarketMaker_fix | Return summary generated for arr
[INFO] | 2026-09-17 11:26:37 AM | analyzer.BatchedBancorMarketMaker_fix | State variable assignement do not exist
[INFO] | 2026-09-17 11:26:37 AM | analyzer.BatchedBancorMarketMaker_fix | Processed function arr
[INFO] | 2026-09-17 11:26:37 AM | analyzer.BatchedBancorMarketMaker_fix | Generating return summary for arr
[INFO] | 2026-09-17 11:26:37 AM | analyzer.BatchedBancorMarketMaker_fix | Return summary generated for arr
[INFO] | 2026-09-17 11:26:37 AM | analyzer.BatchedBancorMarketMaker_fix | State variable assignement do not exist
[INFO] | 2026-09-17 11:26:37 AM | analyzer.BatchedBancorMarketMaker_fix | Processed function arr
[INFO] | 2026-09-17 11:26:37 AM | analyzer.BatchedBancorMarketMaker_fix | Generating return summary for arr
[INFO] | 2026-09-17 11:26:37 AM | analyzer.BatchedBancorMarketMaker_fix | Return summary generated for arr
[INFO] | 2026-09-17 11:26:37 AM | analyzer.BatchedBancorMarketMaker_fix | State variable assignement do not exist
[INFO] | 2026-09-17 11:26:37 AM | analyzer.BatchedBancorMarketMaker_fix | Processed function arr
[INFO] | 2026-09-17 11:26:37 AM | analyzer.BatchedBancorMarketMaker_fix | Generating return summary for arr
[INFO] | 2026-09-17 11:26:37 AM | analyzer.BatchedBancorMarketMaker_fix | Return summary generated for arr
[INFO] | 2026-09-17 11:26:37 AM | analyzer.BatchedBancorMarketMaker_fix | State variable assignement do not exist
[INFO] | 2026-09-17 11:26:37 AM | analyzer.BatchedBancorMarketMaker_fix | Processed function arr
[INFO] | 2026-09-17 11:26:37 AM | analyzer.BatchedBancorMarketMaker_fix | Generating return summary for arr
[INFO] | 2026-09-17 11:26:37 AM | analyzer.BatchedBancorMarketMaker_fix | Return summary generated for arr
[INFO] | 2026-09-17 11:26:37 AM | analyzer.BatchedBancorMarketMaker_fix | State variable assignement do not exist
[INFO] | 2026-09-17 11:26:37 AM | analyzer.BatchedBancorMarketMaker_fix | Processed function arr
[INFO] | 2026-09-17 11:26:37 AM | analyzer.BatchedBancorMarketMaker_fix | Generating return summary for getBlockNumber
[INFO] | 2026-09-17 11:26:37 AM | analyzer.BatchedBancorMarketMaker_fix | Return summary generated for getBlockNumber
[INFO] | 2026-09-17 11:26:37 AM | analyzer.BatchedBancorMarketMaker_fix | State variable assignement do not exist
[INFO] | 2026-09-17 11:26:37 AM | analyzer.BatchedBancorMarketMaker_fix | Processed function getBlockNumber
[INFO] | 2026-09-17 11:26:37 AM | analyzer.BatchedBancorMarketMaker_fix | Generating return summary for getTimestamp
[INFO] | 2026-09-17 11:26:37 AM | analyzer.BatchedBancorMarketMaker_fix | Return summary generated for getTimestamp
[INFO] | 2026-09-17 11:26:37 AM | analyzer.BatchedBancorMarketMaker_fix | State variable assignement do not exist
[INFO] | 2026-09-17 11:26:37 AM | analyzer.BatchedBancorMarketMaker_fix | Processed function getTimestamp
[INFO] | 2026-09-17 11:26:37 AM | analyzer.BatchedBancorMarketMaker_fix | Generating return summary for isContract
[WARNING] | 2026-09-17 11:26:37 AM | analyzer.BatchedBancorMarketMaker_fix | Can there be this kind of variables
[INFO] | 2026-09-17 11:26:37 AM | analyzer.BatchedBancorMarketMaker_fix | Return summary generated for isContract
[INFO] | 2026-09-17 11:26:37 AM | analyzer.BatchedBancorMarketMaker_fix | State variable assignement do not exist
[INFO] | 2026-09-17 11:26:37 AM | analyzer.BatchedBancorMarketMaker_fix | Processed function isContract
[INFO] | 2026-09-17 11:26:37 AM | analyzer.BatchedBancorMarketMaker_fix | Generating return summary for transferToVault
[INFO] | 2026-09-17 11:26:37 AM | analyzer.BatchedBancorMarketMaker_fix | Return summary generated for transferToVault
[INFO] | 2026-09-17 11:26:37 AM | analyzer.BatchedBancorMarketMaker_fix | State variable assignement do not exist
[INFO] | 2026-09-17 11:26:37 AM | analyzer.BatchedBancorMarketMaker_fix | Processed function transferToVault
[INFO] | 2026-09-17 11:26:37 AM | analyzer.BatchedBancorMarketMaker_fix | Generating return summary for allowRecoverability
[INFO] | 2026-09-17 11:26:37 AM | analyzer.BatchedBancorMarketMaker_fix | Return summary generated for allowRecoverability
[INFO] | 2026-09-17 11:26:37 AM | analyzer.BatchedBancorMarketMaker_fix | State variable assignement do not exist
[INFO] | 2026-09-17 11:26:37 AM | analyzer.BatchedBancorMarketMaker_fix | Processed function allowRecoverability
[INFO] | 2026-09-17 11:26:37 AM | analyzer.BatchedBancorMarketMaker_fix | Generating return summary for getRecoveryVault
[INFO] | 2026-09-17 11:26:37 AM | analyzer.BatchedBancorMarketMaker_fix | Return summary generated for getRecoveryVault
[INFO] | 2026-09-17 11:26:37 AM | analyzer.BatchedBancorMarketMaker_fix | State variable assignement do not exist
[INFO] | 2026-09-17 11:26:37 AM | analyzer.BatchedBancorMarketMaker_fix | Processed function getRecoveryVault
[INFO] | 2026-09-17 11:26:37 AM | analyzer.BatchedBancorMarketMaker_fix | Generating return summary for allowRecoverability
[INFO] | 2026-09-17 11:26:37 AM | analyzer.BatchedBancorMarketMaker_fix | Return summary generated for allowRecoverability
[INFO] | 2026-09-17 11:26:37 AM | analyzer.BatchedBancorMarketMaker_fix | State variable assignement do not exist
[INFO] | 2026-09-17 11:26:37 AM | analyzer.BatchedBancorMarketMaker_fix | Processed function allowRecoverability
[INFO] | 2026-09-17 11:26:37 AM | analyzer.BatchedBancorMarketMaker_fix | Generating return summary for getRecoveryVault
[INFO] | 2026-09-17 11:26:37 AM | analyzer.BatchedBancorMarketMaker_fix | Return summary generated for getRecoveryVault
[INFO] | 2026-09-17 11:26:37 AM | analyzer.BatchedBancorMarketMaker_fix | State variable assignement do not exist
[INFO] | 2026-09-17 11:26:37 AM | analyzer.BatchedBancorMarketMaker_fix | Processed function getRecoveryVault
[INFO] | 2026-09-17 11:26:37 AM | analyzer.BatchedBancorMarketMaker_fix | Generating return summary for allowRecoverability
[INFO] | 2026-09-17 11:26:37 AM | analyzer.BatchedBancorMarketMaker_fix | Return summary generated for allowRecoverability
[INFO] | 2026-09-17 11:26:37 AM | analyzer.BatchedBancorMarketMaker_fix | State variable assignement do not exist
[INFO] | 2026-09-17 11:26:37 AM | analyzer.BatchedBancorMarketMaker_fix | Processed function allowRecoverability
[INFO] | 2026-09-17 11:26:37 AM | analyzer.BatchedBancorMarketMaker_fix | Generating return summary for onlyInit
[INFO] | 2026-09-17 11:26:37 AM | analyzer.BatchedBancorMarketMaker_fix | Return summary generated for onlyInit
[INFO] | 2026-09-17 11:26:37 AM | analyzer.BatchedBancorMarketMaker_fix | State variable assignement do not exist
[INFO] | 2026-09-17 11:26:37 AM | analyzer.BatchedBancorMarketMaker_fix | Processed function onlyInit
[INFO] | 2026-09-17 11:26:37 AM | analyzer.BatchedBancorMarketMaker_fix | Generating return summary for protectState
[INFO] | 2026-09-17 11:26:37 AM | analyzer.BatchedBancorMarketMaker_fix | Return summary generated for protectState
[INFO] | 2026-09-17 11:26:37 AM | analyzer.BatchedBancorMarketMaker_fix | State variable assignement do not exist
[INFO] | 2026-09-17 11:26:37 AM | analyzer.BatchedBancorMarketMaker_fix | Processed function protectState
[INFO] | 2026-09-17 11:26:37 AM | analyzer.BatchedBancorMarketMaker_fix | Generating return summary for isInitialized
[INFO] | 2026-09-17 11:26:37 AM | analyzer.BatchedBancorMarketMaker_fix | Return summary generated for isInitialized
[INFO] | 2026-09-17 11:26:37 AM | analyzer.BatchedBancorMarketMaker_fix | State variable assignement do not exist
[INFO] | 2026-09-17 11:26:37 AM | analyzer.BatchedBancorMarketMaker_fix | Processed function isInitialized
[INFO] | 2026-09-17 11:26:37 AM | analyzer.BatchedBancorMarketMaker_fix | Generating return summary for authP
[INFO] | 2026-09-17 11:26:37 AM | analyzer.BatchedBancorMarketMaker_fix | Return summary generated for authP
[INFO] | 2026-09-17 11:26:37 AM | analyzer.BatchedBancorMarketMaker_fix | State variable assignement do not exist
[INFO] | 2026-09-17 11:26:37 AM | analyzer.BatchedBancorMarketMaker_fix | Processed function authP
[INFO] | 2026-09-17 11:26:37 AM | analyzer.BatchedBancorMarketMaker_fix | Generating return summary for calculatePurchaseReturn
[INFO] | 2026-09-17 11:26:37 AM | analyzer.BatchedBancorMarketMaker_fix | Return summary generated for calculatePurchaseReturn
[INFO] | 2026-09-17 11:26:37 AM | analyzer.BatchedBancorMarketMaker_fix | State variable assignement do not exist
[INFO] | 2026-09-17 11:26:37 AM | analyzer.BatchedBancorMarketMaker_fix | Processed function calculatePurchaseReturn
[INFO] | 2026-09-17 11:26:37 AM | analyzer.BatchedBancorMarketMaker_fix | Generating return summary for calculateSaleReturn
[INFO] | 2026-09-17 11:26:37 AM | analyzer.BatchedBancorMarketMaker_fix | Return summary generated for calculateSaleReturn
[INFO] | 2026-09-17 11:26:37 AM | analyzer.BatchedBancorMarketMaker_fix | State variable assignement do not exist
[INFO] | 2026-09-17 11:26:37 AM | analyzer.BatchedBancorMarketMaker_fix | Processed function calculateSaleReturn
[INFO] | 2026-09-17 11:26:37 AM | analyzer.BatchedBancorMarketMaker_fix | Generating return summary for calculateCrossConnectorReturn
[INFO] | 2026-09-17 11:26:37 AM | analyzer.BatchedBancorMarketMaker_fix | Return summary generated for calculateCrossConnectorReturn
[INFO] | 2026-09-17 11:26:37 AM | analyzer.BatchedBancorMarketMaker_fix | State variable assignement do not exist
[INFO] | 2026-09-17 11:26:37 AM | analyzer.BatchedBancorMarketMaker_fix | Processed function calculateCrossConnectorReturn
[INFO] | 2026-09-17 11:26:37 AM | analyzer.BatchedBancorMarketMaker_fix | Generating return summary for constructor
[INFO] | 2026-09-17 11:26:37 AM | analyzer.BatchedBancorMarketMaker_fix | Return summary generated for constructor
[INFO] | 2026-09-17 11:26:37 AM | analyzer.BatchedBancorMarketMaker_fix | State variable assignement do not exist
[INFO] | 2026-09-17 11:26:37 AM | analyzer.BatchedBancorMarketMaker_fix | Processed function constructor
[INFO] | 2026-09-17 11:26:37 AM | analyzer.BatchedBancorMarketMaker_fix | Generating return summary for constructor
[INFO] | 2026-09-17 11:26:37 AM | analyzer.BatchedBancorMarketMaker_fix | Return summary generated for constructor
[INFO] | 2026-09-17 11:26:37 AM | analyzer.BatchedBancorMarketMaker_fix | State variable assignement do not exist
[INFO] | 2026-09-17 11:26:37 AM | analyzer.BatchedBancorMarketMaker_fix | Processed function constructor
[INFO] | 2026-09-17 11:26:37 AM | analyzer.BatchedBancorMarketMaker_fix | Generating return summary for calculatePurchaseReturn
[INFO] | 2026-09-17 11:26:37 AM | analyzer.BatchedBancorMarketMaker_fix | Return summary generated for calculatePurchaseReturn
[INFO] | 2026-09-17 11:26:37 AM | analyzer.BatchedBancorMarketMaker_fix | State variable assignement do not exist
[INFO] | 2026-09-17 11:26:37 AM | analyzer.BatchedBancorMarketMaker_fix | Processed function calculatePurchaseReturn
[INFO] | 2026-09-17 11:26:37 AM | analyzer.BatchedBancorMarketMaker_fix | Generating return summary for calculateSaleReturn
[INFO] | 2026-09-17 11:26:37 AM | analyzer.BatchedBancorMarketMaker_fix | Return summary generated for calculateSaleReturn
[INFO] | 2026-09-17 11:26:37 AM | analyzer.BatchedBancorMarketMaker_fix | State variable assignement do not exist
[INFO] | 2026-09-17 11:26:37 AM | analyzer.BatchedBancorMarketMaker_fix | Processed function calculateSaleReturn
[INFO] | 2026-09-17 11:26:37 AM | analyzer.BatchedBancorMarketMaker_fix | Generating return summary for calculateCrossConnectorReturn
[INFO] | 2026-09-17 11:26:37 AM | analyzer.BatchedBancorMarketMaker_fix | Return summary generated for calculateCrossConnectorReturn
[INFO] | 2026-09-17 11:26:37 AM | analyzer.BatchedBancorMarketMaker_fix | State variable assignement do not exist
[INFO] | 2026-09-17 11:26:37 AM | analyzer.BatchedBancorMarketMaker_fix | Processed function calculateCrossConnectorReturn
[INFO] | 2026-09-17 11:26:37 AM | analyzer.BatchedBancorMarketMaker_fix | Generating return summary for constructor
[INFO] | 2026-09-17 11:26:37 AM | analyzer.BatchedBancorMarketMaker_fix | Return summary generated for constructor
[INFO] | 2026-09-17 11:26:37 AM | analyzer.BatchedBancorMarketMaker_fix | Range graph generated
[INFO] | 2026-09-17 11:26:37 AM | analyzer.BatchedBancorMarketMaker_fix | Processed function constructor
[INFO] | 2026-09-17 11:26:37 AM | analyzer.BatchedBancorMarketMaker_fix | Generating return summary for floorLog2
[INFO] | 2026-09-17 11:26:37 AM | analyzer.BatchedBancorMarketMaker_fix | Return summary generated for floorLog2
[INFO] | 2026-09-17 11:26:37 AM | analyzer.BatchedBancorMarketMaker_fix | State variable assignement do not exist
[INFO] | 2026-09-17 11:26:37 AM | analyzer.BatchedBancorMarketMaker_fix | Processed function floorLog2
[INFO] | 2026-09-17 11:26:37 AM | analyzer.BatchedBancorMarketMaker_fix | Generating return summary for findPositionInMaxExpArray
[INFO] | 2026-09-17 11:26:37 AM | analyzer.BatchedBancorMarketMaker_fix | Return summary generated for findPositionInMaxExpArray
[INFO] | 2026-09-17 11:26:37 AM | analyzer.BatchedBancorMarketMaker_fix | State variable assignement do not exist
[INFO] | 2026-09-17 11:26:37 AM | analyzer.BatchedBancorMarketMaker_fix | Processed function findPositionInMaxExpArray
[INFO] | 2026-09-17 11:26:37 AM | analyzer.BatchedBancorMarketMaker_fix | Generating return summary for generalExp
[INFO] | 2026-09-17 11:26:37 AM | analyzer.BatchedBancorMarketMaker_fix | Return summary generated for generalExp
[INFO] | 2026-09-17 11:26:37 AM | analyzer.BatchedBancorMarketMaker_fix | State variable assignement do not exist
[INFO] | 2026-09-17 11:26:37 AM | analyzer.BatchedBancorMarketMaker_fix | Processed function generalExp
[INFO] | 2026-09-17 11:26:37 AM | analyzer.BatchedBancorMarketMaker_fix | Generating return summary for optimalLog
[INFO] | 2026-09-17 11:26:37 AM | analyzer.BatchedBancorMarketMaker_fix | Return summary generated for optimalLog
[INFO] | 2026-09-17 11:26:37 AM | analyzer.BatchedBancorMarketMaker_fix | State variable assignement do not exist
[INFO] | 2026-09-17 11:26:37 AM | analyzer.BatchedBancorMarketMaker_fix | Processed function optimalLog
[INFO] | 2026-09-17 11:26:37 AM | analyzer.BatchedBancorMarketMaker_fix | Generating return summary for optimalExp
[INFO] | 2026-09-17 11:26:37 AM | analyzer.BatchedBancorMarketMaker_fix | Return summary generated for optimalExp
[INFO] | 2026-09-17 11:26:37 AM | analyzer.BatchedBancorMarketMaker_fix | State variable assignement do not exist
[INFO] | 2026-09-17 11:26:37 AM | analyzer.BatchedBancorMarketMaker_fix | Processed function optimalExp
[INFO] | 2026-09-17 11:26:37 AM | analyzer.BatchedBancorMarketMaker_fix | Generating return summary for slitherConstructorVariables
[INFO] | 2026-09-17 11:26:37 AM | analyzer.BatchedBancorMarketMaker_fix | Return summary generated for slitherConstructorVariables
[INFO] | 2026-09-17 11:26:37 AM | analyzer.BatchedBancorMarketMaker_fix | Range graph generated
[INFO] | 2026-09-17 11:26:37 AM | analyzer.BatchedBancorMarketMaker_fix | Processed function slitherConstructorVariables
[INFO] | 2026-09-17 11:26:37 AM | analyzer.BatchedBancorMarketMaker_fix | Generating return summary for openTrading
[INFO] | 2026-09-17 11:26:37 AM | analyzer.BatchedBancorMarketMaker_fix | Return summary generated for openTrading
[INFO] | 2026-09-17 11:26:37 AM | analyzer.BatchedBancorMarketMaker_fix | State variable assignement do not exist
[INFO] | 2026-09-17 11:26:37 AM | analyzer.BatchedBancorMarketMaker_fix | Processed function openTrading
[INFO] | 2026-09-17 11:26:37 AM | analyzer.BatchedBancorMarketMaker_fix | Generating return summary for updateTappedAmount
[INFO] | 2026-09-17 11:26:37 AM | analyzer.BatchedBancorMarketMaker_fix | Return summary generated for updateTappedAmount
[INFO] | 2026-09-17 11:26:37 AM | analyzer.BatchedBancorMarketMaker_fix | State variable assignement do not exist
[INFO] | 2026-09-17 11:26:37 AM | analyzer.BatchedBancorMarketMaker_fix | Processed function updateTappedAmount
[INFO] | 2026-09-17 11:26:37 AM | analyzer.BatchedBancorMarketMaker_fix | Generating return summary for collateralsToBeClaimed
[INFO] | 2026-09-17 11:26:37 AM | analyzer.BatchedBancorMarketMaker_fix | Return summary generated for collateralsToBeClaimed
[INFO] | 2026-09-17 11:26:38 AM | analyzer.BatchedBancorMarketMaker_fix | State variable assignement do not exist
[INFO] | 2026-09-17 11:26:38 AM | analyzer.BatchedBancorMarketMaker_fix | Processed function collateralsToBeClaimed
[INFO] | 2026-09-17 11:26:38 AM | analyzer.BatchedBancorMarketMaker_fix | Generating return summary for balanceOf
[INFO] | 2026-09-17 11:26:38 AM | analyzer.BatchedBancorMarketMaker_fix | Return summary generated for balanceOf
[INFO] | 2026-09-17 11:26:38 AM | analyzer.BatchedBancorMarketMaker_fix | State variable assignement do not exist
[INFO] | 2026-09-17 11:26:38 AM | analyzer.BatchedBancorMarketMaker_fix | Processed function balanceOf
[INFO] | 2026-09-17 11:26:38 AM | analyzer.BatchedBancorMarketMaker_fix | Generating return summary for arr
[INFO] | 2026-09-17 11:26:38 AM | analyzer.BatchedBancorMarketMaker_fix | Return summary generated for arr
[INFO] | 2026-09-17 11:26:38 AM | analyzer.BatchedBancorMarketMaker_fix | State variable assignement do not exist
[INFO] | 2026-09-17 11:26:38 AM | analyzer.BatchedBancorMarketMaker_fix | Processed function arr
[INFO] | 2026-09-17 11:26:38 AM | analyzer.BatchedBancorMarketMaker_fix | Generating return summary for arr
[INFO] | 2026-09-17 11:26:38 AM | analyzer.BatchedBancorMarketMaker_fix | Return summary generated for arr
[INFO] | 2026-09-17 11:26:38 AM | analyzer.BatchedBancorMarketMaker_fix | State variable assignement do not exist
[INFO] | 2026-09-17 11:26:38 AM | analyzer.BatchedBancorMarketMaker_fix | Processed function arr
[INFO] | 2026-09-17 11:26:38 AM | analyzer.BatchedBancorMarketMaker_fix | Generating return summary for arr
[INFO] | 2026-09-17 11:26:38 AM | analyzer.BatchedBancorMarketMaker_fix | Return summary generated for arr
[INFO] | 2026-09-17 11:26:38 AM | analyzer.BatchedBancorMarketMaker_fix | State variable assignement do not exist
[INFO] | 2026-09-17 11:26:38 AM | analyzer.BatchedBancorMarketMaker_fix | Processed function arr
[INFO] | 2026-09-17 11:26:38 AM | analyzer.BatchedBancorMarketMaker_fix | Generating return summary for arr
[INFO] | 2026-09-17 11:26:38 AM | analyzer.BatchedBancorMarketMaker_fix | Return summary generated for arr
[INFO] | 2026-09-17 11:26:38 AM | analyzer.BatchedBancorMarketMaker_fix | State variable assignement do not exist
[INFO] | 2026-09-17 11:26:38 AM | analyzer.BatchedBancorMarketMaker_fix | Processed function arr
[INFO] | 2026-09-17 11:26:38 AM | analyzer.BatchedBancorMarketMaker_fix | Generating return summary for arr
[INFO] | 2026-09-17 11:26:38 AM | analyzer.BatchedBancorMarketMaker_fix | Return summary generated for arr
[INFO] | 2026-09-17 11:26:38 AM | analyzer.BatchedBancorMarketMaker_fix | State variable assignement do not exist
[INFO] | 2026-09-17 11:26:38 AM | analyzer.BatchedBancorMarketMaker_fix | Processed function arr
[INFO] | 2026-09-17 11:26:38 AM | analyzer.BatchedBancorMarketMaker_fix | Generating return summary for arr
[INFO] | 2026-09-17 11:26:38 AM | analyzer.BatchedBancorMarketMaker_fix | Return summary generated for arr
[INFO] | 2026-09-17 11:26:38 AM | analyzer.BatchedBancorMarketMaker_fix | State variable assignement do not exist
[INFO] | 2026-09-17 11:26:38 AM | analyzer.BatchedBancorMarketMaker_fix | Processed function arr
[INFO] | 2026-09-17 11:26:38 AM | analyzer.BatchedBancorMarketMaker_fix | Generating return summary for getBlockNumber
[INFO] | 2026-09-17 11:26:38 AM | analyzer.BatchedBancorMarketMaker_fix | Return summary generated for getBlockNumber
[INFO] | 2026-09-17 11:26:38 AM | analyzer.BatchedBancorMarketMaker_fix | State variable assignement do not exist
[INFO] | 2026-09-17 11:26:38 AM | analyzer.BatchedBancorMarketMaker_fix | Processed function getBlockNumber
[INFO] | 2026-09-17 11:26:38 AM | analyzer.BatchedBancorMarketMaker_fix | Generating return summary for getTimestamp
[INFO] | 2026-09-17 11:26:38 AM | analyzer.BatchedBancorMarketMaker_fix | Return summary generated for getTimestamp
[INFO] | 2026-09-17 11:26:38 AM | analyzer.BatchedBancorMarketMaker_fix | State variable assignement do not exist
[INFO] | 2026-09-17 11:26:38 AM | analyzer.BatchedBancorMarketMaker_fix | Processed function getTimestamp
[INFO] | 2026-09-17 11:26:38 AM | analyzer.BatchedBancorMarketMaker_fix | Generating return summary for isContract
[WARNING] | 2026-09-17 11:26:38 AM | analyzer.BatchedBancorMarketMaker_fix | Can there be this kind of variables
[INFO] | 2026-09-17 11:26:38 AM | analyzer.BatchedBancorMarketMaker_fix | Return summary generated for isContract
[INFO] | 2026-09-17 11:26:38 AM | analyzer.BatchedBancorMarketMaker_fix | State variable assignement do not exist
[INFO] | 2026-09-17 11:26:38 AM | analyzer.BatchedBancorMarketMaker_fix | Processed function isContract
[INFO] | 2026-09-17 11:26:38 AM | analyzer.BatchedBancorMarketMaker_fix | Generating return summary for transferToVault
[INFO] | 2026-09-17 11:26:38 AM | analyzer.BatchedBancorMarketMaker_fix | Return summary generated for transferToVault
[INFO] | 2026-09-17 11:26:38 AM | analyzer.BatchedBancorMarketMaker_fix | State variable assignement do not exist
[INFO] | 2026-09-17 11:26:38 AM | analyzer.BatchedBancorMarketMaker_fix | Processed function transferToVault
[INFO] | 2026-09-17 11:26:38 AM | analyzer.BatchedBancorMarketMaker_fix | Generating return summary for allowRecoverability
[INFO] | 2026-09-17 11:26:38 AM | analyzer.BatchedBancorMarketMaker_fix | Return summary generated for allowRecoverability
[INFO] | 2026-09-17 11:26:38 AM | analyzer.BatchedBancorMarketMaker_fix | State variable assignement do not exist
[INFO] | 2026-09-17 11:26:38 AM | analyzer.BatchedBancorMarketMaker_fix | Processed function allowRecoverability
[INFO] | 2026-09-17 11:26:38 AM | analyzer.BatchedBancorMarketMaker_fix | Generating return summary for getRecoveryVault
[INFO] | 2026-09-17 11:26:38 AM | analyzer.BatchedBancorMarketMaker_fix | Return summary generated for getRecoveryVault
[INFO] | 2026-09-17 11:26:38 AM | analyzer.BatchedBancorMarketMaker_fix | State variable assignement do not exist
[INFO] | 2026-09-17 11:26:38 AM | analyzer.BatchedBancorMarketMaker_fix | Processed function getRecoveryVault
[INFO] | 2026-09-17 11:26:38 AM | analyzer.BatchedBancorMarketMaker_fix | Generating return summary for allowRecoverability
[INFO] | 2026-09-17 11:26:38 AM | analyzer.BatchedBancorMarketMaker_fix | Return summary generated for allowRecoverability
[INFO] | 2026-09-17 11:26:38 AM | analyzer.BatchedBancorMarketMaker_fix | State variable assignement do not exist
[INFO] | 2026-09-17 11:26:38 AM | analyzer.BatchedBancorMarketMaker_fix | Processed function allowRecoverability
[INFO] | 2026-09-17 11:26:38 AM | analyzer.BatchedBancorMarketMaker_fix | Generating return summary for getRecoveryVault
[INFO] | 2026-09-17 11:26:38 AM | analyzer.BatchedBancorMarketMaker_fix | Return summary generated for getRecoveryVault
[INFO] | 2026-09-17 11:26:38 AM | analyzer.BatchedBancorMarketMaker_fix | State variable assignement do not exist
[INFO] | 2026-09-17 11:26:38 AM | analyzer.BatchedBancorMarketMaker_fix | Processed function getRecoveryVault
[INFO] | 2026-09-17 11:26:38 AM | analyzer.BatchedBancorMarketMaker_fix | Generating return summary for _beneficiaryIsValid
[INFO] | 2026-09-17 11:26:38 AM | analyzer.BatchedBancorMarketMaker_fix | Return summary generated for _beneficiaryIsValid
[INFO] | 2026-09-17 11:26:38 AM | analyzer.BatchedBancorMarketMaker_fix | State variable assignement do not exist
[INFO] | 2026-09-17 11:26:38 AM | analyzer.BatchedBancorMarketMaker_fix | Processed function _beneficiaryIsValid
[INFO] | 2026-09-17 11:26:38 AM | analyzer.BatchedBancorMarketMaker_fix | Generating return summary for _feeIsValid
[INFO] | 2026-09-17 11:26:38 AM | analyzer.BatchedBancorMarketMaker_fix | Return summary generated for _feeIsValid
[INFO] | 2026-09-17 11:26:38 AM | analyzer.BatchedBancorMarketMaker_fix | State variable assignement do not exist
[INFO] | 2026-09-17 11:26:38 AM | analyzer.BatchedBancorMarketMaker_fix | Processed function _feeIsValid
[INFO] | 2026-09-17 11:26:38 AM | analyzer.BatchedBancorMarketMaker_fix | Generating return summary for _reserveRatioIsValid
[INFO] | 2026-09-17 11:26:38 AM | analyzer.BatchedBancorMarketMaker_fix | Return summary generated for _reserveRatioIsValid
[INFO] | 2026-09-17 11:26:38 AM | analyzer.BatchedBancorMarketMaker_fix | State variable assignement do not exist
[INFO] | 2026-09-17 11:26:38 AM | analyzer.BatchedBancorMarketMaker_fix | Processed function _reserveRatioIsValid
[INFO] | 2026-09-17 11:26:38 AM | analyzer.BatchedBancorMarketMaker_fix | Generating return summary for _collateralIsWhitelisted
[INFO] | 2026-09-17 11:26:38 AM | analyzer.BatchedBancorMarketMaker_fix | Return summary generated for _collateralIsWhitelisted
[INFO] | 2026-09-17 11:26:38 AM | analyzer.BatchedBancorMarketMaker_fix | State variable assignement do not exist
[INFO] | 2026-09-17 11:26:38 AM | analyzer.BatchedBancorMarketMaker_fix | Processed function _collateralIsWhitelisted
[INFO] | 2026-09-17 11:26:38 AM | analyzer.BatchedBancorMarketMaker_fix | Generating return summary for _batchIsCancelled
[INFO] | 2026-09-17 11:26:38 AM | analyzer.BatchedBancorMarketMaker_fix | Return summary generated for _batchIsCancelled
[INFO] | 2026-09-17 11:26:38 AM | analyzer.BatchedBancorMarketMaker_fix | State variable assignement do not exist
[INFO] | 2026-09-17 11:26:38 AM | analyzer.BatchedBancorMarketMaker_fix | Processed function _batchIsCancelled
[INFO] | 2026-09-17 11:26:38 AM | analyzer.BatchedBancorMarketMaker_fix | Generating return summary for _userIsBuyer
[INFO] | 2026-09-17 11:26:38 AM | analyzer.BatchedBancorMarketMaker_fix | Return summary generated for _userIsBuyer
[INFO] | 2026-09-17 11:26:38 AM | analyzer.BatchedBancorMarketMaker_fix | State variable assignement do not exist
[INFO] | 2026-09-17 11:26:38 AM | analyzer.BatchedBancorMarketMaker_fix | Processed function _userIsBuyer
[INFO] | 2026-09-17 11:26:38 AM | analyzer.BatchedBancorMarketMaker_fix | Generating return summary for _userIsSeller
[INFO] | 2026-09-17 11:26:38 AM | analyzer.BatchedBancorMarketMaker_fix | Return summary generated for _userIsSeller
[INFO] | 2026-09-17 11:26:38 AM | analyzer.BatchedBancorMarketMaker_fix | State variable assignement do not exist
[INFO] | 2026-09-17 11:26:38 AM | analyzer.BatchedBancorMarketMaker_fix | Processed function _userIsSeller
[INFO] | 2026-09-17 11:26:38 AM | analyzer.BatchedBancorMarketMaker_fix | Generating return summary for _open
[INFO] | 2026-09-17 11:26:38 AM | analyzer.BatchedBancorMarketMaker_fix | Return summary generated for _open
[INFO] | 2026-09-17 11:26:38 AM | analyzer.BatchedBancorMarketMaker_fix | Range graph generated
[INFO] | 2026-09-17 11:26:38 AM | analyzer.BatchedBancorMarketMaker_fix | Processed function _open
[INFO] | 2026-09-17 11:26:38 AM | analyzer.BatchedBancorMarketMaker_fix | Generating return summary for _updateBeneficiary
[INFO] | 2026-09-17 11:26:38 AM | analyzer.BatchedBancorMarketMaker_fix | Return summary generated for _updateBeneficiary
[INFO] | 2026-09-17 11:26:38 AM | analyzer.BatchedBancorMarketMaker_fix | Range graph generated
[INFO] | 2026-09-17 11:26:38 AM | analyzer.BatchedBancorMarketMaker_fix | Processed function _updateBeneficiary
[INFO] | 2026-09-17 11:26:38 AM | analyzer.BatchedBancorMarketMaker_fix | Generating return summary for _updateFormula
[INFO] | 2026-09-17 11:26:38 AM | analyzer.BatchedBancorMarketMaker_fix | Return summary generated for _updateFormula
[INFO] | 2026-09-17 11:26:38 AM | analyzer.BatchedBancorMarketMaker_fix | Range graph generated
[INFO] | 2026-09-17 11:26:38 AM | analyzer.BatchedBancorMarketMaker_fix | Processed function _updateFormula
[INFO] | 2026-09-17 11:26:38 AM | analyzer.BatchedBancorMarketMaker_fix | Generating return summary for _updateFees
[INFO] | 2026-09-17 11:26:38 AM | analyzer.BatchedBancorMarketMaker_fix | Return summary generated for _updateFees
[INFO] | 2026-09-17 11:26:38 AM | analyzer.BatchedBancorMarketMaker_fix | Range graph generated
[INFO] | 2026-09-17 11:26:38 AM | analyzer.BatchedBancorMarketMaker_fix | Processed function _updateFees
[INFO] | 2026-09-17 11:26:38 AM | analyzer.BatchedBancorMarketMaker_fix | Generating return summary for _addCollateralToken
[INFO] | 2026-09-17 11:26:38 AM | analyzer.BatchedBancorMarketMaker_fix | Return summary generated for _addCollateralToken
[INFO] | 2026-09-17 11:26:38 AM | analyzer.BatchedBancorMarketMaker_fix | Range graph generated
[INFO] | 2026-09-17 11:26:38 AM | analyzer.BatchedBancorMarketMaker_fix | Processed function _addCollateralToken
[INFO] | 2026-09-17 11:26:38 AM | analyzer.BatchedBancorMarketMaker_fix | Generating return summary for _updateCollateralToken
[INFO] | 2026-09-17 11:26:38 AM | analyzer.BatchedBancorMarketMaker_fix | Return summary generated for _updateCollateralToken
[INFO] | 2026-09-17 11:26:38 AM | analyzer.BatchedBancorMarketMaker_fix | Range graph generated
[INFO] | 2026-09-17 11:26:38 AM | analyzer.BatchedBancorMarketMaker_fix | Processed function _updateCollateralToken
[INFO] | 2026-09-17 11:26:38 AM | analyzer.BatchedBancorMarketMaker_fix | Generating return summary for onlyInit
[INFO] | 2026-09-17 11:26:38 AM | analyzer.BatchedBancorMarketMaker_fix | Return summary generated for onlyInit
[INFO] | 2026-09-17 11:26:38 AM | analyzer.BatchedBancorMarketMaker_fix | State variable assignement do not exist
[INFO] | 2026-09-17 11:26:38 AM | analyzer.BatchedBancorMarketMaker_fix | Processed function onlyInit
[INFO] | 2026-09-17 11:26:38 AM | analyzer.BatchedBancorMarketMaker_fix | Generating return summary for isInitialized
[INFO] | 2026-09-17 11:26:38 AM | analyzer.BatchedBancorMarketMaker_fix | Return summary generated for isInitialized
[INFO] | 2026-09-17 11:26:38 AM | analyzer.BatchedBancorMarketMaker_fix | State variable assignement do not exist
[INFO] | 2026-09-17 11:26:38 AM | analyzer.BatchedBancorMarketMaker_fix | Processed function isInitialized
[INFO] | 2026-09-17 11:26:38 AM | analyzer.BatchedBancorMarketMaker_fix | Generating return summary for protectState
[INFO] | 2026-09-17 11:26:38 AM | analyzer.BatchedBancorMarketMaker_fix | Return summary generated for protectState
[INFO] | 2026-09-17 11:26:38 AM | analyzer.BatchedBancorMarketMaker_fix | State variable assignement do not exist
[INFO] | 2026-09-17 11:26:38 AM | analyzer.BatchedBancorMarketMaker_fix | Processed function protectState
[INFO] | 2026-09-17 11:26:38 AM | analyzer.BatchedBancorMarketMaker_fix | Generating return summary for auth
[INFO] | 2026-09-17 11:26:38 AM | analyzer.BatchedBancorMarketMaker_fix | Return summary generated for auth
[INFO] | 2026-09-17 11:26:38 AM | analyzer.BatchedBancorMarketMaker_fix | State variable assignement do not exist
[INFO] | 2026-09-17 11:26:38 AM | analyzer.BatchedBancorMarketMaker_fix | Processed function auth
[INFO] | 2026-09-17 11:26:38 AM | analyzer.BatchedBancorMarketMaker_fix | Generating return summary for nonReentrant
[INFO] | 2026-09-17 11:26:38 AM | analyzer.BatchedBancorMarketMaker_fix | Return summary generated for nonReentrant
[INFO] | 2026-09-17 11:26:38 AM | analyzer.BatchedBancorMarketMaker_fix | State variable assignement do not exist
[INFO] | 2026-09-17 11:26:38 AM | analyzer.BatchedBancorMarketMaker_fix | Processed function nonReentrant
[INFO] | 2026-09-17 11:26:38 AM | analyzer.BatchedBancorMarketMaker_fix | Generating return summary for isDepositable
[INFO] | 2026-09-17 11:26:38 AM | analyzer.BatchedBancorMarketMaker_fix | Generating return summary for getStorageBool
[INFO] | 2026-09-17 11:26:38 AM | analyzer.BatchedBancorMarketMaker_fix | Return summary generated for getStorageBool
[INFO] | 2026-09-17 11:26:38 AM | analyzer.BatchedBancorMarketMaker_fix | Return summary generated for isDepositable
[INFO] | 2026-09-17 11:26:38 AM | analyzer.BatchedBancorMarketMaker_fix | State variable assignement do not exist
[INFO] | 2026-09-17 11:26:38 AM | analyzer.BatchedBancorMarketMaker_fix | Processed function isDepositable
[INFO] | 2026-09-17 11:26:38 AM | analyzer.BatchedBancorMarketMaker_fix | Generating return summary for isDepositable
[INFO] | 2026-09-17 11:26:38 AM | analyzer.BatchedBancorMarketMaker_fix | Generating return summary for getStorageBool
[INFO] | 2026-09-17 11:26:38 AM | analyzer.BatchedBancorMarketMaker_fix | Return summary generated for getStorageBool
[INFO] | 2026-09-17 11:26:38 AM | analyzer.BatchedBancorMarketMaker_fix | Return summary generated for isDepositable
[INFO] | 2026-09-17 11:26:38 AM | analyzer.BatchedBancorMarketMaker_fix | State variable assignement do not exist
[INFO] | 2026-09-17 11:26:38 AM | analyzer.BatchedBancorMarketMaker_fix | Processed function isDepositable
[INFO] | 2026-09-17 11:26:38 AM | analyzer.BatchedBancorMarketMaker_fix | Generating return summary for kernel
[INFO] | 2026-09-17 11:26:38 AM | analyzer.BatchedBancorMarketMaker_fix | Generating return summary for getStorageAddress
[INFO] | 2026-09-17 11:26:38 AM | analyzer.BatchedBancorMarketMaker_fix | Return summary generated for getStorageAddress
[INFO] | 2026-09-17 11:26:38 AM | analyzer.BatchedBancorMarketMaker_fix | Return summary generated for kernel
[INFO] | 2026-09-17 11:26:38 AM | analyzer.BatchedBancorMarketMaker_fix | State variable assignement do not exist
[INFO] | 2026-09-17 11:26:38 AM | analyzer.BatchedBancorMarketMaker_fix | Processed function kernel
[INFO] | 2026-09-17 11:26:38 AM | analyzer.BatchedBancorMarketMaker_fix | Generating return summary for kernel
[INFO] | 2026-09-17 11:26:38 AM | analyzer.BatchedBancorMarketMaker_fix | Generating return summary for getStorageAddress
[INFO] | 2026-09-17 11:26:38 AM | analyzer.BatchedBancorMarketMaker_fix | Return summary generated for getStorageAddress
[INFO] | 2026-09-17 11:26:38 AM | analyzer.BatchedBancorMarketMaker_fix | Return summary generated for kernel
[INFO] | 2026-09-17 11:26:38 AM | analyzer.BatchedBancorMarketMaker_fix | State variable assignement do not exist
[INFO] | 2026-09-17 11:26:38 AM | analyzer.BatchedBancorMarketMaker_fix | Processed function kernel
[INFO] | 2026-09-17 11:26:38 AM | analyzer.BatchedBancorMarketMaker_fix | Generating return summary for kernel
[INFO] | 2026-09-17 11:26:38 AM | analyzer.BatchedBancorMarketMaker_fix | Generating return summary for getStorageAddress
[INFO] | 2026-09-17 11:26:38 AM | analyzer.BatchedBancorMarketMaker_fix | Return summary generated for getStorageAddress
[INFO] | 2026-09-17 11:26:38 AM | analyzer.BatchedBancorMarketMaker_fix | Return summary generated for kernel
[INFO] | 2026-09-17 11:26:38 AM | analyzer.BatchedBancorMarketMaker_fix | State variable assignement do not exist
[INFO] | 2026-09-17 11:26:38 AM | analyzer.BatchedBancorMarketMaker_fix | Processed function kernel
[INFO] | 2026-09-17 11:26:38 AM | analyzer.BatchedBancorMarketMaker_fix | Generating return summary for kernel
[INFO] | 2026-09-17 11:26:38 AM | analyzer.BatchedBancorMarketMaker_fix | Generating return summary for getStorageAddress
[INFO] | 2026-09-17 11:26:38 AM | analyzer.BatchedBancorMarketMaker_fix | Return summary generated for getStorageAddress
[INFO] | 2026-09-17 11:26:38 AM | analyzer.BatchedBancorMarketMaker_fix | Return summary generated for kernel
[INFO] | 2026-09-17 11:26:38 AM | analyzer.BatchedBancorMarketMaker_fix | State variable assignement do not exist
[INFO] | 2026-09-17 11:26:38 AM | analyzer.BatchedBancorMarketMaker_fix | Processed function kernel
[INFO] | 2026-09-17 11:26:38 AM | analyzer.BatchedBancorMarketMaker_fix | Generating return summary for kernel
[INFO] | 2026-09-17 11:26:38 AM | analyzer.BatchedBancorMarketMaker_fix | Generating return summary for getStorageAddress
[INFO] | 2026-09-17 11:26:38 AM | analyzer.BatchedBancorMarketMaker_fix | Return summary generated for getStorageAddress
[INFO] | 2026-09-17 11:26:38 AM | analyzer.BatchedBancorMarketMaker_fix | Return summary generated for kernel
[INFO] | 2026-09-17 11:26:38 AM | analyzer.BatchedBancorMarketMaker_fix | State variable assignement do not exist
[INFO] | 2026-09-17 11:26:38 AM | analyzer.BatchedBancorMarketMaker_fix | Processed function kernel
[INFO] | 2026-09-17 11:26:38 AM | analyzer.BatchedBancorMarketMaker_fix | Generating return summary for kernel
[INFO] | 2026-09-17 11:26:38 AM | analyzer.BatchedBancorMarketMaker_fix | Generating return summary for getStorageAddress
[INFO] | 2026-09-17 11:26:38 AM | analyzer.BatchedBancorMarketMaker_fix | Return summary generated for getStorageAddress
[INFO] | 2026-09-17 11:26:38 AM | analyzer.BatchedBancorMarketMaker_fix | Return summary generated for kernel
[INFO] | 2026-09-17 11:26:38 AM | analyzer.BatchedBancorMarketMaker_fix | State variable assignement do not exist
[INFO] | 2026-09-17 11:26:38 AM | analyzer.BatchedBancorMarketMaker_fix | Processed function kernel
[INFO] | 2026-09-17 11:26:38 AM | analyzer.BatchedBancorMarketMaker_fix | Generating return summary for appId
[INFO] | 2026-09-17 11:26:38 AM | analyzer.BatchedBancorMarketMaker_fix | Generating return summary for getStorageBytes32
[INFO] | 2026-09-17 11:26:38 AM | analyzer.BatchedBancorMarketMaker_fix | Return summary generated for getStorageBytes32
[INFO] | 2026-09-17 11:26:38 AM | analyzer.BatchedBancorMarketMaker_fix | Return summary generated for appId
[INFO] | 2026-09-17 11:26:38 AM | analyzer.BatchedBancorMarketMaker_fix | State variable assignement do not exist
[INFO] | 2026-09-17 11:26:38 AM | analyzer.BatchedBancorMarketMaker_fix | Processed function appId
[INFO] | 2026-09-17 11:26:38 AM | analyzer.BatchedBancorMarketMaker_fix | Generating return summary for appId
[INFO] | 2026-09-17 11:26:38 AM | analyzer.BatchedBancorMarketMaker_fix | Generating return summary for getStorageBytes32
[INFO] | 2026-09-17 11:26:38 AM | analyzer.BatchedBancorMarketMaker_fix | Return summary generated for getStorageBytes32
[INFO] | 2026-09-17 11:26:38 AM | analyzer.BatchedBancorMarketMaker_fix | Return summary generated for appId
[INFO] | 2026-09-17 11:26:38 AM | analyzer.BatchedBancorMarketMaker_fix | State variable assignement do not exist
[INFO] | 2026-09-17 11:26:38 AM | analyzer.BatchedBancorMarketMaker_fix | Processed function appId
[INFO] | 2026-09-17 11:26:38 AM | analyzer.BatchedBancorMarketMaker_fix | Generating return summary for appId
[INFO] | 2026-09-17 11:26:38 AM | analyzer.BatchedBancorMarketMaker_fix | Generating return summary for getStorageBytes32
[INFO] | 2026-09-17 11:26:38 AM | analyzer.BatchedBancorMarketMaker_fix | Return summary generated for getStorageBytes32
[INFO] | 2026-09-17 11:26:38 AM | analyzer.BatchedBancorMarketMaker_fix | Return summary generated for appId
[INFO] | 2026-09-17 11:26:38 AM | analyzer.BatchedBancorMarketMaker_fix | State variable assignement do not exist
[INFO] | 2026-09-17 11:26:38 AM | analyzer.BatchedBancorMarketMaker_fix | Processed function appId
[INFO] | 2026-09-17 11:26:38 AM | analyzer.BatchedBancorMarketMaker_fix | Generating return summary for appId
[INFO] | 2026-09-17 11:26:38 AM | analyzer.BatchedBancorMarketMaker_fix | Generating return summary for getStorageBytes32
[INFO] | 2026-09-17 11:26:38 AM | analyzer.BatchedBancorMarketMaker_fix | Return summary generated for getStorageBytes32
[INFO] | 2026-09-17 11:26:38 AM | analyzer.BatchedBancorMarketMaker_fix | Return summary generated for appId
[INFO] | 2026-09-17 11:26:38 AM | analyzer.BatchedBancorMarketMaker_fix | State variable assignement do not exist
[INFO] | 2026-09-17 11:26:38 AM | analyzer.BatchedBancorMarketMaker_fix | Processed function appId
[INFO] | 2026-09-17 11:26:38 AM | analyzer.BatchedBancorMarketMaker_fix | Generating return summary for appId
[INFO] | 2026-09-17 11:26:38 AM | analyzer.BatchedBancorMarketMaker_fix | Generating return summary for getStorageBytes32
[INFO] | 2026-09-17 11:26:38 AM | analyzer.BatchedBancorMarketMaker_fix | Return summary generated for getStorageBytes32
[INFO] | 2026-09-17 11:26:38 AM | analyzer.BatchedBancorMarketMaker_fix | Return summary generated for appId
[INFO] | 2026-09-17 11:26:38 AM | analyzer.BatchedBancorMarketMaker_fix | State variable assignement do not exist
[INFO] | 2026-09-17 11:26:38 AM | analyzer.BatchedBancorMarketMaker_fix | Processed function appId
[INFO] | 2026-09-17 11:26:38 AM | analyzer.BatchedBancorMarketMaker_fix | Generating return summary for appId
[INFO] | 2026-09-17 11:26:38 AM | analyzer.BatchedBancorMarketMaker_fix | Generating return summary for getStorageBytes32
[INFO] | 2026-09-17 11:26:38 AM | analyzer.BatchedBancorMarketMaker_fix | Return summary generated for getStorageBytes32
[INFO] | 2026-09-17 11:26:38 AM | analyzer.BatchedBancorMarketMaker_fix | Return summary generated for appId
[INFO] | 2026-09-17 11:26:38 AM | analyzer.BatchedBancorMarketMaker_fix | State variable assignement do not exist
[INFO] | 2026-09-17 11:26:38 AM | analyzer.BatchedBancorMarketMaker_fix | Processed function appId
[INFO] | 2026-09-17 11:26:38 AM | analyzer.BatchedBancorMarketMaker_fix | Generating return summary for getInitializationBlock
[INFO] | 2026-09-17 11:26:38 AM | analyzer.BatchedBancorMarketMaker_fix | Generating return summary for getStorageUint256
[INFO] | 2026-09-17 11:26:38 AM | analyzer.BatchedBancorMarketMaker_fix | Return summary generated for getStorageUint256
[INFO] | 2026-09-17 11:26:38 AM | analyzer.BatchedBancorMarketMaker_fix | Return summary generated for getInitializationBlock
[INFO] | 2026-09-17 11:26:38 AM | analyzer.BatchedBancorMarketMaker_fix | State variable assignement do not exist
[INFO] | 2026-09-17 11:26:38 AM | analyzer.BatchedBancorMarketMaker_fix | Processed function getInitializationBlock
[INFO] | 2026-09-17 11:26:38 AM | analyzer.BatchedBancorMarketMaker_fix | Generating return summary for getInitializationBlock
[INFO] | 2026-09-17 11:26:38 AM | analyzer.BatchedBancorMarketMaker_fix | Generating return summary for getStorageUint256
[INFO] | 2026-09-17 11:26:38 AM | analyzer.BatchedBancorMarketMaker_fix | Return summary generated for getStorageUint256
[INFO] | 2026-09-17 11:26:38 AM | analyzer.BatchedBancorMarketMaker_fix | Return summary generated for getInitializationBlock
[INFO] | 2026-09-17 11:26:38 AM | analyzer.BatchedBancorMarketMaker_fix | State variable assignement do not exist
[INFO] | 2026-09-17 11:26:38 AM | analyzer.BatchedBancorMarketMaker_fix | Processed function getInitializationBlock
[INFO] | 2026-09-17 11:26:38 AM | analyzer.BatchedBancorMarketMaker_fix | Generating return summary for getInitializationBlock
[INFO] | 2026-09-17 11:26:38 AM | analyzer.BatchedBancorMarketMaker_fix | Generating return summary for getStorageUint256
[INFO] | 2026-09-17 11:26:38 AM | analyzer.BatchedBancorMarketMaker_fix | Return summary generated for getStorageUint256
[INFO] | 2026-09-17 11:26:38 AM | analyzer.BatchedBancorMarketMaker_fix | Return summary generated for getInitializationBlock
[INFO] | 2026-09-17 11:26:38 AM | analyzer.BatchedBancorMarketMaker_fix | State variable assignement do not exist
[INFO] | 2026-09-17 11:26:38 AM | analyzer.BatchedBancorMarketMaker_fix | Processed function getInitializationBlock
[INFO] | 2026-09-17 11:26:38 AM | analyzer.BatchedBancorMarketMaker_fix | Generating return summary for getInitializationBlock
[INFO] | 2026-09-17 11:26:38 AM | analyzer.BatchedBancorMarketMaker_fix | Generating return summary for getStorageUint256
[INFO] | 2026-09-17 11:26:38 AM | analyzer.BatchedBancorMarketMaker_fix | Return summary generated for getStorageUint256
[INFO] | 2026-09-17 11:26:38 AM | analyzer.BatchedBancorMarketMaker_fix | Return summary generated for getInitializationBlock
[INFO] | 2026-09-17 11:26:38 AM | analyzer.BatchedBancorMarketMaker_fix | State variable assignement do not exist
[INFO] | 2026-09-17 11:26:38 AM | analyzer.BatchedBancorMarketMaker_fix | Processed function getInitializationBlock
[INFO] | 2026-09-17 11:26:38 AM | analyzer.BatchedBancorMarketMaker_fix | Generating return summary for getInitializationBlock
[INFO] | 2026-09-17 11:26:38 AM | analyzer.BatchedBancorMarketMaker_fix | Generating return summary for getStorageUint256
[INFO] | 2026-09-17 11:26:38 AM | analyzer.BatchedBancorMarketMaker_fix | Return summary generated for getStorageUint256
[INFO] | 2026-09-17 11:26:38 AM | analyzer.BatchedBancorMarketMaker_fix | Return summary generated for getInitializationBlock
[INFO] | 2026-09-17 11:26:38 AM | analyzer.BatchedBancorMarketMaker_fix | State variable assignement do not exist
[INFO] | 2026-09-17 11:26:38 AM | analyzer.BatchedBancorMarketMaker_fix | Processed function getInitializationBlock
[INFO] | 2026-09-17 11:26:38 AM | analyzer.BatchedBancorMarketMaker_fix | Generating return summary for getInitializationBlock
[INFO] | 2026-09-17 11:26:38 AM | analyzer.BatchedBancorMarketMaker_fix | Generating return summary for getStorageUint256
[INFO] | 2026-09-17 11:26:38 AM | analyzer.BatchedBancorMarketMaker_fix | Return summary generated for getStorageUint256
[INFO] | 2026-09-17 11:26:38 AM | analyzer.BatchedBancorMarketMaker_fix | Return summary generated for getInitializationBlock
[INFO] | 2026-09-17 11:26:38 AM | analyzer.BatchedBancorMarketMaker_fix | State variable assignement do not exist
[INFO] | 2026-09-17 11:26:38 AM | analyzer.BatchedBancorMarketMaker_fix | Processed function getInitializationBlock
[INFO] | 2026-09-17 11:26:38 AM | analyzer.BatchedBancorMarketMaker_fix | Generating return summary for getInitializationBlock
[INFO] | 2026-09-17 11:26:38 AM | analyzer.BatchedBancorMarketMaker_fix | Generating return summary for getStorageUint256
[INFO] | 2026-09-17 11:26:38 AM | analyzer.BatchedBancorMarketMaker_fix | Return summary generated for getStorageUint256
[INFO] | 2026-09-17 11:26:38 AM | analyzer.BatchedBancorMarketMaker_fix | Return summary generated for getInitializationBlock
[INFO] | 2026-09-17 11:26:38 AM | analyzer.BatchedBancorMarketMaker_fix | State variable assignement do not exist
[INFO] | 2026-09-17 11:26:38 AM | analyzer.BatchedBancorMarketMaker_fix | Processed function getInitializationBlock
[INFO] | 2026-09-17 11:26:38 AM | analyzer.BatchedBancorMarketMaker_fix | Generating return summary for getInitializationBlock
[INFO] | 2026-09-17 11:26:38 AM | analyzer.BatchedBancorMarketMaker_fix | Generating return summary for getStorageUint256
[INFO] | 2026-09-17 11:26:38 AM | analyzer.BatchedBancorMarketMaker_fix | Return summary generated for getStorageUint256
[INFO] | 2026-09-17 11:26:38 AM | analyzer.BatchedBancorMarketMaker_fix | Return summary generated for getInitializationBlock
[INFO] | 2026-09-17 11:26:38 AM | analyzer.BatchedBancorMarketMaker_fix | State variable assignement do not exist
[INFO] | 2026-09-17 11:26:38 AM | analyzer.BatchedBancorMarketMaker_fix | Processed function getInitializationBlock
[INFO] | 2026-09-17 11:26:38 AM | analyzer.BatchedBancorMarketMaker_fix | Generating return summary for setDepositable
[INFO] | 2026-09-17 11:26:38 AM | analyzer.BatchedBancorMarketMaker_fix | Return summary generated for setDepositable
[INFO] | 2026-09-17 11:26:38 AM | analyzer.BatchedBancorMarketMaker_fix | State variable assignement do not exist
[INFO] | 2026-09-17 11:26:38 AM | analyzer.BatchedBancorMarketMaker_fix | Processed function setDepositable
[INFO] | 2026-09-17 11:26:38 AM | analyzer.BatchedBancorMarketMaker_fix | Generating return summary for setDepositable
[INFO] | 2026-09-17 11:26:38 AM | analyzer.BatchedBancorMarketMaker_fix | Return summary generated for setDepositable
[INFO] | 2026-09-17 11:26:38 AM | analyzer.BatchedBancorMarketMaker_fix | State variable assignement do not exist
[INFO] | 2026-09-17 11:26:38 AM | analyzer.BatchedBancorMarketMaker_fix | Processed function setDepositable
[INFO] | 2026-09-17 11:26:38 AM | analyzer.BatchedBancorMarketMaker_fix | Generating return summary for setKernel
[INFO] | 2026-09-17 11:26:38 AM | analyzer.BatchedBancorMarketMaker_fix | Return summary generated for setKernel
[INFO] | 2026-09-17 11:26:38 AM | analyzer.BatchedBancorMarketMaker_fix | State variable assignement do not exist
[INFO] | 2026-09-17 11:26:38 AM | analyzer.BatchedBancorMarketMaker_fix | Processed function setKernel
[INFO] | 2026-09-17 11:26:38 AM | analyzer.BatchedBancorMarketMaker_fix | Generating return summary for setKernel
[INFO] | 2026-09-17 11:26:38 AM | analyzer.BatchedBancorMarketMaker_fix | Return summary generated for setKernel
[INFO] | 2026-09-17 11:26:38 AM | analyzer.BatchedBancorMarketMaker_fix | State variable assignement do not exist
[INFO] | 2026-09-17 11:26:38 AM | analyzer.BatchedBancorMarketMaker_fix | Processed function setKernel
[INFO] | 2026-09-17 11:26:38 AM | analyzer.BatchedBancorMarketMaker_fix | Generating return summary for setKernel
[INFO] | 2026-09-17 11:26:38 AM | analyzer.BatchedBancorMarketMaker_fix | Return summary generated for setKernel
[INFO] | 2026-09-17 11:26:38 AM | analyzer.BatchedBancorMarketMaker_fix | State variable assignement do not exist
[INFO] | 2026-09-17 11:26:38 AM | analyzer.BatchedBancorMarketMaker_fix | Processed function setKernel
[INFO] | 2026-09-17 11:26:38 AM | analyzer.BatchedBancorMarketMaker_fix | Generating return summary for setKernel
[INFO] | 2026-09-17 11:26:38 AM | analyzer.BatchedBancorMarketMaker_fix | Return summary generated for setKernel
[INFO] | 2026-09-17 11:26:38 AM | analyzer.BatchedBancorMarketMaker_fix | State variable assignement do not exist
[INFO] | 2026-09-17 11:26:38 AM | analyzer.BatchedBancorMarketMaker_fix | Processed function setKernel
[INFO] | 2026-09-17 11:26:38 AM | analyzer.BatchedBancorMarketMaker_fix | Generating return summary for setKernel
[INFO] | 2026-09-17 11:26:38 AM | analyzer.BatchedBancorMarketMaker_fix | Return summary generated for setKernel
[INFO] | 2026-09-17 11:26:38 AM | analyzer.BatchedBancorMarketMaker_fix | State variable assignement do not exist
[INFO] | 2026-09-17 11:26:38 AM | analyzer.BatchedBancorMarketMaker_fix | Processed function setKernel
[INFO] | 2026-09-17 11:26:38 AM | analyzer.BatchedBancorMarketMaker_fix | Generating return summary for setKernel
[INFO] | 2026-09-17 11:26:38 AM | analyzer.BatchedBancorMarketMaker_fix | Return summary generated for setKernel
[INFO] | 2026-09-17 11:26:38 AM | analyzer.BatchedBancorMarketMaker_fix | State variable assignement do not exist
[INFO] | 2026-09-17 11:26:38 AM | analyzer.BatchedBancorMarketMaker_fix | Processed function setKernel
[INFO] | 2026-09-17 11:26:38 AM | analyzer.BatchedBancorMarketMaker_fix | Generating return summary for setAppId
[INFO] | 2026-09-17 11:26:38 AM | analyzer.BatchedBancorMarketMaker_fix | Return summary generated for setAppId
[INFO] | 2026-09-17 11:26:38 AM | analyzer.BatchedBancorMarketMaker_fix | State variable assignement do not exist
[INFO] | 2026-09-17 11:26:38 AM | analyzer.BatchedBancorMarketMaker_fix | Processed function setAppId
[INFO] | 2026-09-17 11:26:38 AM | analyzer.BatchedBancorMarketMaker_fix | Generating return summary for setAppId
[INFO] | 2026-09-17 11:26:38 AM | analyzer.BatchedBancorMarketMaker_fix | Return summary generated for setAppId
[INFO] | 2026-09-17 11:26:38 AM | analyzer.BatchedBancorMarketMaker_fix | State variable assignement do not exist
[INFO] | 2026-09-17 11:26:38 AM | analyzer.BatchedBancorMarketMaker_fix | Processed function setAppId
[INFO] | 2026-09-17 11:26:38 AM | analyzer.BatchedBancorMarketMaker_fix | Generating return summary for setAppId
[INFO] | 2026-09-17 11:26:38 AM | analyzer.BatchedBancorMarketMaker_fix | Return summary generated for setAppId
[INFO] | 2026-09-17 11:26:38 AM | analyzer.BatchedBancorMarketMaker_fix | State variable assignement do not exist
[INFO] | 2026-09-17 11:26:38 AM | analyzer.BatchedBancorMarketMaker_fix | Processed function setAppId
[INFO] | 2026-09-17 11:26:38 AM | analyzer.BatchedBancorMarketMaker_fix | Generating return summary for setAppId
[INFO] | 2026-09-17 11:26:38 AM | analyzer.BatchedBancorMarketMaker_fix | Return summary generated for setAppId
[INFO] | 2026-09-17 11:26:38 AM | analyzer.BatchedBancorMarketMaker_fix | State variable assignement do not exist
[INFO] | 2026-09-17 11:26:38 AM | analyzer.BatchedBancorMarketMaker_fix | Processed function setAppId
[INFO] | 2026-09-17 11:26:38 AM | analyzer.BatchedBancorMarketMaker_fix | Generating return summary for setAppId
[INFO] | 2026-09-17 11:26:38 AM | analyzer.BatchedBancorMarketMaker_fix | Return summary generated for setAppId
[INFO] | 2026-09-17 11:26:38 AM | analyzer.BatchedBancorMarketMaker_fix | State variable assignement do not exist
[INFO] | 2026-09-17 11:26:38 AM | analyzer.BatchedBancorMarketMaker_fix | Processed function setAppId
[INFO] | 2026-09-17 11:26:38 AM | analyzer.BatchedBancorMarketMaker_fix | Generating return summary for setAppId
[INFO] | 2026-09-17 11:26:38 AM | analyzer.BatchedBancorMarketMaker_fix | Return summary generated for setAppId
[INFO] | 2026-09-17 11:26:38 AM | analyzer.BatchedBancorMarketMaker_fix | State variable assignement do not exist
[INFO] | 2026-09-17 11:26:38 AM | analyzer.BatchedBancorMarketMaker_fix | Processed function setAppId
[INFO] | 2026-09-17 11:26:38 AM | analyzer.BatchedBancorMarketMaker_fix | Generating return summary for initialized
[INFO] | 2026-09-17 11:26:38 AM | analyzer.BatchedBancorMarketMaker_fix | Return summary generated for initialized
[INFO] | 2026-09-17 11:26:38 AM | analyzer.BatchedBancorMarketMaker_fix | State variable assignement do not exist
[INFO] | 2026-09-17 11:26:38 AM | analyzer.BatchedBancorMarketMaker_fix | Processed function initialized
[INFO] | 2026-09-17 11:26:38 AM | analyzer.BatchedBancorMarketMaker_fix | Generating return summary for initializedAt
[INFO] | 2026-09-17 11:26:38 AM | analyzer.BatchedBancorMarketMaker_fix | Return summary generated for initializedAt
[INFO] | 2026-09-17 11:26:38 AM | analyzer.BatchedBancorMarketMaker_fix | State variable assignement do not exist
[INFO] | 2026-09-17 11:26:38 AM | analyzer.BatchedBancorMarketMaker_fix | Processed function initializedAt
[INFO] | 2026-09-17 11:26:38 AM | analyzer.BatchedBancorMarketMaker_fix | Generating return summary for initialized
[INFO] | 2026-09-17 11:26:38 AM | analyzer.BatchedBancorMarketMaker_fix | Return summary generated for initialized
[INFO] | 2026-09-17 11:26:38 AM | analyzer.BatchedBancorMarketMaker_fix | State variable assignement do not exist
[INFO] | 2026-09-17 11:26:38 AM | analyzer.BatchedBancorMarketMaker_fix | Processed function initialized
[INFO] | 2026-09-17 11:26:38 AM | analyzer.BatchedBancorMarketMaker_fix | Generating return summary for initializedAt
[INFO] | 2026-09-17 11:26:38 AM | analyzer.BatchedBancorMarketMaker_fix | Return summary generated for initializedAt
[INFO] | 2026-09-17 11:26:38 AM | analyzer.BatchedBancorMarketMaker_fix | State variable assignement do not exist
[INFO] | 2026-09-17 11:26:38 AM | analyzer.BatchedBancorMarketMaker_fix | Processed function initializedAt
[INFO] | 2026-09-17 11:26:38 AM | analyzer.BatchedBancorMarketMaker_fix | Generating return summary for initialized
[INFO] | 2026-09-17 11:26:38 AM | analyzer.BatchedBancorMarketMaker_fix | Return summary generated for initialized
[INFO] | 2026-09-17 11:26:38 AM | analyzer.BatchedBancorMarketMaker_fix | State variable assignement do not exist
[INFO] | 2026-09-17 11:26:38 AM | analyzer.BatchedBancorMarketMaker_fix | Processed function initialized
[INFO] | 2026-09-17 11:26:38 AM | analyzer.BatchedBancorMarketMaker_fix | Generating return summary for initializedAt
[INFO] | 2026-09-17 11:26:38 AM | analyzer.BatchedBancorMarketMaker_fix | Return summary generated for initializedAt
[INFO] | 2026-09-17 11:26:38 AM | analyzer.BatchedBancorMarketMaker_fix | State variable assignement do not exist
[INFO] | 2026-09-17 11:26:38 AM | analyzer.BatchedBancorMarketMaker_fix | Processed function initializedAt
[INFO] | 2026-09-17 11:26:38 AM | analyzer.BatchedBancorMarketMaker_fix | Generating return summary for initialized
[INFO] | 2026-09-17 11:26:38 AM | analyzer.BatchedBancorMarketMaker_fix | Return summary generated for initialized
[INFO] | 2026-09-17 11:26:38 AM | analyzer.BatchedBancorMarketMaker_fix | State variable assignement do not exist
[INFO] | 2026-09-17 11:26:38 AM | analyzer.BatchedBancorMarketMaker_fix | Processed function initialized
[INFO] | 2026-09-17 11:26:38 AM | analyzer.BatchedBancorMarketMaker_fix | Generating return summary for initializedAt
[INFO] | 2026-09-17 11:26:38 AM | analyzer.BatchedBancorMarketMaker_fix | Return summary generated for initializedAt
[INFO] | 2026-09-17 11:26:38 AM | analyzer.BatchedBancorMarketMaker_fix | State variable assignement do not exist
[INFO] | 2026-09-17 11:26:38 AM | analyzer.BatchedBancorMarketMaker_fix | Processed function initializedAt
[INFO] | 2026-09-17 11:26:38 AM | analyzer.BatchedBancorMarketMaker_fix | Generating return summary for initialized
[INFO] | 2026-09-17 11:26:38 AM | analyzer.BatchedBancorMarketMaker_fix | Return summary generated for initialized
[INFO] | 2026-09-17 11:26:38 AM | analyzer.BatchedBancorMarketMaker_fix | State variable assignement do not exist
[INFO] | 2026-09-17 11:26:38 AM | analyzer.BatchedBancorMarketMaker_fix | Processed function initialized
[INFO] | 2026-09-17 11:26:38 AM | analyzer.BatchedBancorMarketMaker_fix | Generating return summary for initializedAt
[INFO] | 2026-09-17 11:26:38 AM | analyzer.BatchedBancorMarketMaker_fix | Return summary generated for initializedAt
[INFO] | 2026-09-17 11:26:38 AM | analyzer.BatchedBancorMarketMaker_fix | State variable assignement do not exist
[INFO] | 2026-09-17 11:26:38 AM | analyzer.BatchedBancorMarketMaker_fix | Processed function initializedAt
[INFO] | 2026-09-17 11:26:38 AM | analyzer.BatchedBancorMarketMaker_fix | Generating return summary for initialized
[INFO] | 2026-09-17 11:26:38 AM | analyzer.BatchedBancorMarketMaker_fix | Return summary generated for initialized
[INFO] | 2026-09-17 11:26:38 AM | analyzer.BatchedBancorMarketMaker_fix | State variable assignement do not exist
[INFO] | 2026-09-17 11:26:38 AM | analyzer.BatchedBancorMarketMaker_fix | Processed function initialized
[INFO] | 2026-09-17 11:26:38 AM | analyzer.BatchedBancorMarketMaker_fix | Generating return summary for initializedAt
[INFO] | 2026-09-17 11:26:38 AM | analyzer.BatchedBancorMarketMaker_fix | Return summary generated for initializedAt
[INFO] | 2026-09-17 11:26:38 AM | analyzer.BatchedBancorMarketMaker_fix | State variable assignement do not exist
[INFO] | 2026-09-17 11:26:38 AM | analyzer.BatchedBancorMarketMaker_fix | Processed function initializedAt
[INFO] | 2026-09-17 11:26:38 AM | analyzer.BatchedBancorMarketMaker_fix | Generating return summary for initialized
[INFO] | 2026-09-17 11:26:38 AM | analyzer.BatchedBancorMarketMaker_fix | Return summary generated for initialized
[INFO] | 2026-09-17 11:26:38 AM | analyzer.BatchedBancorMarketMaker_fix | State variable assignement do not exist
[INFO] | 2026-09-17 11:26:38 AM | analyzer.BatchedBancorMarketMaker_fix | Processed function initialized
[INFO] | 2026-09-17 11:26:38 AM | analyzer.BatchedBancorMarketMaker_fix | Generating return summary for initializedAt
[INFO] | 2026-09-17 11:26:38 AM | analyzer.BatchedBancorMarketMaker_fix | Return summary generated for initializedAt
[INFO] | 2026-09-17 11:26:38 AM | analyzer.BatchedBancorMarketMaker_fix | State variable assignement do not exist
[INFO] | 2026-09-17 11:26:38 AM | analyzer.BatchedBancorMarketMaker_fix | Processed function initializedAt
[INFO] | 2026-09-17 11:26:38 AM | analyzer.BatchedBancorMarketMaker_fix | Generating return summary for initialized
[INFO] | 2026-09-17 11:26:38 AM | analyzer.BatchedBancorMarketMaker_fix | Return summary generated for initialized
[INFO] | 2026-09-17 11:26:38 AM | analyzer.BatchedBancorMarketMaker_fix | State variable assignement do not exist
[INFO] | 2026-09-17 11:26:38 AM | analyzer.BatchedBancorMarketMaker_fix | Processed function initialized
[INFO] | 2026-09-17 11:26:38 AM | analyzer.BatchedBancorMarketMaker_fix | Generating return summary for initializedAt
[INFO] | 2026-09-17 11:26:38 AM | analyzer.BatchedBancorMarketMaker_fix | Return summary generated for initializedAt
[INFO] | 2026-09-17 11:26:38 AM | analyzer.BatchedBancorMarketMaker_fix | State variable assignement do not exist
[INFO] | 2026-09-17 11:26:38 AM | analyzer.BatchedBancorMarketMaker_fix | Processed function initializedAt
[INFO] | 2026-09-17 11:26:38 AM | analyzer.BatchedBancorMarketMaker_fix | Generating return summary for arr
[INFO] | 2026-09-17 11:26:38 AM | analyzer.BatchedBancorMarketMaker_fix | Return summary generated for arr
[INFO] | 2026-09-17 11:26:38 AM | analyzer.BatchedBancorMarketMaker_fix | State variable assignement do not exist
[INFO] | 2026-09-17 11:26:38 AM | analyzer.BatchedBancorMarketMaker_fix | Processed function arr
[INFO] | 2026-09-17 11:26:38 AM | analyzer.BatchedBancorMarketMaker_fix | Generating return summary for arr
[INFO] | 2026-09-17 11:26:38 AM | analyzer.BatchedBancorMarketMaker_fix | Return summary generated for arr
[INFO] | 2026-09-17 11:26:38 AM | analyzer.BatchedBancorMarketMaker_fix | State variable assignement do not exist
[INFO] | 2026-09-17 11:26:38 AM | analyzer.BatchedBancorMarketMaker_fix | Processed function arr
[INFO] | 2026-09-17 11:26:38 AM | analyzer.BatchedBancorMarketMaker_fix | Generating return summary for arr
[INFO] | 2026-09-17 11:26:38 AM | analyzer.BatchedBancorMarketMaker_fix | Return summary generated for arr
[INFO] | 2026-09-17 11:26:38 AM | analyzer.BatchedBancorMarketMaker_fix | State variable assignement do not exist
[INFO] | 2026-09-17 11:26:38 AM | analyzer.BatchedBancorMarketMaker_fix | Processed function arr
[INFO] | 2026-09-17 11:26:38 AM | analyzer.BatchedBancorMarketMaker_fix | Generating return summary for arr
[INFO] | 2026-09-17 11:26:38 AM | analyzer.BatchedBancorMarketMaker_fix | Return summary generated for arr
[INFO] | 2026-09-17 11:26:38 AM | analyzer.BatchedBancorMarketMaker_fix | State variable assignement do not exist
[INFO] | 2026-09-17 11:26:38 AM | analyzer.BatchedBancorMarketMaker_fix | Processed function arr
[INFO] | 2026-09-17 11:26:38 AM | analyzer.BatchedBancorMarketMaker_fix | Generating return summary for arr
[INFO] | 2026-09-17 11:26:38 AM | analyzer.BatchedBancorMarketMaker_fix | Return summary generated for arr
[INFO] | 2026-09-17 11:26:38 AM | analyzer.BatchedBancorMarketMaker_fix | State variable assignement do not exist
[INFO] | 2026-09-17 11:26:38 AM | analyzer.BatchedBancorMarketMaker_fix | Processed function arr
[INFO] | 2026-09-17 11:26:38 AM | analyzer.BatchedBancorMarketMaker_fix | Generating return summary for arr
[INFO] | 2026-09-17 11:26:38 AM | analyzer.BatchedBancorMarketMaker_fix | Return summary generated for arr
[INFO] | 2026-09-17 11:26:38 AM | analyzer.BatchedBancorMarketMaker_fix | State variable assignement do not exist
[INFO] | 2026-09-17 11:26:38 AM | analyzer.BatchedBancorMarketMaker_fix | Processed function arr
[INFO] | 2026-09-17 11:26:38 AM | analyzer.BatchedBancorMarketMaker_fix | Generating return summary for arr
[INFO] | 2026-09-17 11:26:38 AM | analyzer.BatchedBancorMarketMaker_fix | Return summary generated for arr
[INFO] | 2026-09-17 11:26:38 AM | analyzer.BatchedBancorMarketMaker_fix | State variable assignement do not exist
[INFO] | 2026-09-17 11:26:38 AM | analyzer.BatchedBancorMarketMaker_fix | Processed function arr
[INFO] | 2026-09-17 11:26:38 AM | analyzer.BatchedBancorMarketMaker_fix | Generating return summary for arr
[INFO] | 2026-09-17 11:26:38 AM | analyzer.BatchedBancorMarketMaker_fix | Return summary generated for arr
[INFO] | 2026-09-17 11:26:38 AM | analyzer.BatchedBancorMarketMaker_fix | State variable assignement do not exist
[INFO] | 2026-09-17 11:26:38 AM | analyzer.BatchedBancorMarketMaker_fix | Processed function arr
[INFO] | 2026-09-17 11:26:38 AM | analyzer.BatchedBancorMarketMaker_fix | Generating return summary for arr
[INFO] | 2026-09-17 11:26:38 AM | analyzer.BatchedBancorMarketMaker_fix | Return summary generated for arr
[INFO] | 2026-09-17 11:26:38 AM | analyzer.BatchedBancorMarketMaker_fix | State variable assignement do not exist
[INFO] | 2026-09-17 11:26:38 AM | analyzer.BatchedBancorMarketMaker_fix | Processed function arr
[INFO] | 2026-09-17 11:26:38 AM | analyzer.BatchedBancorMarketMaker_fix | Generating return summary for arr
[INFO] | 2026-09-17 11:26:38 AM | analyzer.BatchedBancorMarketMaker_fix | Return summary generated for arr
[INFO] | 2026-09-17 11:26:38 AM | analyzer.BatchedBancorMarketMaker_fix | State variable assignement do not exist
[INFO] | 2026-09-17 11:26:38 AM | analyzer.BatchedBancorMarketMaker_fix | Processed function arr
[INFO] | 2026-09-17 11:26:38 AM | analyzer.BatchedBancorMarketMaker_fix | Generating return summary for getBlockNumber64
[INFO] | 2026-09-17 11:26:38 AM | analyzer.BatchedBancorMarketMaker_fix | Return summary generated for getBlockNumber64
[INFO] | 2026-09-17 11:26:38 AM | analyzer.BatchedBancorMarketMaker_fix | State variable assignement do not exist
[INFO] | 2026-09-17 11:26:38 AM | analyzer.BatchedBancorMarketMaker_fix | Processed function getBlockNumber64
[INFO] | 2026-09-17 11:26:38 AM | analyzer.BatchedBancorMarketMaker_fix | Generating return summary for getTimestamp64
[INFO] | 2026-09-17 11:26:38 AM | analyzer.BatchedBancorMarketMaker_fix | Return summary generated for getTimestamp64
[INFO] | 2026-09-17 11:26:38 AM | analyzer.BatchedBancorMarketMaker_fix | State variable assignement do not exist
[INFO] | 2026-09-17 11:26:38 AM | analyzer.BatchedBancorMarketMaker_fix | Processed function getTimestamp64
[INFO] | 2026-09-17 11:26:38 AM | analyzer.BatchedBancorMarketMaker_fix | Generating return summary for getBlockNumber64
[INFO] | 2026-09-17 11:26:38 AM | analyzer.BatchedBancorMarketMaker_fix | Return summary generated for getBlockNumber64
[INFO] | 2026-09-17 11:26:38 AM | analyzer.BatchedBancorMarketMaker_fix | State variable assignement do not exist
[INFO] | 2026-09-17 11:26:38 AM | analyzer.BatchedBancorMarketMaker_fix | Processed function getBlockNumber64
[INFO] | 2026-09-17 11:26:38 AM | analyzer.BatchedBancorMarketMaker_fix | Generating return summary for getTimestamp64
[INFO] | 2026-09-17 11:26:38 AM | analyzer.BatchedBancorMarketMaker_fix | Return summary generated for getTimestamp64
[INFO] | 2026-09-17 11:26:38 AM | analyzer.BatchedBancorMarketMaker_fix | State variable assignement do not exist
[INFO] | 2026-09-17 11:26:38 AM | analyzer.BatchedBancorMarketMaker_fix | Processed function getTimestamp64
[INFO] | 2026-09-17 11:26:38 AM | analyzer.BatchedBancorMarketMaker_fix | Generating return summary for getBlockNumber64
[INFO] | 2026-09-17 11:26:38 AM | analyzer.BatchedBancorMarketMaker_fix | Return summary generated for getBlockNumber64
[INFO] | 2026-09-17 11:26:38 AM | analyzer.BatchedBancorMarketMaker_fix | State variable assignement do not exist
[INFO] | 2026-09-17 11:26:38 AM | analyzer.BatchedBancorMarketMaker_fix | Processed function getBlockNumber64
[INFO] | 2026-09-17 11:26:38 AM | analyzer.BatchedBancorMarketMaker_fix | Generating return summary for getTimestamp64
[INFO] | 2026-09-17 11:26:38 AM | analyzer.BatchedBancorMarketMaker_fix | Return summary generated for getTimestamp64
[INFO] | 2026-09-17 11:26:38 AM | analyzer.BatchedBancorMarketMaker_fix | State variable assignement do not exist
[INFO] | 2026-09-17 11:26:38 AM | analyzer.BatchedBancorMarketMaker_fix | Processed function getTimestamp64
[INFO] | 2026-09-17 11:26:38 AM | analyzer.BatchedBancorMarketMaker_fix | Generating return summary for getBlockNumber64
[INFO] | 2026-09-17 11:26:38 AM | analyzer.BatchedBancorMarketMaker_fix | Return summary generated for getBlockNumber64
[INFO] | 2026-09-17 11:26:38 AM | analyzer.BatchedBancorMarketMaker_fix | State variable assignement do not exist
[INFO] | 2026-09-17 11:26:38 AM | analyzer.BatchedBancorMarketMaker_fix | Processed function getBlockNumber64
[INFO] | 2026-09-17 11:26:38 AM | analyzer.BatchedBancorMarketMaker_fix | Generating return summary for getTimestamp64
[INFO] | 2026-09-17 11:26:38 AM | analyzer.BatchedBancorMarketMaker_fix | Return summary generated for getTimestamp64
[INFO] | 2026-09-17 11:26:38 AM | analyzer.BatchedBancorMarketMaker_fix | State variable assignement do not exist
[INFO] | 2026-09-17 11:26:38 AM | analyzer.BatchedBancorMarketMaker_fix | Processed function getTimestamp64
[INFO] | 2026-09-17 11:26:38 AM | analyzer.BatchedBancorMarketMaker_fix | Generating return summary for getBlockNumber64
[INFO] | 2026-09-17 11:26:38 AM | analyzer.BatchedBancorMarketMaker_fix | Return summary generated for getBlockNumber64
[INFO] | 2026-09-17 11:26:38 AM | analyzer.BatchedBancorMarketMaker_fix | State variable assignement do not exist
[INFO] | 2026-09-17 11:26:38 AM | analyzer.BatchedBancorMarketMaker_fix | Processed function getBlockNumber64
[INFO] | 2026-09-17 11:26:38 AM | analyzer.BatchedBancorMarketMaker_fix | Generating return summary for getTimestamp64
[INFO] | 2026-09-17 11:26:38 AM | analyzer.BatchedBancorMarketMaker_fix | Return summary generated for getTimestamp64
[INFO] | 2026-09-17 11:26:38 AM | analyzer.BatchedBancorMarketMaker_fix | State variable assignement do not exist
[INFO] | 2026-09-17 11:26:38 AM | analyzer.BatchedBancorMarketMaker_fix | Processed function getTimestamp64
[INFO] | 2026-09-17 11:26:38 AM | analyzer.BatchedBancorMarketMaker_fix | Generating return summary for getBlockNumber64
[INFO] | 2026-09-17 11:26:38 AM | analyzer.BatchedBancorMarketMaker_fix | Return summary generated for getBlockNumber64
[INFO] | 2026-09-17 11:26:38 AM | analyzer.BatchedBancorMarketMaker_fix | State variable assignement do not exist
[INFO] | 2026-09-17 11:26:38 AM | analyzer.BatchedBancorMarketMaker_fix | Processed function getBlockNumber64
[INFO] | 2026-09-17 11:26:38 AM | analyzer.BatchedBancorMarketMaker_fix | Generating return summary for getTimestamp64
[INFO] | 2026-09-17 11:26:38 AM | analyzer.BatchedBancorMarketMaker_fix | Return summary generated for getTimestamp64
[INFO] | 2026-09-17 11:26:38 AM | analyzer.BatchedBancorMarketMaker_fix | State variable assignement do not exist
[INFO] | 2026-09-17 11:26:38 AM | analyzer.BatchedBancorMarketMaker_fix | Processed function getTimestamp64
[INFO] | 2026-09-17 11:26:38 AM | analyzer.BatchedBancorMarketMaker_fix | Generating return summary for getBlockNumber64
[INFO] | 2026-09-17 11:26:38 AM | analyzer.BatchedBancorMarketMaker_fix | Return summary generated for getBlockNumber64
[INFO] | 2026-09-17 11:26:38 AM | analyzer.BatchedBancorMarketMaker_fix | State variable assignement do not exist
[INFO] | 2026-09-17 11:26:38 AM | analyzer.BatchedBancorMarketMaker_fix | Processed function getBlockNumber64
[INFO] | 2026-09-17 11:26:38 AM | analyzer.BatchedBancorMarketMaker_fix | Generating return summary for getTimestamp64
[INFO] | 2026-09-17 11:26:38 AM | analyzer.BatchedBancorMarketMaker_fix | Return summary generated for getTimestamp64
[INFO] | 2026-09-17 11:26:38 AM | analyzer.BatchedBancorMarketMaker_fix | State variable assignement do not exist
[INFO] | 2026-09-17 11:26:38 AM | analyzer.BatchedBancorMarketMaker_fix | Processed function getTimestamp64
[INFO] | 2026-09-17 11:26:38 AM | analyzer.BatchedBancorMarketMaker_fix | Generating return summary for getBlockNumber64
[INFO] | 2026-09-17 11:26:38 AM | analyzer.BatchedBancorMarketMaker_fix | Return summary generated for getBlockNumber64
[INFO] | 2026-09-17 11:26:38 AM | analyzer.BatchedBancorMarketMaker_fix | State variable assignement do not exist
[INFO] | 2026-09-17 11:26:38 AM | analyzer.BatchedBancorMarketMaker_fix | Processed function getBlockNumber64
[INFO] | 2026-09-17 11:26:38 AM | analyzer.BatchedBancorMarketMaker_fix | Generating return summary for getTimestamp64
[INFO] | 2026-09-17 11:26:38 AM | analyzer.BatchedBancorMarketMaker_fix | Return summary generated for getTimestamp64
[INFO] | 2026-09-17 11:26:38 AM | analyzer.BatchedBancorMarketMaker_fix | State variable assignement do not exist
[INFO] | 2026-09-17 11:26:38 AM | analyzer.BatchedBancorMarketMaker_fix | Processed function getTimestamp64
[INFO] | 2026-09-17 11:26:38 AM | analyzer.BatchedBancorMarketMaker_fix | Generating return summary for getBlockNumber64
[INFO] | 2026-09-17 11:26:38 AM | analyzer.BatchedBancorMarketMaker_fix | Return summary generated for getBlockNumber64
[INFO] | 2026-09-17 11:26:38 AM | analyzer.BatchedBancorMarketMaker_fix | State variable assignement do not exist
[INFO] | 2026-09-17 11:26:38 AM | analyzer.BatchedBancorMarketMaker_fix | Processed function getBlockNumber64
[INFO] | 2026-09-17 11:26:38 AM | analyzer.BatchedBancorMarketMaker_fix | Generating return summary for getTimestamp64
[INFO] | 2026-09-17 11:26:38 AM | analyzer.BatchedBancorMarketMaker_fix | Return summary generated for getTimestamp64
[INFO] | 2026-09-17 11:26:38 AM | analyzer.BatchedBancorMarketMaker_fix | State variable assignement do not exist
[INFO] | 2026-09-17 11:26:38 AM | analyzer.BatchedBancorMarketMaker_fix | Processed function getTimestamp64
[INFO] | 2026-09-17 11:26:38 AM | analyzer.BatchedBancorMarketMaker_fix | Generating return summary for _collateralValueIsValid
[INFO] | 2026-09-17 11:26:38 AM | analyzer.BatchedBancorMarketMaker_fix | Return summary generated for _collateralValueIsValid
[INFO] | 2026-09-17 11:26:38 AM | analyzer.BatchedBancorMarketMaker_fix | State variable assignement do not exist
[INFO] | 2026-09-17 11:26:38 AM | analyzer.BatchedBancorMarketMaker_fix | Processed function _collateralValueIsValid
[INFO] | 2026-09-17 11:26:38 AM | analyzer.BatchedBancorMarketMaker_fix | Generating return summary for safeTransfer
[INFO] | 2026-09-17 11:26:38 AM | analyzer.BatchedBancorMarketMaker_fix | Generating return summary for invokeAndCheckSuccess
[INFO] | 2026-09-17 11:26:38 AM | analyzer.BatchedBancorMarketMaker_fix | We should not consider this kind of return values!
[INFO] | 2026-09-17 11:26:38 AM | analyzer.BatchedBancorMarketMaker_fix | Return summary generated for invokeAndCheckSuccess
[INFO] | 2026-09-17 11:26:38 AM | analyzer.BatchedBancorMarketMaker_fix | Return summary generated for safeTransfer
[INFO] | 2026-09-17 11:26:38 AM | analyzer.BatchedBancorMarketMaker_fix | State variable assignement do not exist
[INFO] | 2026-09-17 11:26:38 AM | analyzer.BatchedBancorMarketMaker_fix | Processed function safeTransfer
[INFO] | 2026-09-17 11:26:38 AM | analyzer.BatchedBancorMarketMaker_fix | Generating return summary for safeTransferFrom
[INFO] | 2026-09-17 11:26:38 AM | analyzer.BatchedBancorMarketMaker_fix | Generating return summary for invokeAndCheckSuccess
[INFO] | 2026-09-17 11:26:38 AM | analyzer.BatchedBancorMarketMaker_fix | We should not consider this kind of return values!
[INFO] | 2026-09-17 11:26:38 AM | analyzer.BatchedBancorMarketMaker_fix | Return summary generated for invokeAndCheckSuccess
[INFO] | 2026-09-17 11:26:38 AM | analyzer.BatchedBancorMarketMaker_fix | Return summary generated for safeTransferFrom
[INFO] | 2026-09-17 11:26:38 AM | analyzer.BatchedBancorMarketMaker_fix | State variable assignement do not exist
[INFO] | 2026-09-17 11:26:38 AM | analyzer.BatchedBancorMarketMaker_fix | Processed function safeTransferFrom
[INFO] | 2026-09-17 11:26:38 AM | analyzer.BatchedBancorMarketMaker_fix | Generating return summary for safeApprove
[INFO] | 2026-09-17 11:26:38 AM | analyzer.BatchedBancorMarketMaker_fix | Generating return summary for invokeAndCheckSuccess
[INFO] | 2026-09-17 11:26:38 AM | analyzer.BatchedBancorMarketMaker_fix | We should not consider this kind of return values!
[INFO] | 2026-09-17 11:26:38 AM | analyzer.BatchedBancorMarketMaker_fix | Return summary generated for invokeAndCheckSuccess
[INFO] | 2026-09-17 11:26:38 AM | analyzer.BatchedBancorMarketMaker_fix | Return summary generated for safeApprove
[INFO] | 2026-09-17 11:26:38 AM | analyzer.BatchedBancorMarketMaker_fix | State variable assignement do not exist
[INFO] | 2026-09-17 11:26:38 AM | analyzer.BatchedBancorMarketMaker_fix | Processed function safeApprove
[INFO] | 2026-09-17 11:26:38 AM | analyzer.BatchedBancorMarketMaker_fix | Generating return summary for staticBalanceOf
[INFO] | 2026-09-17 11:26:38 AM | analyzer.BatchedBancorMarketMaker_fix | Generating return summary for staticInvoke
[INFO] | 2026-09-17 11:26:38 AM | analyzer.BatchedBancorMarketMaker_fix | We should not consider this kind of return values!
[INFO] | 2026-09-17 11:26:38 AM | analyzer.BatchedBancorMarketMaker_fix | We should not consider this kind of return values!
[INFO] | 2026-09-17 11:26:38 AM | analyzer.BatchedBancorMarketMaker_fix | Return summary generated for staticInvoke
[INFO] | 2026-09-17 11:26:38 AM | analyzer.BatchedBancorMarketMaker_fix | Return summary generated for staticBalanceOf
[INFO] | 2026-09-17 11:26:38 AM | analyzer.BatchedBancorMarketMaker_fix | State variable assignement do not exist
[INFO] | 2026-09-17 11:26:38 AM | analyzer.BatchedBancorMarketMaker_fix | Processed function staticBalanceOf
[INFO] | 2026-09-17 11:26:38 AM | analyzer.BatchedBancorMarketMaker_fix | Generating return summary for staticAllowance
[INFO] | 2026-09-17 11:26:38 AM | analyzer.BatchedBancorMarketMaker_fix | Generating return summary for staticInvoke
[INFO] | 2026-09-17 11:26:38 AM | analyzer.BatchedBancorMarketMaker_fix | We should not consider this kind of return values!
[INFO] | 2026-09-17 11:26:38 AM | analyzer.BatchedBancorMarketMaker_fix | We should not consider this kind of return values!
[INFO] | 2026-09-17 11:26:38 AM | analyzer.BatchedBancorMarketMaker_fix | Return summary generated for staticInvoke
[INFO] | 2026-09-17 11:26:38 AM | analyzer.BatchedBancorMarketMaker_fix | Return summary generated for staticAllowance
[INFO] | 2026-09-17 11:26:38 AM | analyzer.BatchedBancorMarketMaker_fix | State variable assignement do not exist
[INFO] | 2026-09-17 11:26:38 AM | analyzer.BatchedBancorMarketMaker_fix | Processed function staticAllowance
[INFO] | 2026-09-17 11:26:38 AM | analyzer.BatchedBancorMarketMaker_fix | Generating return summary for staticTotalSupply
[INFO] | 2026-09-17 11:26:38 AM | analyzer.BatchedBancorMarketMaker_fix | Generating return summary for staticInvoke
[INFO] | 2026-09-17 11:26:38 AM | analyzer.BatchedBancorMarketMaker_fix | We should not consider this kind of return values!
[INFO] | 2026-09-17 11:26:38 AM | analyzer.BatchedBancorMarketMaker_fix | We should not consider this kind of return values!
[INFO] | 2026-09-17 11:26:38 AM | analyzer.BatchedBancorMarketMaker_fix | Return summary generated for staticInvoke
[INFO] | 2026-09-17 11:26:38 AM | analyzer.BatchedBancorMarketMaker_fix | Return summary generated for staticTotalSupply
[INFO] | 2026-09-17 11:26:38 AM | analyzer.BatchedBancorMarketMaker_fix | State variable assignement do not exist
[INFO] | 2026-09-17 11:26:38 AM | analyzer.BatchedBancorMarketMaker_fix | Processed function staticTotalSupply
[INFO] | 2026-09-17 11:26:38 AM | analyzer.BatchedBancorMarketMaker_fix | Generating return summary for arr
[INFO] | 2026-09-17 11:26:38 AM | analyzer.BatchedBancorMarketMaker_fix | Return summary generated for arr
[INFO] | 2026-09-17 11:26:38 AM | analyzer.BatchedBancorMarketMaker_fix | State variable assignement do not exist
[INFO] | 2026-09-17 11:26:38 AM | analyzer.BatchedBancorMarketMaker_fix | Processed function arr
[INFO] | 2026-09-17 11:26:38 AM | analyzer.BatchedBancorMarketMaker_fix | Generating return summary for arr
[INFO] | 2026-09-17 11:26:38 AM | analyzer.BatchedBancorMarketMaker_fix | Return summary generated for arr
[INFO] | 2026-09-17 11:26:38 AM | analyzer.BatchedBancorMarketMaker_fix | State variable assignement do not exist
[INFO] | 2026-09-17 11:26:38 AM | analyzer.BatchedBancorMarketMaker_fix | Processed function arr
[INFO] | 2026-09-17 11:26:38 AM | analyzer.BatchedBancorMarketMaker_fix | Generating return summary for arr
[INFO] | 2026-09-17 11:26:38 AM | analyzer.BatchedBancorMarketMaker_fix | Return summary generated for arr
[INFO] | 2026-09-17 11:26:38 AM | analyzer.BatchedBancorMarketMaker_fix | State variable assignement do not exist
[INFO] | 2026-09-17 11:26:38 AM | analyzer.BatchedBancorMarketMaker_fix | Processed function arr
[INFO] | 2026-09-17 11:26:38 AM | analyzer.BatchedBancorMarketMaker_fix | Generating return summary for arr
[INFO] | 2026-09-17 11:26:38 AM | analyzer.BatchedBancorMarketMaker_fix | Return summary generated for arr
[INFO] | 2026-09-17 11:26:38 AM | analyzer.BatchedBancorMarketMaker_fix | State variable assignement do not exist
[INFO] | 2026-09-17 11:26:38 AM | analyzer.BatchedBancorMarketMaker_fix | Processed function arr
[INFO] | 2026-09-17 11:26:38 AM | analyzer.BatchedBancorMarketMaker_fix | Generating return summary for arr
[INFO] | 2026-09-17 11:26:38 AM | analyzer.BatchedBancorMarketMaker_fix | Return summary generated for arr
[INFO] | 2026-09-17 11:26:38 AM | analyzer.BatchedBancorMarketMaker_fix | State variable assignement do not exist
[INFO] | 2026-09-17 11:26:38 AM | analyzer.BatchedBancorMarketMaker_fix | Processed function arr
[INFO] | 2026-09-17 11:26:38 AM | analyzer.BatchedBancorMarketMaker_fix | Generating return summary for arr
[INFO] | 2026-09-17 11:26:38 AM | analyzer.BatchedBancorMarketMaker_fix | Return summary generated for arr
[INFO] | 2026-09-17 11:26:38 AM | analyzer.BatchedBancorMarketMaker_fix | State variable assignement do not exist
[INFO] | 2026-09-17 11:26:38 AM | analyzer.BatchedBancorMarketMaker_fix | Processed function arr
[INFO] | 2026-09-17 11:26:38 AM | analyzer.BatchedBancorMarketMaker_fix | Generating return summary for arr
[INFO] | 2026-09-17 11:26:38 AM | analyzer.BatchedBancorMarketMaker_fix | Return summary generated for arr
[INFO] | 2026-09-17 11:26:38 AM | analyzer.BatchedBancorMarketMaker_fix | State variable assignement do not exist
[INFO] | 2026-09-17 11:26:38 AM | analyzer.BatchedBancorMarketMaker_fix | Processed function arr
[INFO] | 2026-09-17 11:26:38 AM | analyzer.BatchedBancorMarketMaker_fix | Generating return summary for arr
[INFO] | 2026-09-17 11:26:38 AM | analyzer.BatchedBancorMarketMaker_fix | Return summary generated for arr
[INFO] | 2026-09-17 11:26:38 AM | analyzer.BatchedBancorMarketMaker_fix | State variable assignement do not exist
[INFO] | 2026-09-17 11:26:38 AM | analyzer.BatchedBancorMarketMaker_fix | Processed function arr
[INFO] | 2026-09-17 11:26:38 AM | analyzer.BatchedBancorMarketMaker_fix | Generating return summary for arr
[INFO] | 2026-09-17 11:26:38 AM | analyzer.BatchedBancorMarketMaker_fix | Return summary generated for arr
[INFO] | 2026-09-17 11:26:38 AM | analyzer.BatchedBancorMarketMaker_fix | State variable assignement do not exist
[INFO] | 2026-09-17 11:26:38 AM | analyzer.BatchedBancorMarketMaker_fix | Processed function arr
[INFO] | 2026-09-17 11:26:38 AM | analyzer.BatchedBancorMarketMaker_fix | Generating return summary for arr
[INFO] | 2026-09-17 11:26:38 AM | analyzer.BatchedBancorMarketMaker_fix | Return summary generated for arr
[INFO] | 2026-09-17 11:26:38 AM | analyzer.BatchedBancorMarketMaker_fix | State variable assignement do not exist
[INFO] | 2026-09-17 11:26:38 AM | analyzer.BatchedBancorMarketMaker_fix | Processed function arr
[INFO] | 2026-09-17 11:26:38 AM | analyzer.BatchedBancorMarketMaker_fix | Generating return summary for _calculateNonVestedTokens
[INFO] | 2026-09-17 11:26:38 AM | analyzer.BatchedBancorMarketMaker_fix | Return summary generated for _calculateNonVestedTokens
[INFO] | 2026-09-17 11:26:38 AM | analyzer.BatchedBancorMarketMaker_fix | State variable assignement do not exist
[INFO] | 2026-09-17 11:26:38 AM | analyzer.BatchedBancorMarketMaker_fix | Processed function _calculateNonVestedTokens
[INFO] | 2026-09-17 11:26:38 AM | analyzer.BatchedBancorMarketMaker_fix | Generating return summary for _staticPricePPM
[INFO] | 2026-09-17 11:26:38 AM | analyzer.BatchedBancorMarketMaker_fix | Return summary generated for _staticPricePPM
[INFO] | 2026-09-17 11:26:38 AM | analyzer.BatchedBancorMarketMaker_fix | State variable assignement do not exist
[INFO] | 2026-09-17 11:26:38 AM | analyzer.BatchedBancorMarketMaker_fix | Processed function _staticPricePPM
[INFO] | 2026-09-17 11:26:38 AM | analyzer.BatchedBancorMarketMaker_fix | Generating return summary for _currentBatchId
[INFO] | 2026-09-17 11:26:38 AM | analyzer.BatchedBancorMarketMaker_fix | Return summary generated for _currentBatchId
[INFO] | 2026-09-17 11:26:38 AM | analyzer.BatchedBancorMarketMaker_fix | State variable assignement do not exist
[INFO] | 2026-09-17 11:26:38 AM | analyzer.BatchedBancorMarketMaker_fix | Processed function _currentBatchId
[INFO] | 2026-09-17 11:26:38 AM | analyzer.BatchedBancorMarketMaker_fix | Generating return summary for _buySlippageIsValid
[INFO] | 2026-09-17 11:26:38 AM | analyzer.BatchedBancorMarketMaker_fix | Return summary generated for _buySlippageIsValid
[INFO] | 2026-09-17 11:26:38 AM | analyzer.BatchedBancorMarketMaker_fix | State variable assignement do not exist
[INFO] | 2026-09-17 11:26:38 AM | analyzer.BatchedBancorMarketMaker_fix | Processed function _buySlippageIsValid
[INFO] | 2026-09-17 11:26:38 AM | analyzer.BatchedBancorMarketMaker_fix | Generating return summary for _sellSlippageIsValid
[INFO] | 2026-09-17 11:26:38 AM | analyzer.BatchedBancorMarketMaker_fix | Return summary generated for _sellSlippageIsValid
[INFO] | 2026-09-17 11:26:38 AM | analyzer.BatchedBancorMarketMaker_fix | State variable assignement do not exist
[INFO] | 2026-09-17 11:26:38 AM | analyzer.BatchedBancorMarketMaker_fix | Processed function _sellSlippageIsValid
[INFO] | 2026-09-17 11:26:38 AM | analyzer.BatchedBancorMarketMaker_fix | Generating return summary for fallback
[INFO] | 2026-09-17 11:26:38 AM | analyzer.BatchedBancorMarketMaker_fix | Return summary generated for fallback
[INFO] | 2026-09-17 11:26:38 AM | analyzer.BatchedBancorMarketMaker_fix | State variable assignement do not exist
[INFO] | 2026-09-17 11:26:38 AM | analyzer.BatchedBancorMarketMaker_fix | Processed function fallback
[INFO] | 2026-09-17 11:26:38 AM | analyzer.BatchedBancorMarketMaker_fix | Generating return summary for approve
[INFO] | 2026-09-17 11:26:38 AM | analyzer.BatchedBancorMarketMaker_fix | Return summary generated for approve
[INFO] | 2026-09-17 11:26:38 AM | analyzer.BatchedBancorMarketMaker_fix | Range graph generated
[INFO] | 2026-09-17 11:26:38 AM | analyzer.BatchedBancorMarketMaker_fix | Processed function approve
[INFO] | 2026-09-17 11:26:38 AM | analyzer.BatchedBancorMarketMaker_fix | Generating return summary for changeController
[INFO] | 2026-09-17 11:26:38 AM | analyzer.BatchedBancorMarketMaker_fix | Return summary generated for changeController
[INFO] | 2026-09-17 11:26:38 AM | analyzer.BatchedBancorMarketMaker_fix | Range graph generated
[INFO] | 2026-09-17 11:26:38 AM | analyzer.BatchedBancorMarketMaker_fix | Processed function changeController
[INFO] | 2026-09-17 11:26:38 AM | analyzer.BatchedBancorMarketMaker_fix | Generating return summary for changeController
[INFO] | 2026-09-17 11:26:38 AM | analyzer.BatchedBancorMarketMaker_fix | Return summary generated for changeController
[INFO] | 2026-09-17 11:26:38 AM | analyzer.BatchedBancorMarketMaker_fix | Range graph generated
[INFO] | 2026-09-17 11:26:38 AM | analyzer.BatchedBancorMarketMaker_fix | Processed function changeController
[INFO] | 2026-09-17 11:26:38 AM | analyzer.BatchedBancorMarketMaker_fix | Generating return summary for enableTransfers
[INFO] | 2026-09-17 11:26:38 AM | analyzer.BatchedBancorMarketMaker_fix | Return summary generated for enableTransfers
[INFO] | 2026-09-17 11:26:38 AM | analyzer.BatchedBancorMarketMaker_fix | Range graph generated
[INFO] | 2026-09-17 11:26:38 AM | analyzer.BatchedBancorMarketMaker_fix | Processed function enableTransfers
[INFO] | 2026-09-17 11:26:38 AM | analyzer.BatchedBancorMarketMaker_fix | Generating return summary for arr
[INFO] | 2026-09-17 11:26:38 AM | analyzer.BatchedBancorMarketMaker_fix | Return summary generated for arr
[INFO] | 2026-09-17 11:26:38 AM | analyzer.BatchedBancorMarketMaker_fix | State variable assignement do not exist
[INFO] | 2026-09-17 11:26:38 AM | analyzer.BatchedBancorMarketMaker_fix | Processed function arr
[INFO] | 2026-09-17 11:26:38 AM | analyzer.BatchedBancorMarketMaker_fix | Generating return summary for arr
[INFO] | 2026-09-17 11:26:38 AM | analyzer.BatchedBancorMarketMaker_fix | Return summary generated for arr
[INFO] | 2026-09-17 11:26:38 AM | analyzer.BatchedBancorMarketMaker_fix | State variable assignement do not exist
[INFO] | 2026-09-17 11:26:38 AM | analyzer.BatchedBancorMarketMaker_fix | Processed function arr
[INFO] | 2026-09-17 11:26:38 AM | analyzer.BatchedBancorMarketMaker_fix | Generating return summary for arr
[INFO] | 2026-09-17 11:26:38 AM | analyzer.BatchedBancorMarketMaker_fix | Return summary generated for arr
[INFO] | 2026-09-17 11:26:38 AM | analyzer.BatchedBancorMarketMaker_fix | State variable assignement do not exist
[INFO] | 2026-09-17 11:26:38 AM | analyzer.BatchedBancorMarketMaker_fix | Processed function arr
[INFO] | 2026-09-17 11:26:38 AM | analyzer.BatchedBancorMarketMaker_fix | Generating return summary for arr
[INFO] | 2026-09-17 11:26:38 AM | analyzer.BatchedBancorMarketMaker_fix | Return summary generated for arr
[INFO] | 2026-09-17 11:26:38 AM | analyzer.BatchedBancorMarketMaker_fix | State variable assignement do not exist
[INFO] | 2026-09-17 11:26:38 AM | analyzer.BatchedBancorMarketMaker_fix | Processed function arr
[INFO] | 2026-09-17 11:26:38 AM | analyzer.BatchedBancorMarketMaker_fix | Generating return summary for arr
[INFO] | 2026-09-17 11:26:38 AM | analyzer.BatchedBancorMarketMaker_fix | Return summary generated for arr
[INFO] | 2026-09-17 11:26:38 AM | analyzer.BatchedBancorMarketMaker_fix | State variable assignement do not exist
[INFO] | 2026-09-17 11:26:38 AM | analyzer.BatchedBancorMarketMaker_fix | Processed function arr
[INFO] | 2026-09-17 11:26:38 AM | analyzer.BatchedBancorMarketMaker_fix | Generating return summary for arr
[INFO] | 2026-09-17 11:26:38 AM | analyzer.BatchedBancorMarketMaker_fix | Return summary generated for arr
[INFO] | 2026-09-17 11:26:38 AM | analyzer.BatchedBancorMarketMaker_fix | State variable assignement do not exist
[INFO] | 2026-09-17 11:26:38 AM | analyzer.BatchedBancorMarketMaker_fix | Processed function arr
[INFO] | 2026-09-17 11:26:38 AM | analyzer.BatchedBancorMarketMaker_fix | Generating return summary for arr
[INFO] | 2026-09-17 11:26:38 AM | analyzer.BatchedBancorMarketMaker_fix | Return summary generated for arr
[INFO] | 2026-09-17 11:26:38 AM | analyzer.BatchedBancorMarketMaker_fix | State variable assignement do not exist
[INFO] | 2026-09-17 11:26:38 AM | analyzer.BatchedBancorMarketMaker_fix | Processed function arr
[INFO] | 2026-09-17 11:26:38 AM | analyzer.BatchedBancorMarketMaker_fix | Generating return summary for arr
[INFO] | 2026-09-17 11:26:38 AM | analyzer.BatchedBancorMarketMaker_fix | Return summary generated for arr
[INFO] | 2026-09-17 11:26:38 AM | analyzer.BatchedBancorMarketMaker_fix | State variable assignement do not exist
[INFO] | 2026-09-17 11:26:38 AM | analyzer.BatchedBancorMarketMaker_fix | Processed function arr
[INFO] | 2026-09-17 11:26:38 AM | analyzer.BatchedBancorMarketMaker_fix | Generating return summary for arr
[INFO] | 2026-09-17 11:26:38 AM | analyzer.BatchedBancorMarketMaker_fix | Return summary generated for arr
[INFO] | 2026-09-17 11:26:38 AM | analyzer.BatchedBancorMarketMaker_fix | State variable assignement do not exist
[INFO] | 2026-09-17 11:26:38 AM | analyzer.BatchedBancorMarketMaker_fix | Processed function arr
[INFO] | 2026-09-17 11:26:38 AM | analyzer.BatchedBancorMarketMaker_fix | Generating return summary for arr
[INFO] | 2026-09-17 11:26:38 AM | analyzer.BatchedBancorMarketMaker_fix | Return summary generated for arr
[INFO] | 2026-09-17 11:26:38 AM | analyzer.BatchedBancorMarketMaker_fix | State variable assignement do not exist
[INFO] | 2026-09-17 11:26:38 AM | analyzer.BatchedBancorMarketMaker_fix | Processed function arr
[INFO] | 2026-09-17 11:26:38 AM | analyzer.BatchedBancorMarketMaker_fix | Generating return summary for getVesting
[WARNING] | 2026-09-17 11:26:38 AM | analyzer.BatchedBancorMarketMaker_fix | No lvalue eligible assignment, is this some bug!
[WARNING] | 2026-09-17 11:26:38 AM | analyzer.BatchedBancorMarketMaker_fix | No lvalue eligible assignment, is this some bug!
[INFO] | 2026-09-17 11:26:38 AM | analyzer.BatchedBancorMarketMaker_fix | Return summary generated for getVesting
[INFO] | 2026-09-17 11:26:38 AM | analyzer.BatchedBancorMarketMaker_fix | State variable assignement do not exist
[INFO] | 2026-09-17 11:26:38 AM | analyzer.BatchedBancorMarketMaker_fix | Processed function getVesting
[INFO] | 2026-09-17 11:26:38 AM | analyzer.BatchedBancorMarketMaker_fix | Generating return summary for onApprove
[INFO] | 2026-09-17 11:26:38 AM | analyzer.BatchedBancorMarketMaker_fix | Return summary generated for onApprove
[INFO] | 2026-09-17 11:26:38 AM | analyzer.BatchedBancorMarketMaker_fix | State variable assignement do not exist
[INFO] | 2026-09-17 11:26:38 AM | analyzer.BatchedBancorMarketMaker_fix | Processed function onApprove
[INFO] | 2026-09-17 11:26:38 AM | analyzer.BatchedBancorMarketMaker_fix | Generating return summary for proxyPayment
[INFO] | 2026-09-17 11:26:38 AM | analyzer.BatchedBancorMarketMaker_fix | Return summary generated for proxyPayment
[INFO] | 2026-09-17 11:26:38 AM | analyzer.BatchedBancorMarketMaker_fix | State variable assignement do not exist
[INFO] | 2026-09-17 11:26:38 AM | analyzer.BatchedBancorMarketMaker_fix | Processed function proxyPayment
[INFO] | 2026-09-17 11:26:38 AM | analyzer.BatchedBancorMarketMaker_fix | Generating return summary for _tokenManagerSettingIsValid
[INFO] | 2026-09-17 11:26:38 AM | analyzer.BatchedBancorMarketMaker_fix | Return summary generated for _tokenManagerSettingIsValid
[INFO] | 2026-09-17 11:26:38 AM | analyzer.BatchedBancorMarketMaker_fix | State variable assignement do not exist
[INFO] | 2026-09-17 11:26:38 AM | analyzer.BatchedBancorMarketMaker_fix | Processed function _tokenManagerSettingIsValid
[INFO] | 2026-09-17 11:26:38 AM | analyzer.BatchedBancorMarketMaker_fix | Generating return summary for arr
[INFO] | 2026-09-17 11:26:38 AM | analyzer.BatchedBancorMarketMaker_fix | Return summary generated for arr
[INFO] | 2026-09-17 11:26:38 AM | analyzer.BatchedBancorMarketMaker_fix | State variable assignement do not exist
[INFO] | 2026-09-17 11:26:38 AM | analyzer.BatchedBancorMarketMaker_fix | Processed function arr
[INFO] | 2026-09-17 11:26:38 AM | analyzer.BatchedBancorMarketMaker_fix | Generating return summary for arr
[INFO] | 2026-09-17 11:26:38 AM | analyzer.BatchedBancorMarketMaker_fix | Return summary generated for arr
[INFO] | 2026-09-17 11:26:38 AM | analyzer.BatchedBancorMarketMaker_fix | State variable assignement do not exist
[INFO] | 2026-09-17 11:26:38 AM | analyzer.BatchedBancorMarketMaker_fix | Processed function arr
[INFO] | 2026-09-17 11:26:38 AM | analyzer.BatchedBancorMarketMaker_fix | Generating return summary for arr
[INFO] | 2026-09-17 11:26:38 AM | analyzer.BatchedBancorMarketMaker_fix | Return summary generated for arr
[INFO] | 2026-09-17 11:26:38 AM | analyzer.BatchedBancorMarketMaker_fix | State variable assignement do not exist
[INFO] | 2026-09-17 11:26:38 AM | analyzer.BatchedBancorMarketMaker_fix | Processed function arr
[INFO] | 2026-09-17 11:26:38 AM | analyzer.BatchedBancorMarketMaker_fix | Generating return summary for arr
[INFO] | 2026-09-17 11:26:38 AM | analyzer.BatchedBancorMarketMaker_fix | Return summary generated for arr
[INFO] | 2026-09-17 11:26:38 AM | analyzer.BatchedBancorMarketMaker_fix | State variable assignement do not exist
[INFO] | 2026-09-17 11:26:38 AM | analyzer.BatchedBancorMarketMaker_fix | Processed function arr
[INFO] | 2026-09-17 11:26:38 AM | analyzer.BatchedBancorMarketMaker_fix | Generating return summary for arr
[INFO] | 2026-09-17 11:26:38 AM | analyzer.BatchedBancorMarketMaker_fix | Return summary generated for arr
[INFO] | 2026-09-17 11:26:38 AM | analyzer.BatchedBancorMarketMaker_fix | State variable assignement do not exist
[INFO] | 2026-09-17 11:26:38 AM | analyzer.BatchedBancorMarketMaker_fix | Processed function arr
[INFO] | 2026-09-17 11:26:38 AM | analyzer.BatchedBancorMarketMaker_fix | Generating return summary for arr
[INFO] | 2026-09-17 11:26:38 AM | analyzer.BatchedBancorMarketMaker_fix | Return summary generated for arr
[INFO] | 2026-09-17 11:26:38 AM | analyzer.BatchedBancorMarketMaker_fix | State variable assignement do not exist
[INFO] | 2026-09-17 11:26:38 AM | analyzer.BatchedBancorMarketMaker_fix | Processed function arr
[INFO] | 2026-09-17 11:26:38 AM | analyzer.BatchedBancorMarketMaker_fix | Generating return summary for arr
[INFO] | 2026-09-17 11:26:38 AM | analyzer.BatchedBancorMarketMaker_fix | Return summary generated for arr
[INFO] | 2026-09-17 11:26:38 AM | analyzer.BatchedBancorMarketMaker_fix | State variable assignement do not exist
[INFO] | 2026-09-17 11:26:38 AM | analyzer.BatchedBancorMarketMaker_fix | Processed function arr
[INFO] | 2026-09-17 11:26:38 AM | analyzer.BatchedBancorMarketMaker_fix | Generating return summary for arr
[INFO] | 2026-09-17 11:26:38 AM | analyzer.BatchedBancorMarketMaker_fix | Return summary generated for arr
[INFO] | 2026-09-17 11:26:38 AM | analyzer.BatchedBancorMarketMaker_fix | State variable assignement do not exist
[INFO] | 2026-09-17 11:26:38 AM | analyzer.BatchedBancorMarketMaker_fix | Processed function arr
[INFO] | 2026-09-17 11:26:38 AM | analyzer.BatchedBancorMarketMaker_fix | Generating return summary for arr
[INFO] | 2026-09-17 11:26:38 AM | analyzer.BatchedBancorMarketMaker_fix | Return summary generated for arr
[INFO] | 2026-09-17 11:26:38 AM | analyzer.BatchedBancorMarketMaker_fix | State variable assignement do not exist
[INFO] | 2026-09-17 11:26:38 AM | analyzer.BatchedBancorMarketMaker_fix | Processed function arr
[INFO] | 2026-09-17 11:26:38 AM | analyzer.BatchedBancorMarketMaker_fix | Generating return summary for arr
[INFO] | 2026-09-17 11:26:38 AM | analyzer.BatchedBancorMarketMaker_fix | Return summary generated for arr
[INFO] | 2026-09-17 11:26:38 AM | analyzer.BatchedBancorMarketMaker_fix | State variable assignement do not exist
[INFO] | 2026-09-17 11:26:38 AM | analyzer.BatchedBancorMarketMaker_fix | Processed function arr
[INFO] | 2026-09-17 11:26:38 AM | analyzer.BatchedBancorMarketMaker_fix | Generating return summary for generalLog
[INFO] | 2026-09-17 11:26:38 AM | analyzer.BatchedBancorMarketMaker_fix | Return summary generated for generalLog
[INFO] | 2026-09-17 11:26:38 AM | analyzer.BatchedBancorMarketMaker_fix | State variable assignement do not exist
[INFO] | 2026-09-17 11:26:38 AM | analyzer.BatchedBancorMarketMaker_fix | Processed function generalLog
[INFO] | 2026-09-17 11:26:38 AM | analyzer.BatchedBancorMarketMaker_fix | Generating return summary for _poolBalanceIsSufficient
[INFO] | 2026-09-17 11:26:38 AM | analyzer.BatchedBancorMarketMaker_fix | Return summary generated for _poolBalanceIsSufficient
[INFO] | 2026-09-17 11:26:38 AM | analyzer.BatchedBancorMarketMaker_fix | State variable assignement do not exist
[INFO] | 2026-09-17 11:26:38 AM | analyzer.BatchedBancorMarketMaker_fix | Processed function _poolBalanceIsSufficient
[INFO] | 2026-09-17 11:26:38 AM | analyzer.BatchedBancorMarketMaker_fix | Generating return summary for arr
[INFO] | 2026-09-17 11:26:38 AM | analyzer.BatchedBancorMarketMaker_fix | Return summary generated for arr
[INFO] | 2026-09-17 11:26:38 AM | analyzer.BatchedBancorMarketMaker_fix | State variable assignement do not exist
[INFO] | 2026-09-17 11:26:38 AM | analyzer.BatchedBancorMarketMaker_fix | Processed function arr
[INFO] | 2026-09-17 11:26:38 AM | analyzer.BatchedBancorMarketMaker_fix | Generating return summary for arr
[INFO] | 2026-09-17 11:26:38 AM | analyzer.BatchedBancorMarketMaker_fix | Return summary generated for arr
[INFO] | 2026-09-17 11:26:38 AM | analyzer.BatchedBancorMarketMaker_fix | State variable assignement do not exist
[INFO] | 2026-09-17 11:26:38 AM | analyzer.BatchedBancorMarketMaker_fix | Processed function arr
[INFO] | 2026-09-17 11:26:38 AM | analyzer.BatchedBancorMarketMaker_fix | Generating return summary for arr
[INFO] | 2026-09-17 11:26:38 AM | analyzer.BatchedBancorMarketMaker_fix | Return summary generated for arr
[INFO] | 2026-09-17 11:26:38 AM | analyzer.BatchedBancorMarketMaker_fix | State variable assignement do not exist
[INFO] | 2026-09-17 11:26:38 AM | analyzer.BatchedBancorMarketMaker_fix | Processed function arr
[INFO] | 2026-09-17 11:26:38 AM | analyzer.BatchedBancorMarketMaker_fix | Generating return summary for arr
[INFO] | 2026-09-17 11:26:38 AM | analyzer.BatchedBancorMarketMaker_fix | Return summary generated for arr
[INFO] | 2026-09-17 11:26:38 AM | analyzer.BatchedBancorMarketMaker_fix | State variable assignement do not exist
[INFO] | 2026-09-17 11:26:38 AM | analyzer.BatchedBancorMarketMaker_fix | Processed function arr
[INFO] | 2026-09-17 11:26:38 AM | analyzer.BatchedBancorMarketMaker_fix | Generating return summary for arr
[INFO] | 2026-09-17 11:26:38 AM | analyzer.BatchedBancorMarketMaker_fix | Return summary generated for arr
[INFO] | 2026-09-17 11:26:38 AM | analyzer.BatchedBancorMarketMaker_fix | State variable assignement do not exist
[INFO] | 2026-09-17 11:26:38 AM | analyzer.BatchedBancorMarketMaker_fix | Processed function arr
[INFO] | 2026-09-17 11:26:38 AM | analyzer.BatchedBancorMarketMaker_fix | Generating return summary for arr
[INFO] | 2026-09-17 11:26:38 AM | analyzer.BatchedBancorMarketMaker_fix | Return summary generated for arr
[INFO] | 2026-09-17 11:26:38 AM | analyzer.BatchedBancorMarketMaker_fix | State variable assignement do not exist
[INFO] | 2026-09-17 11:26:38 AM | analyzer.BatchedBancorMarketMaker_fix | Processed function arr
[INFO] | 2026-09-17 11:26:38 AM | analyzer.BatchedBancorMarketMaker_fix | Generating return summary for arr
[INFO] | 2026-09-17 11:26:38 AM | analyzer.BatchedBancorMarketMaker_fix | Return summary generated for arr
[INFO] | 2026-09-17 11:26:38 AM | analyzer.BatchedBancorMarketMaker_fix | State variable assignement do not exist
[INFO] | 2026-09-17 11:26:38 AM | analyzer.BatchedBancorMarketMaker_fix | Processed function arr
[INFO] | 2026-09-17 11:26:38 AM | analyzer.BatchedBancorMarketMaker_fix | Generating return summary for arr
[INFO] | 2026-09-17 11:26:38 AM | analyzer.BatchedBancorMarketMaker_fix | Return summary generated for arr
[INFO] | 2026-09-17 11:26:38 AM | analyzer.BatchedBancorMarketMaker_fix | State variable assignement do not exist
[INFO] | 2026-09-17 11:26:38 AM | analyzer.BatchedBancorMarketMaker_fix | Processed function arr
[INFO] | 2026-09-17 11:26:38 AM | analyzer.BatchedBancorMarketMaker_fix | Generating return summary for arr
[INFO] | 2026-09-17 11:26:38 AM | analyzer.BatchedBancorMarketMaker_fix | Return summary generated for arr
[INFO] | 2026-09-17 11:26:38 AM | analyzer.BatchedBancorMarketMaker_fix | State variable assignement do not exist
[INFO] | 2026-09-17 11:26:38 AM | analyzer.BatchedBancorMarketMaker_fix | Processed function arr
[INFO] | 2026-09-17 11:26:38 AM | analyzer.BatchedBancorMarketMaker_fix | Generating return summary for arr
[INFO] | 2026-09-17 11:26:38 AM | analyzer.BatchedBancorMarketMaker_fix | Return summary generated for arr
[INFO] | 2026-09-17 11:26:38 AM | analyzer.BatchedBancorMarketMaker_fix | State variable assignement do not exist
[INFO] | 2026-09-17 11:26:38 AM | analyzer.BatchedBancorMarketMaker_fix | Processed function arr
[INFO] | 2026-09-17 11:26:38 AM | analyzer.BatchedBancorMarketMaker_fix | Generating return summary for updateFormula
[INFO] | 2026-09-17 11:26:38 AM | analyzer.BatchedBancorMarketMaker_fix | Return summary generated for updateFormula
[INFO] | 2026-09-17 11:26:38 AM | analyzer.BatchedBancorMarketMaker_fix | Generating return summary for hasInitialized
[INFO] | 2026-09-17 11:26:38 AM | analyzer.BatchedBancorMarketMaker_fix | Return summary generated for hasInitialized
[INFO] | 2026-09-17 11:26:38 AM | analyzer.BatchedBancorMarketMaker_fix | Range graph generated
[INFO] | 2026-09-17 11:26:38 AM | analyzer.BatchedBancorMarketMaker_fix | Processed function updateFormula
[INFO] | 2026-09-17 11:26:38 AM | analyzer.BatchedBancorMarketMaker_fix | Generating return summary for addCollateralToken
[INFO] | 2026-09-17 11:26:38 AM | analyzer.BatchedBancorMarketMaker_fix | Return summary generated for addCollateralToken
[INFO] | 2026-09-17 11:26:38 AM | analyzer.BatchedBancorMarketMaker_fix | Range graph generated
[INFO] | 2026-09-17 11:26:38 AM | analyzer.BatchedBancorMarketMaker_fix | Processed function addCollateralToken
[INFO] | 2026-09-17 11:26:38 AM | analyzer.BatchedBancorMarketMaker_fix | Generating return summary for updateBeneficiary
[INFO] | 2026-09-17 11:26:38 AM | analyzer.BatchedBancorMarketMaker_fix | Return summary generated for updateBeneficiary
[INFO] | 2026-09-17 11:26:38 AM | analyzer.BatchedBancorMarketMaker_fix | Range graph generated
[INFO] | 2026-09-17 11:26:38 AM | analyzer.BatchedBancorMarketMaker_fix | Processed function updateBeneficiary
[INFO] | 2026-09-17 11:26:38 AM | analyzer.BatchedBancorMarketMaker_fix | Generating return summary for updateFees
[INFO] | 2026-09-17 11:26:38 AM | analyzer.BatchedBancorMarketMaker_fix | Return summary generated for updateFees
[INFO] | 2026-09-17 11:26:38 AM | analyzer.BatchedBancorMarketMaker_fix | Range graph generated
[INFO] | 2026-09-17 11:26:38 AM | analyzer.BatchedBancorMarketMaker_fix | Processed function updateFees
[INFO] | 2026-09-17 11:26:38 AM | analyzer.BatchedBancorMarketMaker_fix | Generating return summary for updateCollateralToken
[INFO] | 2026-09-17 11:26:38 AM | analyzer.BatchedBancorMarketMaker_fix | Return summary generated for updateCollateralToken
[INFO] | 2026-09-17 11:26:38 AM | analyzer.BatchedBancorMarketMaker_fix | Range graph generated
[INFO] | 2026-09-17 11:26:38 AM | analyzer.BatchedBancorMarketMaker_fix | Processed function updateCollateralToken
[INFO] | 2026-09-17 11:26:38 AM | analyzer.BatchedBancorMarketMaker_fix | Generating return summary for open
[INFO] | 2026-09-17 11:26:38 AM | analyzer.BatchedBancorMarketMaker_fix | Return summary generated for open
[INFO] | 2026-09-17 11:26:38 AM | analyzer.BatchedBancorMarketMaker_fix | Range graph generated
[INFO] | 2026-09-17 11:26:38 AM | analyzer.BatchedBancorMarketMaker_fix | Processed function open
[INFO] | 2026-09-17 11:26:38 AM | analyzer.BatchedBancorMarketMaker_fix | Generating return summary for getCollateralToken
[INFO] | 2026-09-17 11:26:38 AM | analyzer.BatchedBancorMarketMaker_fix | Return summary generated for getCollateralToken
[INFO] | 2026-09-17 11:26:38 AM | analyzer.BatchedBancorMarketMaker_fix | State variable assignement do not exist
[INFO] | 2026-09-17 11:26:38 AM | analyzer.BatchedBancorMarketMaker_fix | Processed function getCollateralToken
[INFO] | 2026-09-17 11:26:38 AM | analyzer.BatchedBancorMarketMaker_fix | Generating return summary for getBatch
[INFO] | 2026-09-17 11:26:38 AM | analyzer.BatchedBancorMarketMaker_fix | Return summary generated for getBatch
[INFO] | 2026-09-17 11:26:38 AM | analyzer.BatchedBancorMarketMaker_fix | State variable assignement do not exist
[INFO] | 2026-09-17 11:26:38 AM | analyzer.BatchedBancorMarketMaker_fix | Processed function getBatch
[INFO] | 2026-09-17 11:26:38 AM | analyzer.BatchedBancorMarketMaker_fix | Generating return summary for getEVMScriptRegistry
[INFO] | 2026-09-17 11:26:38 AM | analyzer.BatchedBancorMarketMaker_fix | Return summary generated for getEVMScriptRegistry
[INFO] | 2026-09-17 11:26:38 AM | analyzer.BatchedBancorMarketMaker_fix | State variable assignement do not exist
[INFO] | 2026-09-17 11:26:38 AM | analyzer.BatchedBancorMarketMaker_fix | Processed function getEVMScriptRegistry
[INFO] | 2026-09-17 11:26:38 AM | analyzer.BatchedBancorMarketMaker_fix | Generating return summary for getEVMScriptRegistry
[INFO] | 2026-09-17 11:26:38 AM | analyzer.BatchedBancorMarketMaker_fix | Return summary generated for getEVMScriptRegistry
[INFO] | 2026-09-17 11:26:38 AM | analyzer.BatchedBancorMarketMaker_fix | State variable assignement do not exist
[INFO] | 2026-09-17 11:26:38 AM | analyzer.BatchedBancorMarketMaker_fix | Processed function getEVMScriptRegistry
[INFO] | 2026-09-17 11:26:38 AM | analyzer.BatchedBancorMarketMaker_fix | Generating return summary for getRecoveryVault
[INFO] | 2026-09-17 11:26:38 AM | analyzer.BatchedBancorMarketMaker_fix | Return summary generated for getRecoveryVault
[INFO] | 2026-09-17 11:26:38 AM | analyzer.BatchedBancorMarketMaker_fix | State variable assignement do not exist
[INFO] | 2026-09-17 11:26:38 AM | analyzer.BatchedBancorMarketMaker_fix | Processed function getRecoveryVault
[INFO] | 2026-09-17 11:26:38 AM | analyzer.BatchedBancorMarketMaker_fix | Generating return summary for getEVMScriptRegistry
[INFO] | 2026-09-17 11:26:38 AM | analyzer.BatchedBancorMarketMaker_fix | Return summary generated for getEVMScriptRegistry
[INFO] | 2026-09-17 11:26:38 AM | analyzer.BatchedBancorMarketMaker_fix | State variable assignement do not exist
[INFO] | 2026-09-17 11:26:38 AM | analyzer.BatchedBancorMarketMaker_fix | Processed function getEVMScriptRegistry
[INFO] | 2026-09-17 11:26:38 AM | analyzer.BatchedBancorMarketMaker_fix | Generating return summary for getRecoveryVault
[INFO] | 2026-09-17 11:26:38 AM | analyzer.BatchedBancorMarketMaker_fix | Return summary generated for getRecoveryVault
[INFO] | 2026-09-17 11:26:38 AM | analyzer.BatchedBancorMarketMaker_fix | State variable assignement do not exist
[INFO] | 2026-09-17 11:26:38 AM | analyzer.BatchedBancorMarketMaker_fix | Processed function getRecoveryVault
[INFO] | 2026-09-17 11:26:38 AM | analyzer.BatchedBancorMarketMaker_fix | Generating return summary for getEVMScriptRegistry
[INFO] | 2026-09-17 11:26:38 AM | analyzer.BatchedBancorMarketMaker_fix | Return summary generated for getEVMScriptRegistry
[INFO] | 2026-09-17 11:26:38 AM | analyzer.BatchedBancorMarketMaker_fix | State variable assignement do not exist
[INFO] | 2026-09-17 11:26:38 AM | analyzer.BatchedBancorMarketMaker_fix | Processed function getEVMScriptRegistry
[INFO] | 2026-09-17 11:26:38 AM | analyzer.BatchedBancorMarketMaker_fix | Generating return summary for getRecoveryVault
[INFO] | 2026-09-17 11:26:38 AM | analyzer.BatchedBancorMarketMaker_fix | Return summary generated for getRecoveryVault
[INFO] | 2026-09-17 11:26:38 AM | analyzer.BatchedBancorMarketMaker_fix | State variable assignement do not exist
[INFO] | 2026-09-17 11:26:38 AM | analyzer.BatchedBancorMarketMaker_fix | Processed function getRecoveryVault
[INFO] | 2026-09-17 11:26:38 AM | analyzer.BatchedBancorMarketMaker_fix | Generating return summary for getEVMScriptRegistry
[INFO] | 2026-09-17 11:26:38 AM | analyzer.BatchedBancorMarketMaker_fix | Return summary generated for getEVMScriptRegistry
[INFO] | 2026-09-17 11:26:38 AM | analyzer.BatchedBancorMarketMaker_fix | State variable assignement do not exist
[INFO] | 2026-09-17 11:26:38 AM | analyzer.BatchedBancorMarketMaker_fix | Processed function getEVMScriptRegistry
[INFO] | 2026-09-17 11:26:38 AM | analyzer.BatchedBancorMarketMaker_fix | Generating return summary for getRecoveryVault
[INFO] | 2026-09-17 11:26:38 AM | analyzer.BatchedBancorMarketMaker_fix | Return summary generated for getRecoveryVault
[INFO] | 2026-09-17 11:26:38 AM | analyzer.BatchedBancorMarketMaker_fix | State variable assignement do not exist
[INFO] | 2026-09-17 11:26:38 AM | analyzer.BatchedBancorMarketMaker_fix | Processed function getRecoveryVault
[INFO] | 2026-09-17 11:26:38 AM | analyzer.BatchedBancorMarketMaker_fix | Generating return summary for hasInitialized
[INFO] | 2026-09-17 11:26:38 AM | analyzer.BatchedBancorMarketMaker_fix | Return summary generated for hasInitialized
[INFO] | 2026-09-17 11:26:38 AM | analyzer.BatchedBancorMarketMaker_fix | State variable assignement do not exist
[INFO] | 2026-09-17 11:26:38 AM | analyzer.BatchedBancorMarketMaker_fix | Processed function hasInitialized
[INFO] | 2026-09-17 11:26:38 AM | analyzer.BatchedBancorMarketMaker_fix | Generating return summary for hasInitialized
[INFO] | 2026-09-17 11:26:38 AM | analyzer.BatchedBancorMarketMaker_fix | Return summary generated for hasInitialized
[INFO] | 2026-09-17 11:26:38 AM | analyzer.BatchedBancorMarketMaker_fix | State variable assignement do not exist
[INFO] | 2026-09-17 11:26:38 AM | analyzer.BatchedBancorMarketMaker_fix | Processed function hasInitialized
[INFO] | 2026-09-17 11:26:38 AM | analyzer.BatchedBancorMarketMaker_fix | Generating return summary for isPetrified
[INFO] | 2026-09-17 11:26:38 AM | analyzer.BatchedBancorMarketMaker_fix | Return summary generated for isPetrified
[INFO] | 2026-09-17 11:26:38 AM | analyzer.BatchedBancorMarketMaker_fix | State variable assignement do not exist
[INFO] | 2026-09-17 11:26:38 AM | analyzer.BatchedBancorMarketMaker_fix | Processed function isPetrified
[INFO] | 2026-09-17 11:26:38 AM | analyzer.BatchedBancorMarketMaker_fix | Generating return summary for hasInitialized
[INFO] | 2026-09-17 11:26:38 AM | analyzer.BatchedBancorMarketMaker_fix | Return summary generated for hasInitialized
[INFO] | 2026-09-17 11:26:38 AM | analyzer.BatchedBancorMarketMaker_fix | State variable assignement do not exist
[INFO] | 2026-09-17 11:26:38 AM | analyzer.BatchedBancorMarketMaker_fix | Processed function hasInitialized
[INFO] | 2026-09-17 11:26:38 AM | analyzer.BatchedBancorMarketMaker_fix | Generating return summary for isPetrified
[INFO] | 2026-09-17 11:26:38 AM | analyzer.BatchedBancorMarketMaker_fix | Return summary generated for isPetrified
[INFO] | 2026-09-17 11:26:38 AM | analyzer.BatchedBancorMarketMaker_fix | State variable assignement do not exist
[INFO] | 2026-09-17 11:26:38 AM | analyzer.BatchedBancorMarketMaker_fix | Processed function isPetrified
[INFO] | 2026-09-17 11:26:38 AM | analyzer.BatchedBancorMarketMaker_fix | Generating return summary for hasInitialized
[INFO] | 2026-09-17 11:26:38 AM | analyzer.BatchedBancorMarketMaker_fix | Return summary generated for hasInitialized
[INFO] | 2026-09-17 11:26:38 AM | analyzer.BatchedBancorMarketMaker_fix | State variable assignement do not exist
[INFO] | 2026-09-17 11:26:38 AM | analyzer.BatchedBancorMarketMaker_fix | Processed function hasInitialized
[INFO] | 2026-09-17 11:26:38 AM | analyzer.BatchedBancorMarketMaker_fix | Generating return summary for hasInitialized
[INFO] | 2026-09-17 11:26:38 AM | analyzer.BatchedBancorMarketMaker_fix | Return summary generated for hasInitialized
[INFO] | 2026-09-17 11:26:38 AM | analyzer.BatchedBancorMarketMaker_fix | State variable assignement do not exist
[INFO] | 2026-09-17 11:26:38 AM | analyzer.BatchedBancorMarketMaker_fix | Processed function hasInitialized
[INFO] | 2026-09-17 11:26:38 AM | analyzer.BatchedBancorMarketMaker_fix | Generating return summary for isPetrified
[INFO] | 2026-09-17 11:26:38 AM | analyzer.BatchedBancorMarketMaker_fix | Return summary generated for isPetrified
[INFO] | 2026-09-17 11:26:38 AM | analyzer.BatchedBancorMarketMaker_fix | State variable assignement do not exist
[INFO] | 2026-09-17 11:26:38 AM | analyzer.BatchedBancorMarketMaker_fix | Processed function isPetrified
[INFO] | 2026-09-17 11:26:38 AM | analyzer.BatchedBancorMarketMaker_fix | Generating return summary for hasInitialized
[INFO] | 2026-09-17 11:26:38 AM | analyzer.BatchedBancorMarketMaker_fix | Return summary generated for hasInitialized
[INFO] | 2026-09-17 11:26:38 AM | analyzer.BatchedBancorMarketMaker_fix | State variable assignement do not exist
[INFO] | 2026-09-17 11:26:38 AM | analyzer.BatchedBancorMarketMaker_fix | Processed function hasInitialized
[INFO] | 2026-09-17 11:26:38 AM | analyzer.BatchedBancorMarketMaker_fix | Generating return summary for isPetrified
[INFO] | 2026-09-17 11:26:38 AM | analyzer.BatchedBancorMarketMaker_fix | Return summary generated for isPetrified
[INFO] | 2026-09-17 11:26:38 AM | analyzer.BatchedBancorMarketMaker_fix | State variable assignement do not exist
[INFO] | 2026-09-17 11:26:38 AM | analyzer.BatchedBancorMarketMaker_fix | Processed function isPetrified
[INFO] | 2026-09-17 11:26:38 AM | analyzer.BatchedBancorMarketMaker_fix | Generating return summary for hasInitialized
[INFO] | 2026-09-17 11:26:38 AM | analyzer.BatchedBancorMarketMaker_fix | Return summary generated for hasInitialized
[INFO] | 2026-09-17 11:26:38 AM | analyzer.BatchedBancorMarketMaker_fix | State variable assignement do not exist
[INFO] | 2026-09-17 11:26:38 AM | analyzer.BatchedBancorMarketMaker_fix | Processed function hasInitialized
[INFO] | 2026-09-17 11:26:38 AM | analyzer.BatchedBancorMarketMaker_fix | Generating return summary for isPetrified
[INFO] | 2026-09-17 11:26:38 AM | analyzer.BatchedBancorMarketMaker_fix | Return summary generated for isPetrified
[INFO] | 2026-09-17 11:26:38 AM | analyzer.BatchedBancorMarketMaker_fix | State variable assignement do not exist
[INFO] | 2026-09-17 11:26:38 AM | analyzer.BatchedBancorMarketMaker_fix | Processed function isPetrified
[INFO] | 2026-09-17 11:26:38 AM | analyzer.BatchedBancorMarketMaker_fix | State variable assignement do not exist
[INFO] | 2026-09-17 11:26:38 AM | analyzer.BatchedBancorMarketMaker_fix | Processed function hasInitialized
[INFO] | 2026-09-17 11:26:38 AM | analyzer.BatchedBancorMarketMaker_fix | Generating return summary for isPetrified
[INFO] | 2026-09-17 11:26:38 AM | analyzer.BatchedBancorMarketMaker_fix | Return summary generated for isPetrified
[INFO] | 2026-09-17 11:26:38 AM | analyzer.BatchedBancorMarketMaker_fix | State variable assignement do not exist
[INFO] | 2026-09-17 11:26:38 AM | analyzer.BatchedBancorMarketMaker_fix | Processed function isPetrified
[INFO] | 2026-09-17 11:26:38 AM | analyzer.BatchedBancorMarketMaker_fix | Generating return summary for petrify
[INFO] | 2026-09-17 11:26:38 AM | analyzer.BatchedBancorMarketMaker_fix | Return summary generated for petrify
[INFO] | 2026-09-17 11:26:38 AM | analyzer.BatchedBancorMarketMaker_fix | State variable assignement do not exist
[INFO] | 2026-09-17 11:26:38 AM | analyzer.BatchedBancorMarketMaker_fix | Processed function petrify
[INFO] | 2026-09-17 11:26:38 AM | analyzer.BatchedBancorMarketMaker_fix | Generating return summary for petrify
[INFO] | 2026-09-17 11:26:38 AM | analyzer.BatchedBancorMarketMaker_fix | Return summary generated for petrify
[INFO] | 2026-09-17 11:26:38 AM | analyzer.BatchedBancorMarketMaker_fix | State variable assignement do not exist
[INFO] | 2026-09-17 11:26:38 AM | analyzer.BatchedBancorMarketMaker_fix | Processed function petrify
[INFO] | 2026-09-17 11:26:38 AM | analyzer.BatchedBancorMarketMaker_fix | Generating return summary for petrify
[INFO] | 2026-09-17 11:26:38 AM | analyzer.BatchedBancorMarketMaker_fix | Return summary generated for petrify
[INFO] | 2026-09-17 11:26:38 AM | analyzer.BatchedBancorMarketMaker_fix | State variable assignement do not exist
[INFO] | 2026-09-17 11:26:38 AM | analyzer.BatchedBancorMarketMaker_fix | Processed function petrify
[INFO] | 2026-09-17 11:26:38 AM | analyzer.BatchedBancorMarketMaker_fix | Generating return summary for petrify
[INFO] | 2026-09-17 11:26:38 AM | analyzer.BatchedBancorMarketMaker_fix | Return summary generated for petrify
[INFO] | 2026-09-17 11:26:38 AM | analyzer.BatchedBancorMarketMaker_fix | State variable assignement do not exist
[INFO] | 2026-09-17 11:26:38 AM | analyzer.BatchedBancorMarketMaker_fix | Processed function petrify
[INFO] | 2026-09-17 11:26:38 AM | analyzer.BatchedBancorMarketMaker_fix | Generating return summary for initialize
[INFO] | 2026-09-17 11:26:38 AM | analyzer.BatchedBancorMarketMaker_fix | Return summary generated for initialize
[INFO] | 2026-09-17 11:26:38 AM | analyzer.BatchedBancorMarketMaker_fix | State variable assignement do not exist
[INFO] | 2026-09-17 11:26:38 AM | analyzer.BatchedBancorMarketMaker_fix | Processed function initialize
[INFO] | 2026-09-17 11:26:38 AM | analyzer.BatchedBancorMarketMaker_fix | Generating return summary for petrify
[INFO] | 2026-09-17 11:26:38 AM | analyzer.BatchedBancorMarketMaker_fix | Return summary generated for petrify
[INFO] | 2026-09-17 11:26:38 AM | analyzer.BatchedBancorMarketMaker_fix | State variable assignement do not exist
[INFO] | 2026-09-17 11:26:38 AM | analyzer.BatchedBancorMarketMaker_fix | Processed function petrify
[INFO] | 2026-09-17 11:26:38 AM | analyzer.BatchedBancorMarketMaker_fix | Generating return summary for petrify
[INFO] | 2026-09-17 11:26:38 AM | analyzer.BatchedBancorMarketMaker_fix | Return summary generated for petrify
[INFO] | 2026-09-17 11:26:38 AM | analyzer.BatchedBancorMarketMaker_fix | State variable assignement do not exist
[INFO] | 2026-09-17 11:26:38 AM | analyzer.BatchedBancorMarketMaker_fix | Processed function petrify
[INFO] | 2026-09-17 11:26:38 AM | analyzer.BatchedBancorMarketMaker_fix | Generating return summary for _deposit
[INFO] | 2026-09-17 11:26:38 AM | analyzer.BatchedBancorMarketMaker_fix | Return summary generated for _deposit
[INFO] | 2026-09-17 11:26:38 AM | analyzer.BatchedBancorMarketMaker_fix | State variable assignement do not exist
[INFO] | 2026-09-17 11:26:38 AM | analyzer.BatchedBancorMarketMaker_fix | Processed function _deposit
[INFO] | 2026-09-17 11:26:38 AM | analyzer.BatchedBancorMarketMaker_fix | Generating return summary for _transfer
[INFO] | 2026-09-17 11:26:38 AM | analyzer.BatchedBancorMarketMaker_fix | Return summary generated for _transfer
[INFO] | 2026-09-17 11:26:38 AM | analyzer.BatchedBancorMarketMaker_fix | State variable assignement do not exist
[INFO] | 2026-09-17 11:26:38 AM | analyzer.BatchedBancorMarketMaker_fix | Processed function _transfer
[INFO] | 2026-09-17 11:26:38 AM | analyzer.BatchedBancorMarketMaker_fix | Generating return summary for transferToVault
[INFO] | 2026-09-17 11:26:38 AM | analyzer.BatchedBancorMarketMaker_fix | Return summary generated for transferToVault
[INFO] | 2026-09-17 11:26:38 AM | analyzer.BatchedBancorMarketMaker_fix | State variable assignement do not exist
[INFO] | 2026-09-17 11:26:38 AM | analyzer.BatchedBancorMarketMaker_fix | Processed function transferToVault
[INFO] | 2026-09-17 11:26:38 AM | analyzer.BatchedBancorMarketMaker_fix | Generating return summary for balance
[INFO] | 2026-09-17 11:26:38 AM | analyzer.BatchedBancorMarketMaker_fix | Return summary generated for balance
[INFO] | 2026-09-17 11:26:38 AM | analyzer.BatchedBancorMarketMaker_fix | State variable assignement do not exist
[INFO] | 2026-09-17 11:26:38 AM | analyzer.BatchedBancorMarketMaker_fix | Processed function balance
[INFO] | 2026-09-17 11:26:38 AM | analyzer.BatchedBancorMarketMaker_fix | Generating return summary for getStaticPricePPM
[INFO] | 2026-09-17 11:26:38 AM | analyzer.BatchedBancorMarketMaker_fix | Return summary generated for getStaticPricePPM
[INFO] | 2026-09-17 11:26:38 AM | analyzer.BatchedBancorMarketMaker_fix | State variable assignement do not exist
[INFO] | 2026-09-17 11:26:38 AM | analyzer.BatchedBancorMarketMaker_fix | Processed function getStaticPricePPM
[INFO] | 2026-09-17 11:26:38 AM | analyzer.BatchedBancorMarketMaker_fix | Generating return summary for _updatePricing
[INFO] | 2026-09-17 11:26:38 AM | analyzer.BatchedBancorMarketMaker_fix | Return summary generated for _updatePricing
[INFO] | 2026-09-17 11:26:38 AM | analyzer.BatchedBancorMarketMaker_fix | State variable assignement do not exist
[INFO] | 2026-09-17 11:26:38 AM | analyzer.BatchedBancorMarketMaker_fix | Processed function _updatePricing
[INFO] | 2026-09-17 11:26:38 AM | analyzer.BatchedBancorMarketMaker_fix | Generating return summary for getCurrentBatchId
[INFO] | 2026-09-17 11:26:38 AM | analyzer.BatchedBancorMarketMaker_fix | Return summary generated for getCurrentBatchId
[INFO] | 2026-09-17 11:26:38 AM | analyzer.BatchedBancorMarketMaker_fix | State variable assignement do not exist
[INFO] | 2026-09-17 11:26:38 AM | analyzer.BatchedBancorMarketMaker_fix | Processed function getCurrentBatchId
[INFO] | 2026-09-17 11:26:38 AM | analyzer.BatchedBancorMarketMaker_fix | Generating return summary for _batchIsOver
[INFO] | 2026-09-17 11:26:38 AM | analyzer.BatchedBancorMarketMaker_fix | Return summary generated for _batchIsOver
[INFO] | 2026-09-17 11:26:38 AM | analyzer.BatchedBancorMarketMaker_fix | State variable assignement do not exist
[INFO] | 2026-09-17 11:26:38 AM | analyzer.BatchedBancorMarketMaker_fix | Processed function _batchIsOver
[INFO] | 2026-09-17 11:26:38 AM | analyzer.BatchedBancorMarketMaker_fix | Generating return summary for _currentBatch
[INFO] | 2026-09-17 11:26:38 AM | analyzer.BatchedBancorMarketMaker_fix | Return summary generated for _currentBatch
[INFO] | 2026-09-17 11:26:38 AM | analyzer.BatchedBancorMarketMaker_fix | State variable assignement do not exist
[INFO] | 2026-09-17 11:26:38 AM | analyzer.BatchedBancorMarketMaker_fix | Processed function _currentBatch
[INFO] | 2026-09-17 11:26:38 AM | analyzer.BatchedBancorMarketMaker_fix | Generating return summary for _slippageIsValid
[INFO] | 2026-09-17 11:26:38 AM | analyzer.BatchedBancorMarketMaker_fix | Return summary generated for _slippageIsValid
[INFO] | 2026-09-17 11:26:38 AM | analyzer.BatchedBancorMarketMaker_fix | State variable assignement do not exist
[INFO] | 2026-09-17 11:26:38 AM | analyzer.BatchedBancorMarketMaker_fix | Processed function _slippageIsValid
[INFO] | 2026-09-17 11:26:38 AM | analyzer.BatchedBancorMarketMaker_fix | Generating return summary for approveAndCall
[INFO] | 2026-09-17 11:26:38 AM | analyzer.BatchedBancorMarketMaker_fix | Return summary generated for approveAndCall
[INFO] | 2026-09-17 11:26:38 AM | analyzer.BatchedBancorMarketMaker_fix | Range graph generated
[INFO] | 2026-09-17 11:26:38 AM | analyzer.BatchedBancorMarketMaker_fix | Processed function approveAndCall
[INFO] | 2026-09-17 11:26:38 AM | analyzer.BatchedBancorMarketMaker_fix | Generating return summary for createCloneToken
[INFO] | 2026-09-17 11:26:38 AM | analyzer.BatchedBancorMarketMaker_fix | Return summary generated for createCloneToken
[INFO] | 2026-09-17 11:26:38 AM | analyzer.BatchedBancorMarketMaker_fix | Range graph generated
[INFO] | 2026-09-17 11:26:38 AM | analyzer.BatchedBancorMarketMaker_fix | Processed function createCloneToken
[INFO] | 2026-09-17 11:26:38 AM | analyzer.BatchedBancorMarketMaker_fix | Generating return summary for initialize
[INFO] | 2026-09-17 11:26:38 AM | analyzer.BatchedBancorMarketMaker_fix | Return summary generated for initialize
[INFO] | 2026-09-17 11:26:38 AM | analyzer.BatchedBancorMarketMaker_fix | Range graph generated
[INFO] | 2026-09-17 11:26:38 AM | analyzer.BatchedBancorMarketMaker_fix | Processed function initialize
[INFO] | 2026-09-17 11:26:38 AM | analyzer.BatchedBancorMarketMaker_fix | Generating return summary for initialize
[INFO] | 2026-09-17 11:26:38 AM | analyzer.BatchedBancorMarketMaker_fix | Return summary generated for initialize
[INFO] | 2026-09-17 11:26:38 AM | analyzer.BatchedBancorMarketMaker_fix | Range graph generated
[INFO] | 2026-09-17 11:26:38 AM | analyzer.BatchedBancorMarketMaker_fix | Processed function initialize
[INFO] | 2026-09-17 11:26:38 AM | analyzer.BatchedBancorMarketMaker_fix | Generating return summary for transfer
[INFO] | 2026-09-17 11:26:38 AM | analyzer.BatchedBancorMarketMaker_fix | Return summary generated for transfer
[INFO] | 2026-09-17 11:26:38 AM | analyzer.BatchedBancorMarketMaker_fix | State variable assignement do not exist
[INFO] | 2026-09-17 11:26:38 AM | analyzer.BatchedBancorMarketMaker_fix | Processed function transfer
[INFO] | 2026-09-17 11:26:38 AM | analyzer.BatchedBancorMarketMaker_fix | Generating return summary for power
[INFO] | 2026-09-17 11:26:38 AM | analyzer.BatchedBancorMarketMaker_fix | Return summary generated for power
[INFO] | 2026-09-17 11:26:38 AM | analyzer.BatchedBancorMarketMaker_fix | State variable assignement do not exist
[INFO] | 2026-09-17 11:26:38 AM | analyzer.BatchedBancorMarketMaker_fix | Processed function power
[INFO] | 2026-09-17 11:26:38 AM | analyzer.BatchedBancorMarketMaker_fix | Generating return summary for getEVMScriptExecutor
[INFO] | 2026-09-17 11:26:38 AM | analyzer.BatchedBancorMarketMaker_fix | Return summary generated for getEVMScriptExecutor
[INFO] | 2026-09-17 11:26:38 AM | analyzer.BatchedBancorMarketMaker_fix | State variable assignement do not exist
[INFO] | 2026-09-17 11:26:38 AM | analyzer.BatchedBancorMarketMaker_fix | Processed function getEVMScriptExecutor
[INFO] | 2026-09-17 11:26:38 AM | analyzer.BatchedBancorMarketMaker_fix | Generating return summary for getEVMScriptExecutor
[INFO] | 2026-09-17 11:26:38 AM | analyzer.BatchedBancorMarketMaker_fix | Return summary generated for getEVMScriptExecutor
[INFO] | 2026-09-17 11:26:38 AM | analyzer.BatchedBancorMarketMaker_fix | State variable assignement do not exist
[INFO] | 2026-09-17 11:26:38 AM | analyzer.BatchedBancorMarketMaker_fix | Processed function getEVMScriptExecutor
[INFO] | 2026-09-17 11:26:38 AM | analyzer.BatchedBancorMarketMaker_fix | Generating return summary for transferToVault
[INFO] | 2026-09-17 11:26:38 AM | analyzer.BatchedBancorMarketMaker_fix | Return summary generated for transferToVault
[INFO] | 2026-09-17 11:26:38 AM | analyzer.BatchedBancorMarketMaker_fix | State variable assignement do not exist
[INFO] | 2026-09-17 11:26:38 AM | analyzer.BatchedBancorMarketMaker_fix | Processed function transferToVault
[INFO] | 2026-09-17 11:26:38 AM | analyzer.BatchedBancorMarketMaker_fix | Generating return summary for getEVMScriptExecutor
[INFO] | 2026-09-17 11:26:38 AM | analyzer.BatchedBancorMarketMaker_fix | Return summary generated for getEVMScriptExecutor
[INFO] | 2026-09-17 11:26:38 AM | analyzer.BatchedBancorMarketMaker_fix | State variable assignement do not exist
[INFO] | 2026-09-17 11:26:38 AM | analyzer.BatchedBancorMarketMaker_fix | Processed function getEVMScriptExecutor
[INFO] | 2026-09-17 11:26:38 AM | analyzer.BatchedBancorMarketMaker_fix | Generating return summary for transferToVault
[INFO] | 2026-09-17 11:26:38 AM | analyzer.BatchedBancorMarketMaker_fix | Return summary generated for transferToVault
[INFO] | 2026-09-17 11:26:38 AM | analyzer.BatchedBancorMarketMaker_fix | State variable assignement do not exist
[INFO] | 2026-09-17 11:26:38 AM | analyzer.BatchedBancorMarketMaker_fix | Processed function transferToVault
[INFO] | 2026-09-17 11:26:38 AM | analyzer.BatchedBancorMarketMaker_fix | Generating return summary for getEVMScriptExecutor
[INFO] | 2026-09-17 11:26:38 AM | analyzer.BatchedBancorMarketMaker_fix | Return summary generated for getEVMScriptExecutor
[INFO] | 2026-09-17 11:26:38 AM | analyzer.BatchedBancorMarketMaker_fix | State variable assignement do not exist
[INFO] | 2026-09-17 11:26:38 AM | analyzer.BatchedBancorMarketMaker_fix | Processed function getEVMScriptExecutor
[INFO] | 2026-09-17 11:26:38 AM | analyzer.BatchedBancorMarketMaker_fix | Generating return summary for transferToVault
[INFO] | 2026-09-17 11:26:38 AM | analyzer.BatchedBancorMarketMaker_fix | Return summary generated for transferToVault
[INFO] | 2026-09-17 11:26:38 AM | analyzer.BatchedBancorMarketMaker_fix | State variable assignement do not exist
[INFO] | 2026-09-17 11:26:38 AM | analyzer.BatchedBancorMarketMaker_fix | Processed function transferToVault
[INFO] | 2026-09-17 11:26:38 AM | analyzer.BatchedBancorMarketMaker_fix | Generating return summary for getEVMScriptExecutor
[INFO] | 2026-09-17 11:26:38 AM | analyzer.BatchedBancorMarketMaker_fix | Return summary generated for getEVMScriptExecutor
[INFO] | 2026-09-17 11:26:38 AM | analyzer.BatchedBancorMarketMaker_fix | State variable assignement do not exist
[INFO] | 2026-09-17 11:26:38 AM | analyzer.BatchedBancorMarketMaker_fix | Processed function getEVMScriptExecutor
[INFO] | 2026-09-17 11:26:38 AM | analyzer.BatchedBancorMarketMaker_fix | Generating return summary for transferToVault
[INFO] | 2026-09-17 11:26:38 AM | analyzer.BatchedBancorMarketMaker_fix | Return summary generated for transferToVault
[INFO] | 2026-09-17 11:26:38 AM | analyzer.BatchedBancorMarketMaker_fix | State variable assignement do not exist
[INFO] | 2026-09-17 11:26:38 AM | analyzer.BatchedBancorMarketMaker_fix | Processed function transferToVault
[INFO] | 2026-09-17 11:26:38 AM | analyzer.BatchedBancorMarketMaker_fix | Generating return summary for canPerform
[INFO] | 2026-09-17 11:26:38 AM | analyzer.BatchedBancorMarketMaker_fix | Return summary generated for canPerform
[INFO] | 2026-09-17 11:26:38 AM | analyzer.BatchedBancorMarketMaker_fix | State variable assignement do not exist
[INFO] | 2026-09-17 11:26:38 AM | analyzer.BatchedBancorMarketMaker_fix | Processed function canPerform
[INFO] | 2026-09-17 11:26:38 AM | analyzer.BatchedBancorMarketMaker_fix | Generating return summary for canPerform
[INFO] | 2026-09-17 11:26:38 AM | analyzer.BatchedBancorMarketMaker_fix | Return summary generated for canPerform
[INFO] | 2026-09-17 11:26:38 AM | analyzer.BatchedBancorMarketMaker_fix | State variable assignement do not exist
[INFO] | 2026-09-17 11:26:38 AM | analyzer.BatchedBancorMarketMaker_fix | Processed function canPerform
[INFO] | 2026-09-17 11:26:38 AM | analyzer.BatchedBancorMarketMaker_fix | Generating return summary for canPerform
[INFO] | 2026-09-17 11:26:38 AM | analyzer.BatchedBancorMarketMaker_fix | Return summary generated for canPerform
[INFO] | 2026-09-17 11:26:38 AM | analyzer.BatchedBancorMarketMaker_fix | State variable assignement do not exist
[INFO] | 2026-09-17 11:26:38 AM | analyzer.BatchedBancorMarketMaker_fix | Processed function canPerform
[INFO] | 2026-09-17 11:26:38 AM | analyzer.BatchedBancorMarketMaker_fix | Generating return summary for canPerform
[INFO] | 2026-09-17 11:26:38 AM | analyzer.BatchedBancorMarketMaker_fix | Return summary generated for canPerform
[INFO] | 2026-09-17 11:26:38 AM | analyzer.BatchedBancorMarketMaker_fix | State variable assignement do not exist
[INFO] | 2026-09-17 11:26:38 AM | analyzer.BatchedBancorMarketMaker_fix | Processed function canPerform
[INFO] | 2026-09-17 11:26:38 AM | analyzer.BatchedBancorMarketMaker_fix | Generating return summary for constructor
[INFO] | 2026-09-17 11:26:38 AM | analyzer.BatchedBancorMarketMaker_fix | Return summary generated for constructor
[INFO] | 2026-09-17 11:26:38 AM | analyzer.BatchedBancorMarketMaker_fix | State variable assignement do not exist
[INFO] | 2026-09-17 11:26:38 AM | analyzer.BatchedBancorMarketMaker_fix | Processed function constructor
[INFO] | 2026-09-17 11:26:38 AM | analyzer.BatchedBancorMarketMaker_fix | Generating return summary for constructor
[INFO] | 2026-09-17 11:26:38 AM | analyzer.BatchedBancorMarketMaker_fix | Return summary generated for constructor
[INFO] | 2026-09-17 11:26:38 AM | analyzer.BatchedBancorMarketMaker_fix | State variable assignement do not exist
[INFO] | 2026-09-17 11:26:38 AM | analyzer.BatchedBancorMarketMaker_fix | Processed function constructor
[INFO] | 2026-09-17 11:26:38 AM | analyzer.BatchedBancorMarketMaker_fix | Generating return summary for constructor
[INFO] | 2026-09-17 11:26:38 AM | analyzer.BatchedBancorMarketMaker_fix | Return summary generated for constructor
[INFO] | 2026-09-17 11:26:38 AM | analyzer.BatchedBancorMarketMaker_fix | State variable assignement do not exist
[INFO] | 2026-09-17 11:26:38 AM | analyzer.BatchedBancorMarketMaker_fix | Processed function constructor
[INFO] | 2026-09-17 11:26:38 AM | analyzer.BatchedBancorMarketMaker_fix | Generating return summary for constructor
[INFO] | 2026-09-17 11:26:38 AM | analyzer.BatchedBancorMarketMaker_fix | Return summary generated for constructor
[INFO] | 2026-09-17 11:26:38 AM | analyzer.BatchedBancorMarketMaker_fix | State variable assignement do not exist
[INFO] | 2026-09-17 11:26:38 AM | analyzer.BatchedBancorMarketMaker_fix | Processed function constructor
[INFO] | 2026-09-17 11:26:38 AM | analyzer.BatchedBancorMarketMaker_fix | Generating return summary for constructor
[INFO] | 2026-09-17 11:26:38 AM | analyzer.BatchedBancorMarketMaker_fix | Return summary generated for constructor
[INFO] | 2026-09-17 11:26:38 AM | analyzer.BatchedBancorMarketMaker_fix | State variable assignement do not exist
[INFO] | 2026-09-17 11:26:38 AM | analyzer.BatchedBancorMarketMaker_fix | Processed function constructor
[INFO] | 2026-09-17 11:26:38 AM | analyzer.BatchedBancorMarketMaker_fix | Generating return summary for fallback
[INFO] | 2026-09-17 11:26:38 AM | analyzer.BatchedBancorMarketMaker_fix | Return summary generated for fallback
[INFO] | 2026-09-17 11:26:38 AM | analyzer.BatchedBancorMarketMaker_fix | State variable assignement do not exist
[INFO] | 2026-09-17 11:26:38 AM | analyzer.BatchedBancorMarketMaker_fix | Processed function fallback
[INFO] | 2026-09-17 11:26:38 AM | analyzer.BatchedBancorMarketMaker_fix | Generating return summary for deposit
[INFO] | 2026-09-17 11:26:38 AM | analyzer.BatchedBancorMarketMaker_fix | Return summary generated for deposit
[INFO] | 2026-09-17 11:26:38 AM | analyzer.BatchedBancorMarketMaker_fix | State variable assignement do not exist
[INFO] | 2026-09-17 11:26:38 AM | analyzer.BatchedBancorMarketMaker_fix | Processed function deposit
[INFO] | 2026-09-17 11:26:38 AM | analyzer.BatchedBancorMarketMaker_fix | Generating return summary for _cancelCurrentBatch
[INFO] | 2026-09-17 11:26:38 AM | analyzer.BatchedBancorMarketMaker_fix | Return summary generated for _cancelCurrentBatch
[WARNING] | 2026-09-17 11:26:38 AM | analyzer.BatchedBancorMarketMaker_fix | Other type of variable_left in Member IR
