[INFO] | 2026-09-17 11:36:47 AM | analyzer.Funds_fix | Analysis started at: 2026-09-17 11:36:47 AM
[INFO] | 2026-09-17 11:36:53 AM | analyzer.Funds_fix | Version constraints: ['^0.5.0', '^0.5.0', '^0.5.0', '^0.5.0', '^0.5.8', '^0.5.8', '^0.5.8', '^0.5.8', '^0.5.8', '^0.5.8', '^0.5.8']
[INFO] | 2026-09-17 11:36:53 AM | analyzer.Funds_fix | solc version: v0.5.8
[INFO] | 2026-09-17 11:36:57 AM | analyzer.Funds_fix | Callgraph generation started!
[INFO] | 2026-09-17 11:36:57 AM | analyzer.Funds_fix | Callgraph generation finished!
[INFO] | 2026-09-17 11:36:57 AM | analyzer.Funds_fix | Interprocedural CFG generation started!
[INFO] | 2026-09-17 11:36:58 AM | analyzer.Funds_fix | Interprocedural CFG generation finished!
[INFO] | 2026-09-17 11:36:58 AM | analyzer.Funds_fix | Storage dependency graph generation started!
[INFO] | 2026-09-17 11:36:58 AM | analyzer.Funds_fix | Storage dependency graph generation finished!
[INFO] | 2026-09-17 11:36:58 AM | analyzer.Funds_fix | Value Range Analysis started
[INFO] | 2026-09-17 11:36:58 AM | analyzer.Funds_fix | Generating return summary for slitherConstructorConstantVariables
[INFO] | 2026-09-17 11:36:58 AM | analyzer.Funds_fix | Return summary generated for slitherConstructorConstantVariables
[INFO] | 2026-09-17 11:36:58 AM | analyzer.Funds_fix | Range graph generated
[INFO] | 2026-09-17 11:36:58 AM | analyzer.Funds_fix | Processed function slitherConstructorConstantVariables
[INFO] | 2026-09-17 11:36:58 AM | analyzer.Funds_fix | Generating return summary for slitherConstructorConstantVariables
[INFO] | 2026-09-17 11:36:58 AM | analyzer.Funds_fix | Return summary generated for slitherConstructorConstantVariables
[INFO] | 2026-09-17 11:36:58 AM | analyzer.Funds_fix | Range graph generated
[INFO] | 2026-09-17 11:36:58 AM | analyzer.Funds_fix | Processed function slitherConstructorConstantVariables
[INFO] | 2026-09-17 11:36:58 AM | analyzer.Funds_fix | Generating return summary for slitherConstructorConstantVariables
[INFO] | 2026-09-17 11:36:58 AM | analyzer.Funds_fix | Return summary generated for slitherConstructorConstantVariables
[INFO] | 2026-09-17 11:36:58 AM | analyzer.Funds_fix | Range graph generated
[INFO] | 2026-09-17 11:36:58 AM | analyzer.Funds_fix | Processed function slitherConstructorConstantVariables
[INFO] | 2026-09-17 11:36:58 AM | analyzer.Funds_fix | Generating return summary for slitherConstructorConstantVariables
[INFO] | 2026-09-17 11:36:58 AM | analyzer.Funds_fix | Return summary generated for slitherConstructorConstantVariables
[INFO] | 2026-09-17 11:36:58 AM | analyzer.Funds_fix | Range graph generated
[INFO] | 2026-09-17 11:36:58 AM | analyzer.Funds_fix | Processed function slitherConstructorConstantVariables
[INFO] | 2026-09-17 11:36:58 AM | analyzer.Funds_fix | Generating return summary for constructor
[INFO] | 2026-09-17 11:36:58 AM | analyzer.Funds_fix | Return summary generated for constructor
[INFO] | 2026-09-17 11:36:58 AM | analyzer.Funds_fix | State variable assignement do not exist
[INFO] | 2026-09-17 11:36:58 AM | analyzer.Funds_fix | Processed function constructor
[INFO] | 2026-09-17 11:36:58 AM | analyzer.Funds_fix | Generating return summary for _msgSender
[INFO] | 2026-09-17 11:36:58 AM | analyzer.Funds_fix | Return summary generated for _msgSender
[INFO] | 2026-09-17 11:36:58 AM | analyzer.Funds_fix | State variable assignement do not exist
[INFO] | 2026-09-17 11:36:58 AM | analyzer.Funds_fix | Processed function _msgSender
[INFO] | 2026-09-17 11:36:58 AM | analyzer.Funds_fix | Generating return summary for _msgData
[INFO] | 2026-09-17 11:36:58 AM | analyzer.Funds_fix | Return summary generated for _msgData
[INFO] | 2026-09-17 11:36:58 AM | analyzer.Funds_fix | State variable assignement do not exist
[INFO] | 2026-09-17 11:36:58 AM | analyzer.Funds_fix | Processed function _msgData
[INFO] | 2026-09-17 11:36:58 AM | analyzer.Funds_fix | Generating return summary for totalSupply
[INFO] | 2026-09-17 11:36:58 AM | analyzer.Funds_fix | Return summary generated for totalSupply
[INFO] | 2026-09-17 11:36:58 AM | analyzer.Funds_fix | State variable assignement do not exist
[INFO] | 2026-09-17 11:36:58 AM | analyzer.Funds_fix | Processed function totalSupply
[INFO] | 2026-09-17 11:36:58 AM | analyzer.Funds_fix | Generating return summary for balanceOf
[INFO] | 2026-09-17 11:36:58 AM | analyzer.Funds_fix | Return summary generated for balanceOf
[INFO] | 2026-09-17 11:36:58 AM | analyzer.Funds_fix | State variable assignement do not exist
[INFO] | 2026-09-17 11:36:58 AM | analyzer.Funds_fix | Processed function balanceOf
[INFO] | 2026-09-17 11:36:58 AM | analyzer.Funds_fix | Generating return summary for transfer
[INFO] | 2026-09-17 11:36:58 AM | analyzer.Funds_fix | Return summary generated for transfer
[INFO] | 2026-09-17 11:36:58 AM | analyzer.Funds_fix | State variable assignement do not exist
[INFO] | 2026-09-17 11:36:58 AM | analyzer.Funds_fix | Processed function transfer
[INFO] | 2026-09-17 11:36:58 AM | analyzer.Funds_fix | Generating return summary for allowance
[INFO] | 2026-09-17 11:36:58 AM | analyzer.Funds_fix | Return summary generated for allowance
[INFO] | 2026-09-17 11:36:58 AM | analyzer.Funds_fix | State variable assignement do not exist
[INFO] | 2026-09-17 11:36:58 AM | analyzer.Funds_fix | Processed function allowance
[INFO] | 2026-09-17 11:36:58 AM | analyzer.Funds_fix | Generating return summary for approve
[INFO] | 2026-09-17 11:36:58 AM | analyzer.Funds_fix | Return summary generated for approve
[INFO] | 2026-09-17 11:36:58 AM | analyzer.Funds_fix | State variable assignement do not exist
[INFO] | 2026-09-17 11:36:58 AM | analyzer.Funds_fix | Processed function approve
[INFO] | 2026-09-17 11:36:58 AM | analyzer.Funds_fix | Generating return summary for transferFrom
[INFO] | 2026-09-17 11:36:58 AM | analyzer.Funds_fix | Return summary generated for transferFrom
[INFO] | 2026-09-17 11:36:58 AM | analyzer.Funds_fix | State variable assignement do not exist
[INFO] | 2026-09-17 11:36:58 AM | analyzer.Funds_fix | Processed function transferFrom
[INFO] | 2026-09-17 11:36:58 AM | analyzer.Funds_fix | Generating return summary for add
[INFO] | 2026-09-17 11:36:58 AM | analyzer.Funds_fix | Return summary generated for add
[INFO] | 2026-09-17 11:36:58 AM | analyzer.Funds_fix | State variable assignement do not exist
[INFO] | 2026-09-17 11:36:58 AM | analyzer.Funds_fix | Processed function add
[INFO] | 2026-09-17 11:36:58 AM | analyzer.Funds_fix | Generating return summary for sub
[INFO] | 2026-09-17 11:36:58 AM | analyzer.Funds_fix | Return summary generated for sub
[INFO] | 2026-09-17 11:36:58 AM | analyzer.Funds_fix | State variable assignement do not exist
[INFO] | 2026-09-17 11:36:58 AM | analyzer.Funds_fix | Processed function sub
[INFO] | 2026-09-17 11:36:58 AM | analyzer.Funds_fix | Generating return summary for mul
[INFO] | 2026-09-17 11:36:58 AM | analyzer.Funds_fix | Return summary generated for mul
[INFO] | 2026-09-17 11:36:58 AM | analyzer.Funds_fix | State variable assignement do not exist
[INFO] | 2026-09-17 11:36:58 AM | analyzer.Funds_fix | Processed function mul
[INFO] | 2026-09-17 11:36:58 AM | analyzer.Funds_fix | Generating return summary for div
[INFO] | 2026-09-17 11:36:58 AM | analyzer.Funds_fix | Return summary generated for div
[INFO] | 2026-09-17 11:36:58 AM | analyzer.Funds_fix | State variable assignement do not exist
[INFO] | 2026-09-17 11:36:58 AM | analyzer.Funds_fix | Processed function div
[INFO] | 2026-09-17 11:36:58 AM | analyzer.Funds_fix | Generating return summary for mod
[INFO] | 2026-09-17 11:36:58 AM | analyzer.Funds_fix | Return summary generated for mod
[INFO] | 2026-09-17 11:36:58 AM | analyzer.Funds_fix | State variable assignement do not exist
[INFO] | 2026-09-17 11:36:58 AM | analyzer.Funds_fix | Processed function mod
[INFO] | 2026-09-17 11:36:58 AM | analyzer.Funds_fix | Generating return summary for totalSupply
[INFO] | 2026-09-17 11:36:58 AM | analyzer.Funds_fix | Return summary generated for totalSupply
[INFO] | 2026-09-17 11:36:58 AM | analyzer.Funds_fix | State variable assignement do not exist
[INFO] | 2026-09-17 11:36:58 AM | analyzer.Funds_fix | Processed function totalSupply
[INFO] | 2026-09-17 11:36:58 AM | analyzer.Funds_fix | Generating return summary for balanceOf
[INFO] | 2026-09-17 11:36:58 AM | analyzer.Funds_fix | Return summary generated for balanceOf
[INFO] | 2026-09-17 11:36:58 AM | analyzer.Funds_fix | State variable assignement do not exist
[INFO] | 2026-09-17 11:36:58 AM | analyzer.Funds_fix | Processed function balanceOf
[INFO] | 2026-09-17 11:36:58 AM | analyzer.Funds_fix | Generating return summary for transfer
[INFO] | 2026-09-17 11:36:58 AM | analyzer.Funds_fix | Return summary generated for transfer
[INFO] | 2026-09-17 11:36:58 AM | analyzer.Funds_fix | State variable assignement do not exist
[INFO] | 2026-09-17 11:36:58 AM | analyzer.Funds_fix | Processed function transfer
[INFO] | 2026-09-17 11:36:58 AM | analyzer.Funds_fix | Generating return summary for allowance
[INFO] | 2026-09-17 11:36:58 AM | analyzer.Funds_fix | Return summary generated for allowance
[INFO] | 2026-09-17 11:36:58 AM | analyzer.Funds_fix | State variable assignement do not exist
[INFO] | 2026-09-17 11:36:58 AM | analyzer.Funds_fix | Processed function allowance
[INFO] | 2026-09-17 11:36:58 AM | analyzer.Funds_fix | Generating return summary for approve
[INFO] | 2026-09-17 11:36:58 AM | analyzer.Funds_fix | Return summary generated for approve
[INFO] | 2026-09-17 11:36:58 AM | analyzer.Funds_fix | State variable assignement do not exist
[INFO] | 2026-09-17 11:36:58 AM | analyzer.Funds_fix | Processed function approve
[INFO] | 2026-09-17 11:36:58 AM | analyzer.Funds_fix | Generating return summary for transferFrom
[INFO] | 2026-09-17 11:36:58 AM | analyzer.Funds_fix | Return summary generated for transferFrom
[INFO] | 2026-09-17 11:36:58 AM | analyzer.Funds_fix | State variable assignement do not exist
[INFO] | 2026-09-17 11:36:58 AM | analyzer.Funds_fix | Processed function transferFrom
[INFO] | 2026-09-17 11:36:58 AM | analyzer.Funds_fix | Generating return summary for constructor
[INFO] | 2026-09-17 11:36:58 AM | analyzer.Funds_fix | Return summary generated for constructor
[INFO] | 2026-09-17 11:36:58 AM | analyzer.Funds_fix | State variable assignement do not exist
[INFO] | 2026-09-17 11:36:58 AM | analyzer.Funds_fix | Processed function constructor
[INFO] | 2026-09-17 11:36:58 AM | analyzer.Funds_fix | Generating return summary for _msgSender
[INFO] | 2026-09-17 11:36:58 AM | analyzer.Funds_fix | Return summary generated for _msgSender
[INFO] | 2026-09-17 11:36:58 AM | analyzer.Funds_fix | State variable assignement do not exist
[INFO] | 2026-09-17 11:36:58 AM | analyzer.Funds_fix | Processed function _msgSender
[INFO] | 2026-09-17 11:36:58 AM | analyzer.Funds_fix | Generating return summary for _msgData
[INFO] | 2026-09-17 11:36:58 AM | analyzer.Funds_fix | Return summary generated for _msgData
[INFO] | 2026-09-17 11:36:58 AM | analyzer.Funds_fix | State variable assignement do not exist
[INFO] | 2026-09-17 11:36:58 AM | analyzer.Funds_fix | Processed function _msgData
[INFO] | 2026-09-17 11:36:58 AM | analyzer.Funds_fix | Generating return summary for totalSupply
[INFO] | 2026-09-17 11:36:58 AM | analyzer.Funds_fix | Return summary generated for totalSupply
[INFO] | 2026-09-17 11:36:58 AM | analyzer.Funds_fix | State variable assignement do not exist
[INFO] | 2026-09-17 11:36:58 AM | analyzer.Funds_fix | Processed function totalSupply
[INFO] | 2026-09-17 11:36:58 AM | analyzer.Funds_fix | Generating return summary for balanceOf
[INFO] | 2026-09-17 11:36:58 AM | analyzer.Funds_fix | Return summary generated for balanceOf
[INFO] | 2026-09-17 11:36:58 AM | analyzer.Funds_fix | State variable assignement do not exist
[INFO] | 2026-09-17 11:36:58 AM | analyzer.Funds_fix | Processed function balanceOf
[INFO] | 2026-09-17 11:36:58 AM | analyzer.Funds_fix | Generating return summary for allowance
[INFO] | 2026-09-17 11:36:58 AM | analyzer.Funds_fix | Return summary generated for allowance
[INFO] | 2026-09-17 11:36:58 AM | analyzer.Funds_fix | State variable assignement do not exist
[INFO] | 2026-09-17 11:36:58 AM | analyzer.Funds_fix | Processed function allowance
[INFO] | 2026-09-17 11:36:58 AM | analyzer.Funds_fix | Generating return summary for _approve
[INFO] | 2026-09-17 11:36:58 AM | analyzer.Funds_fix | Return summary generated for _approve
[INFO] | 2026-09-17 11:36:58 AM | analyzer.Funds_fix | Range graph generated
[INFO] | 2026-09-17 11:36:58 AM | analyzer.Funds_fix | Processed function _approve
[INFO] | 2026-09-17 11:36:58 AM | analyzer.Funds_fix | Generating return summary for peek
[INFO] | 2026-09-17 11:36:58 AM | analyzer.Funds_fix | Return summary generated for peek
[INFO] | 2026-09-17 11:36:58 AM | analyzer.Funds_fix | State variable assignement do not exist
[INFO] | 2026-09-17 11:36:58 AM | analyzer.Funds_fix | Processed function peek
[INFO] | 2026-09-17 11:36:58 AM | analyzer.Funds_fix | Generating return summary for read
[INFO] | 2026-09-17 11:36:58 AM | analyzer.Funds_fix | Return summary generated for read
[INFO] | 2026-09-17 11:36:58 AM | analyzer.Funds_fix | State variable assignement do not exist
[INFO] | 2026-09-17 11:36:58 AM | analyzer.Funds_fix | Processed function read
[INFO] | 2026-09-17 11:36:58 AM | analyzer.Funds_fix | Generating return summary for poke
[INFO] | 2026-09-17 11:36:58 AM | analyzer.Funds_fix | Return summary generated for poke
[INFO] | 2026-09-17 11:36:58 AM | analyzer.Funds_fix | State variable assignement do not exist
[INFO] | 2026-09-17 11:36:58 AM | analyzer.Funds_fix | Processed function poke
[INFO] | 2026-09-17 11:36:58 AM | analyzer.Funds_fix | Generating return summary for void
[INFO] | 2026-09-17 11:36:58 AM | analyzer.Funds_fix | Return summary generated for void
[INFO] | 2026-09-17 11:36:58 AM | analyzer.Funds_fix | State variable assignement do not exist
[INFO] | 2026-09-17 11:36:58 AM | analyzer.Funds_fix | Processed function void
[INFO] | 2026-09-17 11:36:58 AM | analyzer.Funds_fix | Generating return summary for push
[INFO] | 2026-09-17 11:36:58 AM | analyzer.Funds_fix | Return summary generated for push
[INFO] | 2026-09-17 11:36:58 AM | analyzer.Funds_fix | State variable assignement do not exist
[INFO] | 2026-09-17 11:36:58 AM | analyzer.Funds_fix | Processed function push
[INFO] | 2026-09-17 11:36:58 AM | analyzer.Funds_fix | Generating return summary for add
[INFO] | 2026-09-17 11:36:58 AM | analyzer.Funds_fix | Return summary generated for add
[INFO] | 2026-09-17 11:36:58 AM | analyzer.Funds_fix | State variable assignement do not exist
[INFO] | 2026-09-17 11:36:58 AM | analyzer.Funds_fix | Processed function add
[INFO] | 2026-09-17 11:36:58 AM | analyzer.Funds_fix | Generating return summary for sub
[INFO] | 2026-09-17 11:36:58 AM | analyzer.Funds_fix | Return summary generated for sub
[INFO] | 2026-09-17 11:36:58 AM | analyzer.Funds_fix | State variable assignement do not exist
[INFO] | 2026-09-17 11:36:58 AM | analyzer.Funds_fix | Processed function sub
[INFO] | 2026-09-17 11:36:58 AM | analyzer.Funds_fix | Generating return summary for mul
[INFO] | 2026-09-17 11:36:58 AM | analyzer.Funds_fix | Return summary generated for mul
[INFO] | 2026-09-17 11:36:58 AM | analyzer.Funds_fix | State variable assignement do not exist
[INFO] | 2026-09-17 11:36:58 AM | analyzer.Funds_fix | Processed function mul
[INFO] | 2026-09-17 11:36:58 AM | analyzer.Funds_fix | Generating return summary for div
[WARNING] | 2026-09-17 11:36:58 AM | analyzer.Funds_fix | No lvalue eligible assignment, is this some bug!
[INFO] | 2026-09-17 11:36:58 AM | analyzer.Funds_fix | Return summary generated for div
[INFO] | 2026-09-17 11:36:58 AM | analyzer.Funds_fix | State variable assignement do not exist
[INFO] | 2026-09-17 11:36:58 AM | analyzer.Funds_fix | Processed function div
[INFO] | 2026-09-17 11:36:58 AM | analyzer.Funds_fix | Generating return summary for min
[INFO] | 2026-09-17 11:36:58 AM | analyzer.Funds_fix | Return summary generated for min
[INFO] | 2026-09-17 11:36:58 AM | analyzer.Funds_fix | State variable assignement do not exist
[INFO] | 2026-09-17 11:36:58 AM | analyzer.Funds_fix | Processed function min
[INFO] | 2026-09-17 11:36:58 AM | analyzer.Funds_fix | Generating return summary for max
[INFO] | 2026-09-17 11:36:58 AM | analyzer.Funds_fix | Return summary generated for max
[INFO] | 2026-09-17 11:36:58 AM | analyzer.Funds_fix | State variable assignement do not exist
[INFO] | 2026-09-17 11:36:58 AM | analyzer.Funds_fix | Processed function max
[INFO] | 2026-09-17 11:36:58 AM | analyzer.Funds_fix | Generating return summary for imin
[INFO] | 2026-09-17 11:36:58 AM | analyzer.Funds_fix | Return summary generated for imin
[INFO] | 2026-09-17 11:36:58 AM | analyzer.Funds_fix | State variable assignement do not exist
[INFO] | 2026-09-17 11:36:58 AM | analyzer.Funds_fix | Processed function imin
[INFO] | 2026-09-17 11:36:58 AM | analyzer.Funds_fix | Generating return summary for imax
[INFO] | 2026-09-17 11:36:58 AM | analyzer.Funds_fix | Return summary generated for imax
[INFO] | 2026-09-17 11:36:58 AM | analyzer.Funds_fix | State variable assignement do not exist
[INFO] | 2026-09-17 11:36:58 AM | analyzer.Funds_fix | Processed function imax
[INFO] | 2026-09-17 11:36:58 AM | analyzer.Funds_fix | Generating return summary for APEXT
[INFO] | 2026-09-17 11:36:58 AM | analyzer.Funds_fix | Return summary generated for APEXT
[INFO] | 2026-09-17 11:36:58 AM | analyzer.Funds_fix | State variable assignement do not exist
[INFO] | 2026-09-17 11:36:58 AM | analyzer.Funds_fix | Processed function APEXT
[INFO] | 2026-09-17 11:36:58 AM | analyzer.Funds_fix | Generating return summary for ACEXT
[INFO] | 2026-09-17 11:36:58 AM | analyzer.Funds_fix | Return summary generated for ACEXT
[INFO] | 2026-09-17 11:36:58 AM | analyzer.Funds_fix | State variable assignement do not exist
[INFO] | 2026-09-17 11:36:58 AM | analyzer.Funds_fix | Processed function ACEXT
[INFO] | 2026-09-17 11:36:58 AM | analyzer.Funds_fix | Generating return summary for BIEXT
[INFO] | 2026-09-17 11:36:58 AM | analyzer.Funds_fix | Return summary generated for BIEXT
[INFO] | 2026-09-17 11:36:58 AM | analyzer.Funds_fix | State variable assignement do not exist
[INFO] | 2026-09-17 11:36:58 AM | analyzer.Funds_fix | Processed function BIEXT
[INFO] | 2026-09-17 11:36:58 AM | analyzer.Funds_fix | Generating return summary for SALEX
[INFO] | 2026-09-17 11:36:58 AM | analyzer.Funds_fix | Return summary generated for SALEX
[INFO] | 2026-09-17 11:36:58 AM | analyzer.Funds_fix | State variable assignement do not exist
[INFO] | 2026-09-17 11:36:58 AM | analyzer.Funds_fix | Processed function SALEX
[INFO] | 2026-09-17 11:36:58 AM | analyzer.Funds_fix | Generating return summary for SETEX
[INFO] | 2026-09-17 11:36:58 AM | analyzer.Funds_fix | Return summary generated for SETEX
[INFO] | 2026-09-17 11:36:58 AM | analyzer.Funds_fix | State variable assignement do not exist
[INFO] | 2026-09-17 11:36:58 AM | analyzer.Funds_fix | Processed function SETEX
[INFO] | 2026-09-17 11:36:58 AM | analyzer.Funds_fix | Generating return summary for MINBI
[INFO] | 2026-09-17 11:36:58 AM | analyzer.Funds_fix | Return summary generated for MINBI
[INFO] | 2026-09-17 11:36:58 AM | analyzer.Funds_fix | State variable assignement do not exist
[INFO] | 2026-09-17 11:36:58 AM | analyzer.Funds_fix | Processed function MINBI
[INFO] | 2026-09-17 11:36:58 AM | analyzer.Funds_fix | Generating return summary for add
[INFO] | 2026-09-17 11:36:58 AM | analyzer.Funds_fix | Return summary generated for add
[INFO] | 2026-09-17 11:36:58 AM | analyzer.Funds_fix | State variable assignement do not exist
[INFO] | 2026-09-17 11:36:58 AM | analyzer.Funds_fix | Processed function add
[INFO] | 2026-09-17 11:36:58 AM | analyzer.Funds_fix | Generating return summary for sub
[INFO] | 2026-09-17 11:36:58 AM | analyzer.Funds_fix | Return summary generated for sub
[INFO] | 2026-09-17 11:36:58 AM | analyzer.Funds_fix | State variable assignement do not exist
[INFO] | 2026-09-17 11:36:58 AM | analyzer.Funds_fix | Processed function sub
[INFO] | 2026-09-17 11:36:58 AM | analyzer.Funds_fix | Generating return summary for mul
[INFO] | 2026-09-17 11:36:58 AM | analyzer.Funds_fix | Return summary generated for mul
[INFO] | 2026-09-17 11:36:58 AM | analyzer.Funds_fix | State variable assignement do not exist
[INFO] | 2026-09-17 11:36:58 AM | analyzer.Funds_fix | Processed function mul
[INFO] | 2026-09-17 11:36:58 AM | analyzer.Funds_fix | Generating return summary for div
[WARNING] | 2026-09-17 11:36:58 AM | analyzer.Funds_fix | No lvalue eligible assignment, is this some bug!
[INFO] | 2026-09-17 11:36:58 AM | analyzer.Funds_fix | Return summary generated for div
[INFO] | 2026-09-17 11:36:58 AM | analyzer.Funds_fix | State variable assignement do not exist
[INFO] | 2026-09-17 11:36:58 AM | analyzer.Funds_fix | Processed function div
[INFO] | 2026-09-17 11:36:58 AM | analyzer.Funds_fix | Generating return summary for min
[INFO] | 2026-09-17 11:36:58 AM | analyzer.Funds_fix | Return summary generated for min
[INFO] | 2026-09-17 11:36:58 AM | analyzer.Funds_fix | State variable assignement do not exist
[INFO] | 2026-09-17 11:36:58 AM | analyzer.Funds_fix | Processed function min
[INFO] | 2026-09-17 11:36:58 AM | analyzer.Funds_fix | Generating return summary for max
[INFO] | 2026-09-17 11:36:58 AM | analyzer.Funds_fix | Return summary generated for max
[INFO] | 2026-09-17 11:36:58 AM | analyzer.Funds_fix | State variable assignement do not exist
[INFO] | 2026-09-17 11:36:58 AM | analyzer.Funds_fix | Processed function max
[INFO] | 2026-09-17 11:36:58 AM | analyzer.Funds_fix | Generating return summary for imin
[INFO] | 2026-09-17 11:36:58 AM | analyzer.Funds_fix | Return summary generated for imin
[INFO] | 2026-09-17 11:36:58 AM | analyzer.Funds_fix | State variable assignement do not exist
[INFO] | 2026-09-17 11:36:58 AM | analyzer.Funds_fix | Processed function imin
[INFO] | 2026-09-17 11:36:58 AM | analyzer.Funds_fix | Generating return summary for imax
[INFO] | 2026-09-17 11:36:58 AM | analyzer.Funds_fix | Return summary generated for imax
[INFO] | 2026-09-17 11:36:58 AM | analyzer.Funds_fix | State variable assignement do not exist
[INFO] | 2026-09-17 11:36:58 AM | analyzer.Funds_fix | Processed function imax
[INFO] | 2026-09-17 11:36:58 AM | analyzer.Funds_fix | Generating return summary for bid
[INFO] | 2026-09-17 11:36:58 AM | analyzer.Funds_fix | Return summary generated for bid
[INFO] | 2026-09-17 11:36:58 AM | analyzer.Funds_fix | State variable assignement do not exist
[INFO] | 2026-09-17 11:36:58 AM | analyzer.Funds_fix | Processed function bid
[INFO] | 2026-09-17 11:36:58 AM | analyzer.Funds_fix | Generating return summary for bidr
[INFO] | 2026-09-17 11:36:58 AM | analyzer.Funds_fix | Return summary generated for bidr
[INFO] | 2026-09-17 11:36:58 AM | analyzer.Funds_fix | State variable assignement do not exist
[INFO] | 2026-09-17 11:36:58 AM | analyzer.Funds_fix | Processed function bidr
[INFO] | 2026-09-17 11:36:58 AM | analyzer.Funds_fix | Generating return summary for bor
[INFO] | 2026-09-17 11:36:58 AM | analyzer.Funds_fix | Return summary generated for bor
[INFO] | 2026-09-17 11:36:58 AM | analyzer.Funds_fix | State variable assignement do not exist
[INFO] | 2026-09-17 11:36:58 AM | analyzer.Funds_fix | Processed function bor
[INFO] | 2026-09-17 11:36:58 AM | analyzer.Funds_fix | Generating return summary for lend
[INFO] | 2026-09-17 11:36:58 AM | analyzer.Funds_fix | Return summary generated for lend
[INFO] | 2026-09-17 11:36:58 AM | analyzer.Funds_fix | State variable assignement do not exist
[INFO] | 2026-09-17 11:36:58 AM | analyzer.Funds_fix | Processed function lend
[INFO] | 2026-09-17 11:36:58 AM | analyzer.Funds_fix | Generating return summary for agent
[INFO] | 2026-09-17 11:36:58 AM | analyzer.Funds_fix | Return summary generated for agent
[INFO] | 2026-09-17 11:36:58 AM | analyzer.Funds_fix | State variable assignement do not exist
[INFO] | 2026-09-17 11:36:58 AM | analyzer.Funds_fix | Processed function agent
[INFO] | 2026-09-17 11:36:58 AM | analyzer.Funds_fix | Generating return summary for salex
[INFO] | 2026-09-17 11:36:58 AM | analyzer.Funds_fix | Return summary generated for salex
[INFO] | 2026-09-17 11:36:58 AM | analyzer.Funds_fix | State variable assignement do not exist
[INFO] | 2026-09-17 11:36:58 AM | analyzer.Funds_fix | Processed function salex
[INFO] | 2026-09-17 11:36:58 AM | analyzer.Funds_fix | Generating return summary for setex
[INFO] | 2026-09-17 11:36:58 AM | analyzer.Funds_fix | Return summary generated for setex
[INFO] | 2026-09-17 11:36:58 AM | analyzer.Funds_fix | State variable assignement do not exist
[INFO] | 2026-09-17 11:36:58 AM | analyzer.Funds_fix | Processed function setex
[INFO] | 2026-09-17 11:36:58 AM | analyzer.Funds_fix | Generating return summary for pbkh
[INFO] | 2026-09-17 11:36:58 AM | analyzer.Funds_fix | Return summary generated for pbkh
[INFO] | 2026-09-17 11:36:58 AM | analyzer.Funds_fix | State variable assignement do not exist
[INFO] | 2026-09-17 11:36:58 AM | analyzer.Funds_fix | Processed function pbkh
[INFO] | 2026-09-17 11:36:58 AM | analyzer.Funds_fix | Generating return summary for taken
[INFO] | 2026-09-17 11:36:58 AM | analyzer.Funds_fix | Return summary generated for taken
[INFO] | 2026-09-17 11:36:58 AM | analyzer.Funds_fix | State variable assignement do not exist
[INFO] | 2026-09-17 11:36:58 AM | analyzer.Funds_fix | Processed function taken
[INFO] | 2026-09-17 11:36:58 AM | analyzer.Funds_fix | Generating return summary for off
[INFO] | 2026-09-17 11:36:58 AM | analyzer.Funds_fix | Return summary generated for off
[INFO] | 2026-09-17 11:36:58 AM | analyzer.Funds_fix | State variable assignement do not exist
[INFO] | 2026-09-17 11:36:58 AM | analyzer.Funds_fix | Processed function off
[INFO] | 2026-09-17 11:36:58 AM | analyzer.Funds_fix | Generating return summary for sechA
[INFO] | 2026-09-17 11:36:58 AM | analyzer.Funds_fix | Return summary generated for sechA
[INFO] | 2026-09-17 11:36:58 AM | analyzer.Funds_fix | State variable assignement do not exist
[INFO] | 2026-09-17 11:36:58 AM | analyzer.Funds_fix | Processed function sechA
[INFO] | 2026-09-17 11:36:58 AM | analyzer.Funds_fix | Generating return summary for secA
[INFO] | 2026-09-17 11:36:58 AM | analyzer.Funds_fix | Return summary generated for secA
[INFO] | 2026-09-17 11:36:58 AM | analyzer.Funds_fix | State variable assignement do not exist
[INFO] | 2026-09-17 11:36:58 AM | analyzer.Funds_fix | Processed function secA
[INFO] | 2026-09-17 11:36:58 AM | analyzer.Funds_fix | Generating return summary for sechB
[INFO] | 2026-09-17 11:36:58 AM | analyzer.Funds_fix | Return summary generated for sechB
[INFO] | 2026-09-17 11:36:58 AM | analyzer.Funds_fix | State variable assignement do not exist
[INFO] | 2026-09-17 11:36:58 AM | analyzer.Funds_fix | Processed function sechB
[INFO] | 2026-09-17 11:36:58 AM | analyzer.Funds_fix | Generating return summary for secB
[INFO] | 2026-09-17 11:36:58 AM | analyzer.Funds_fix | Return summary generated for secB
[INFO] | 2026-09-17 11:36:58 AM | analyzer.Funds_fix | State variable assignement do not exist
[INFO] | 2026-09-17 11:36:58 AM | analyzer.Funds_fix | Processed function secB
[INFO] | 2026-09-17 11:36:58 AM | analyzer.Funds_fix | Generating return summary for sechC
[INFO] | 2026-09-17 11:36:58 AM | analyzer.Funds_fix | Return summary generated for sechC
[INFO] | 2026-09-17 11:36:58 AM | analyzer.Funds_fix | State variable assignement do not exist
[INFO] | 2026-09-17 11:36:58 AM | analyzer.Funds_fix | Processed function sechC
[INFO] | 2026-09-17 11:36:58 AM | analyzer.Funds_fix | Generating return summary for secC
[INFO] | 2026-09-17 11:36:58 AM | analyzer.Funds_fix | Return summary generated for secC
[INFO] | 2026-09-17 11:36:58 AM | analyzer.Funds_fix | State variable assignement do not exist
[INFO] | 2026-09-17 11:36:58 AM | analyzer.Funds_fix | Processed function secC
[INFO] | 2026-09-17 11:36:58 AM | analyzer.Funds_fix | Generating return summary for sechD
[INFO] | 2026-09-17 11:36:58 AM | analyzer.Funds_fix | Return summary generated for sechD
[INFO] | 2026-09-17 11:36:58 AM | analyzer.Funds_fix | State variable assignement do not exist
[INFO] | 2026-09-17 11:36:58 AM | analyzer.Funds_fix | Processed function sechD
[INFO] | 2026-09-17 11:36:58 AM | analyzer.Funds_fix | Generating return summary for secD
[INFO] | 2026-09-17 11:36:58 AM | analyzer.Funds_fix | Return summary generated for secD
[INFO] | 2026-09-17 11:36:58 AM | analyzer.Funds_fix | State variable assignement do not exist
[INFO] | 2026-09-17 11:36:58 AM | analyzer.Funds_fix | Processed function secD
[INFO] | 2026-09-17 11:36:58 AM | analyzer.Funds_fix | Generating return summary for constructor
[INFO] | 2026-09-17 11:36:58 AM | analyzer.Funds_fix | Return summary generated for constructor
[INFO] | 2026-09-17 11:36:58 AM | analyzer.Funds_fix | Range graph generated
[INFO] | 2026-09-17 11:36:58 AM | analyzer.Funds_fix | Processed function constructor
[INFO] | 2026-09-17 11:36:58 AM | analyzer.Funds_fix | Generating return summary for next
[INFO] | 2026-09-17 11:36:58 AM | analyzer.Funds_fix | Return summary generated for next
[INFO] | 2026-09-17 11:36:58 AM | analyzer.Funds_fix | State variable assignement do not exist
[INFO] | 2026-09-17 11:36:58 AM | analyzer.Funds_fix | Processed function next
[INFO] | 2026-09-17 11:36:58 AM | analyzer.Funds_fix | Generating return summary for sign
[INFO] | 2026-09-17 11:36:58 AM | analyzer.Funds_fix | Return summary generated for sign
[INFO] | 2026-09-17 11:36:58 AM | analyzer.Funds_fix | Range graph generated
[INFO] | 2026-09-17 11:36:58 AM | analyzer.Funds_fix | Processed function sign
[INFO] | 2026-09-17 11:36:58 AM | analyzer.Funds_fix | Generating return summary for sec
[INFO] | 2026-09-17 11:36:58 AM | analyzer.Funds_fix | Return summary generated for sec
[INFO] | 2026-09-17 11:36:58 AM | analyzer.Funds_fix | Range graph generated
[INFO] | 2026-09-17 11:36:58 AM | analyzer.Funds_fix | Processed function sec
[INFO] | 2026-09-17 11:36:58 AM | analyzer.Funds_fix | Generating return summary for hasSecs
[INFO] | 2026-09-17 11:36:58 AM | analyzer.Funds_fix | Return summary generated for hasSecs
[INFO] | 2026-09-17 11:36:58 AM | analyzer.Funds_fix | State variable assignement do not exist
[INFO] | 2026-09-17 11:36:58 AM | analyzer.Funds_fix | Processed function hasSecs
[INFO] | 2026-09-17 11:36:58 AM | analyzer.Funds_fix | Generating return summary for back
[INFO] | 2026-09-17 11:36:58 AM | analyzer.Funds_fix | Return summary generated for back
[INFO] | 2026-09-17 11:36:58 AM | analyzer.Funds_fix | State variable assignement do not exist
[INFO] | 2026-09-17 11:36:58 AM | analyzer.Funds_fix | Processed function back
[INFO] | 2026-09-17 11:36:58 AM | analyzer.Funds_fix | Generating return summary for lfee
[INFO] | 2026-09-17 11:36:58 AM | analyzer.Funds_fix | Return summary generated for lfee
[INFO] | 2026-09-17 11:36:58 AM | analyzer.Funds_fix | State variable assignement do not exist
[INFO] | 2026-09-17 11:36:58 AM | analyzer.Funds_fix | Processed function lfee
[INFO] | 2026-09-17 11:36:58 AM | analyzer.Funds_fix | Generating return summary for lpen
[INFO] | 2026-09-17 11:36:58 AM | analyzer.Funds_fix | Return summary generated for lpen
[INFO] | 2026-09-17 11:36:58 AM | analyzer.Funds_fix | State variable assignement do not exist
[INFO] | 2026-09-17 11:36:58 AM | analyzer.Funds_fix | Processed function lpen
[INFO] | 2026-09-17 11:36:58 AM | analyzer.Funds_fix | Generating return summary for COL
[INFO] | 2026-09-17 11:36:58 AM | analyzer.Funds_fix | Return summary generated for COL
[INFO] | 2026-09-17 11:36:58 AM | analyzer.Funds_fix | State variable assignement do not exist
[INFO] | 2026-09-17 11:36:58 AM | analyzer.Funds_fix | Processed function COL
[INFO] | 2026-09-17 11:36:58 AM | analyzer.Funds_fix | Generating return summary for name
[INFO] | 2026-09-17 11:36:58 AM | analyzer.Funds_fix | Return summary generated for name
[INFO] | 2026-09-17 11:36:58 AM | analyzer.Funds_fix | State variable assignement do not exist
[INFO] | 2026-09-17 11:36:58 AM | analyzer.Funds_fix | Processed function name
[INFO] | 2026-09-17 11:36:58 AM | analyzer.Funds_fix | Generating return summary for cmul
[INFO] | 2026-09-17 11:36:58 AM | analyzer.Funds_fix | Return summary generated for cmul
[INFO] | 2026-09-17 11:36:58 AM | analyzer.Funds_fix | State variable assignement do not exist
[INFO] | 2026-09-17 11:36:58 AM | analyzer.Funds_fix | Processed function cmul
[INFO] | 2026-09-17 11:36:58 AM | analyzer.Funds_fix | Generating return summary for cdiv
[INFO] | 2026-09-17 11:36:58 AM | analyzer.Funds_fix | Return summary generated for cdiv
[INFO] | 2026-09-17 11:36:58 AM | analyzer.Funds_fix | State variable assignement do not exist
[INFO] | 2026-09-17 11:36:58 AM | analyzer.Funds_fix | Processed function cdiv
[INFO] | 2026-09-17 11:36:58 AM | analyzer.Funds_fix | Generating return summary for add
[INFO] | 2026-09-17 11:36:58 AM | analyzer.Funds_fix | Return summary generated for add
[INFO] | 2026-09-17 11:36:58 AM | analyzer.Funds_fix | State variable assignement do not exist
[INFO] | 2026-09-17 11:36:58 AM | analyzer.Funds_fix | Processed function add
[INFO] | 2026-09-17 11:36:58 AM | analyzer.Funds_fix | Generating return summary for sub
[INFO] | 2026-09-17 11:36:58 AM | analyzer.Funds_fix | Return summary generated for sub
[INFO] | 2026-09-17 11:36:58 AM | analyzer.Funds_fix | State variable assignement do not exist
[INFO] | 2026-09-17 11:36:58 AM | analyzer.Funds_fix | Processed function sub
[INFO] | 2026-09-17 11:36:58 AM | analyzer.Funds_fix | Generating return summary for mul
[INFO] | 2026-09-17 11:36:58 AM | analyzer.Funds_fix | Return summary generated for mul
[INFO] | 2026-09-17 11:36:58 AM | analyzer.Funds_fix | State variable assignement do not exist
[INFO] | 2026-09-17 11:36:58 AM | analyzer.Funds_fix | Processed function mul
[INFO] | 2026-09-17 11:36:58 AM | analyzer.Funds_fix | Generating return summary for div
[WARNING] | 2026-09-17 11:36:58 AM | analyzer.Funds_fix | No lvalue eligible assignment, is this some bug!
[INFO] | 2026-09-17 11:36:58 AM | analyzer.Funds_fix | Return summary generated for div
[INFO] | 2026-09-17 11:36:58 AM | analyzer.Funds_fix | State variable assignement do not exist
[INFO] | 2026-09-17 11:36:58 AM | analyzer.Funds_fix | Processed function div
[INFO] | 2026-09-17 11:36:58 AM | analyzer.Funds_fix | Generating return summary for min
[INFO] | 2026-09-17 11:36:58 AM | analyzer.Funds_fix | Return summary generated for min
[INFO] | 2026-09-17 11:36:58 AM | analyzer.Funds_fix | State variable assignement do not exist
[INFO] | 2026-09-17 11:36:58 AM | analyzer.Funds_fix | Processed function min
[INFO] | 2026-09-17 11:36:58 AM | analyzer.Funds_fix | Generating return summary for max
[INFO] | 2026-09-17 11:36:58 AM | analyzer.Funds_fix | Return summary generated for max
[INFO] | 2026-09-17 11:36:58 AM | analyzer.Funds_fix | State variable assignement do not exist
[INFO] | 2026-09-17 11:36:58 AM | analyzer.Funds_fix | Processed function max
[INFO] | 2026-09-17 11:36:58 AM | analyzer.Funds_fix | Generating return summary for imin
[INFO] | 2026-09-17 11:36:58 AM | analyzer.Funds_fix | Return summary generated for imin
[INFO] | 2026-09-17 11:36:58 AM | analyzer.Funds_fix | State variable assignement do not exist
[INFO] | 2026-09-17 11:36:58 AM | analyzer.Funds_fix | Processed function imin
[INFO] | 2026-09-17 11:36:58 AM | analyzer.Funds_fix | Generating return summary for imax
[INFO] | 2026-09-17 11:36:58 AM | analyzer.Funds_fix | Return summary generated for imax
[INFO] | 2026-09-17 11:36:58 AM | analyzer.Funds_fix | State variable assignement do not exist
[INFO] | 2026-09-17 11:36:58 AM | analyzer.Funds_fix | Processed function imax
[INFO] | 2026-09-17 11:36:58 AM | analyzer.Funds_fix | Generating return summary for bor
[INFO] | 2026-09-17 11:36:58 AM | analyzer.Funds_fix | Return summary generated for bor
[INFO] | 2026-09-17 11:36:58 AM | analyzer.Funds_fix | State variable assignement do not exist
[INFO] | 2026-09-17 11:36:58 AM | analyzer.Funds_fix | Processed function bor
[INFO] | 2026-09-17 11:36:58 AM | analyzer.Funds_fix | Generating return summary for lend
[INFO] | 2026-09-17 11:36:58 AM | analyzer.Funds_fix | Return summary generated for lend
[INFO] | 2026-09-17 11:36:58 AM | analyzer.Funds_fix | State variable assignement do not exist
[INFO] | 2026-09-17 11:36:58 AM | analyzer.Funds_fix | Processed function lend
[INFO] | 2026-09-17 11:36:58 AM | analyzer.Funds_fix | Generating return summary for agent
[INFO] | 2026-09-17 11:36:58 AM | analyzer.Funds_fix | Return summary generated for agent
[INFO] | 2026-09-17 11:36:58 AM | analyzer.Funds_fix | State variable assignement do not exist
[INFO] | 2026-09-17 11:36:58 AM | analyzer.Funds_fix | Processed function agent
[INFO] | 2026-09-17 11:36:58 AM | analyzer.Funds_fix | Generating return summary for prin
[INFO] | 2026-09-17 11:36:58 AM | analyzer.Funds_fix | Return summary generated for prin
[INFO] | 2026-09-17 11:36:58 AM | analyzer.Funds_fix | State variable assignement do not exist
[INFO] | 2026-09-17 11:36:58 AM | analyzer.Funds_fix | Processed function prin
[INFO] | 2026-09-17 11:36:58 AM | analyzer.Funds_fix | Generating return summary for lint
[INFO] | 2026-09-17 11:36:58 AM | analyzer.Funds_fix | Return summary generated for lint
[INFO] | 2026-09-17 11:36:58 AM | analyzer.Funds_fix | State variable assignement do not exist
[INFO] | 2026-09-17 11:36:58 AM | analyzer.Funds_fix | Processed function lint
[INFO] | 2026-09-17 11:36:58 AM | analyzer.Funds_fix | Generating return summary for col
[INFO] | 2026-09-17 11:36:58 AM | analyzer.Funds_fix | Return summary generated for col
[INFO] | 2026-09-17 11:36:58 AM | analyzer.Funds_fix | State variable assignement do not exist
[INFO] | 2026-09-17 11:36:58 AM | analyzer.Funds_fix | Processed function col
[INFO] | 2026-09-17 11:36:58 AM | analyzer.Funds_fix | Generating return summary for rat
[INFO] | 2026-09-17 11:36:58 AM | analyzer.Funds_fix | Return summary generated for rat
[INFO] | 2026-09-17 11:36:58 AM | analyzer.Funds_fix | State variable assignement do not exist
[INFO] | 2026-09-17 11:36:58 AM | analyzer.Funds_fix | Processed function rat
[INFO] | 2026-09-17 11:36:58 AM | analyzer.Funds_fix | Generating return summary for pushed
[INFO] | 2026-09-17 11:36:58 AM | analyzer.Funds_fix | Return summary generated for pushed
[INFO] | 2026-09-17 11:36:58 AM | analyzer.Funds_fix | State variable assignement do not exist
[INFO] | 2026-09-17 11:36:58 AM | analyzer.Funds_fix | Processed function pushed
[INFO] | 2026-09-17 11:36:58 AM | analyzer.Funds_fix | Generating return summary for marked
[INFO] | 2026-09-17 11:36:58 AM | analyzer.Funds_fix | Return summary generated for marked
[INFO] | 2026-09-17 11:36:58 AM | analyzer.Funds_fix | State variable assignement do not exist
[INFO] | 2026-09-17 11:36:58 AM | analyzer.Funds_fix | Processed function marked
[INFO] | 2026-09-17 11:36:58 AM | analyzer.Funds_fix | Generating return summary for taken
[INFO] | 2026-09-17 11:36:58 AM | analyzer.Funds_fix | Return summary generated for taken
[INFO] | 2026-09-17 11:36:58 AM | analyzer.Funds_fix | State variable assignement do not exist
[INFO] | 2026-09-17 11:36:58 AM | analyzer.Funds_fix | Processed function taken
[INFO] | 2026-09-17 11:36:58 AM | analyzer.Funds_fix | Generating return summary for sale
[INFO] | 2026-09-17 11:36:58 AM | analyzer.Funds_fix | Return summary generated for sale
[INFO] | 2026-09-17 11:36:58 AM | analyzer.Funds_fix | State variable assignement do not exist
[INFO] | 2026-09-17 11:36:58 AM | analyzer.Funds_fix | Processed function sale
[INFO] | 2026-09-17 11:36:58 AM | analyzer.Funds_fix | Generating return summary for paid
[INFO] | 2026-09-17 11:36:58 AM | analyzer.Funds_fix | Return summary generated for paid
[INFO] | 2026-09-17 11:36:58 AM | analyzer.Funds_fix | State variable assignement do not exist
[INFO] | 2026-09-17 11:36:58 AM | analyzer.Funds_fix | Processed function paid
[INFO] | 2026-09-17 11:36:58 AM | analyzer.Funds_fix | Generating return summary for off
[INFO] | 2026-09-17 11:36:58 AM | analyzer.Funds_fix | Return summary generated for off
[INFO] | 2026-09-17 11:36:58 AM | analyzer.Funds_fix | State variable assignement do not exist
[INFO] | 2026-09-17 11:36:58 AM | analyzer.Funds_fix | Processed function off
[INFO] | 2026-09-17 11:36:58 AM | analyzer.Funds_fix | Generating return summary for constructor
[INFO] | 2026-09-17 11:36:58 AM | analyzer.Funds_fix | Return summary generated for constructor
[INFO] | 2026-09-17 11:36:58 AM | analyzer.Funds_fix | Range graph generated
[INFO] | 2026-09-17 11:36:58 AM | analyzer.Funds_fix | Processed function constructor
[INFO] | 2026-09-17 11:36:58 AM | analyzer.Funds_fix | Generating return summary for setSales
[INFO] | 2026-09-17 11:36:58 AM | analyzer.Funds_fix | Return summary generated for setSales
[INFO] | 2026-09-17 11:36:58 AM | analyzer.Funds_fix | Range graph generated
[INFO] | 2026-09-17 11:36:58 AM | analyzer.Funds_fix | Processed function setSales
[INFO] | 2026-09-17 11:36:58 AM | analyzer.Funds_fix | Generating return summary for setSechs
[INFO] | 2026-09-17 11:36:58 AM | analyzer.Funds_fix | Return summary generated for setSechs
[INFO] | 2026-09-17 11:36:58 AM | analyzer.Funds_fix | Range graph generated
[INFO] | 2026-09-17 11:36:58 AM | analyzer.Funds_fix | Processed function setSechs
[INFO] | 2026-09-17 11:36:58 AM | analyzer.Funds_fix | Generating return summary for add
[INFO] | 2026-09-17 11:36:58 AM | analyzer.Funds_fix | Return summary generated for add
[INFO] | 2026-09-17 11:36:58 AM | analyzer.Funds_fix | State variable assignement do not exist
[INFO] | 2026-09-17 11:36:58 AM | analyzer.Funds_fix | Processed function add
[INFO] | 2026-09-17 11:36:58 AM | analyzer.Funds_fix | Generating return summary for sub
[INFO] | 2026-09-17 11:36:58 AM | analyzer.Funds_fix | Return summary generated for sub
[INFO] | 2026-09-17 11:36:58 AM | analyzer.Funds_fix | State variable assignement do not exist
[INFO] | 2026-09-17 11:36:58 AM | analyzer.Funds_fix | Processed function sub
[INFO] | 2026-09-17 11:36:58 AM | analyzer.Funds_fix | Generating return summary for mul
[INFO] | 2026-09-17 11:36:58 AM | analyzer.Funds_fix | Return summary generated for mul
[INFO] | 2026-09-17 11:36:58 AM | analyzer.Funds_fix | State variable assignement do not exist
[INFO] | 2026-09-17 11:36:58 AM | analyzer.Funds_fix | Processed function mul
[INFO] | 2026-09-17 11:36:58 AM | analyzer.Funds_fix | Generating return summary for div
[WARNING] | 2026-09-17 11:36:58 AM | analyzer.Funds_fix | No lvalue eligible assignment, is this some bug!
[INFO] | 2026-09-17 11:36:58 AM | analyzer.Funds_fix | Return summary generated for div
[INFO] | 2026-09-17 11:36:58 AM | analyzer.Funds_fix | State variable assignement do not exist
[INFO] | 2026-09-17 11:36:58 AM | analyzer.Funds_fix | Processed function div
[INFO] | 2026-09-17 11:36:58 AM | analyzer.Funds_fix | Generating return summary for min
[INFO] | 2026-09-17 11:36:58 AM | analyzer.Funds_fix | Return summary generated for min
[INFO] | 2026-09-17 11:36:58 AM | analyzer.Funds_fix | State variable assignement do not exist
[INFO] | 2026-09-17 11:36:58 AM | analyzer.Funds_fix | Processed function min
[INFO] | 2026-09-17 11:36:58 AM | analyzer.Funds_fix | Generating return summary for max
[INFO] | 2026-09-17 11:36:58 AM | analyzer.Funds_fix | Return summary generated for max
[INFO] | 2026-09-17 11:36:58 AM | analyzer.Funds_fix | State variable assignement do not exist
[INFO] | 2026-09-17 11:36:58 AM | analyzer.Funds_fix | Processed function max
[INFO] | 2026-09-17 11:36:58 AM | analyzer.Funds_fix | Generating return summary for imin
[INFO] | 2026-09-17 11:36:58 AM | analyzer.Funds_fix | Return summary generated for imin
[INFO] | 2026-09-17 11:36:58 AM | analyzer.Funds_fix | State variable assignement do not exist
[INFO] | 2026-09-17 11:36:58 AM | analyzer.Funds_fix | Processed function imin
[INFO] | 2026-09-17 11:36:58 AM | analyzer.Funds_fix | Generating return summary for imax
[INFO] | 2026-09-17 11:36:58 AM | analyzer.Funds_fix | Return summary generated for imax
[INFO] | 2026-09-17 11:36:58 AM | analyzer.Funds_fix | State variable assignement do not exist
[INFO] | 2026-09-17 11:36:58 AM | analyzer.Funds_fix | Processed function imax
[INFO] | 2026-09-17 11:36:58 AM | analyzer.Funds_fix | Generating return summary for constructor
[INFO] | 2026-09-17 11:36:58 AM | analyzer.Funds_fix | Return summary generated for constructor
[INFO] | 2026-09-17 11:36:58 AM | analyzer.Funds_fix | Range graph generated
[INFO] | 2026-09-17 11:36:58 AM | analyzer.Funds_fix | Processed function constructor
[INFO] | 2026-09-17 11:36:58 AM | analyzer.Funds_fix | Generating return summary for setLoans
[INFO] | 2026-09-17 11:36:58 AM | analyzer.Funds_fix | Return summary generated for setLoans
[INFO] | 2026-09-17 11:36:58 AM | analyzer.Funds_fix | Range graph generated
[INFO] | 2026-09-17 11:36:58 AM | analyzer.Funds_fix | Processed function setLoans
[INFO] | 2026-09-17 11:36:58 AM | analyzer.Funds_fix | Generating return summary for lend
[INFO] | 2026-09-17 11:36:58 AM | analyzer.Funds_fix | Return summary generated for lend
[INFO] | 2026-09-17 11:36:58 AM | analyzer.Funds_fix | State variable assignement do not exist
[INFO] | 2026-09-17 11:36:58 AM | analyzer.Funds_fix | Processed function lend
[INFO] | 2026-09-17 11:36:58 AM | analyzer.Funds_fix | Generating return summary for mila
[INFO] | 2026-09-17 11:36:58 AM | analyzer.Funds_fix | Return summary generated for mila
[INFO] | 2026-09-17 11:36:58 AM | analyzer.Funds_fix | State variable assignement do not exist
[INFO] | 2026-09-17 11:36:58 AM | analyzer.Funds_fix | Processed function mila
[INFO] | 2026-09-17 11:36:58 AM | analyzer.Funds_fix | Generating return summary for mala
[INFO] | 2026-09-17 11:36:58 AM | analyzer.Funds_fix | Return summary generated for mala
[INFO] | 2026-09-17 11:36:58 AM | analyzer.Funds_fix | State variable assignement do not exist
[INFO] | 2026-09-17 11:36:58 AM | analyzer.Funds_fix | Processed function mala
[INFO] | 2026-09-17 11:36:58 AM | analyzer.Funds_fix | Generating return summary for mild
[INFO] | 2026-09-17 11:36:58 AM | analyzer.Funds_fix | Return summary generated for mild
[INFO] | 2026-09-17 11:36:58 AM | analyzer.Funds_fix | State variable assignement do not exist
[INFO] | 2026-09-17 11:36:58 AM | analyzer.Funds_fix | Processed function mild
[INFO] | 2026-09-17 11:36:58 AM | analyzer.Funds_fix | Generating return summary for mald
[INFO] | 2026-09-17 11:36:58 AM | analyzer.Funds_fix | Return summary generated for mald
[INFO] | 2026-09-17 11:36:58 AM | analyzer.Funds_fix | State variable assignement do not exist
[INFO] | 2026-09-17 11:36:58 AM | analyzer.Funds_fix | Processed function mald
[INFO] | 2026-09-17 11:36:58 AM | analyzer.Funds_fix | Generating return summary for lint
[INFO] | 2026-09-17 11:36:58 AM | analyzer.Funds_fix | Return summary generated for lint
[INFO] | 2026-09-17 11:36:58 AM | analyzer.Funds_fix | State variable assignement do not exist
[INFO] | 2026-09-17 11:36:58 AM | analyzer.Funds_fix | Processed function lint
[INFO] | 2026-09-17 11:36:58 AM | analyzer.Funds_fix | Generating return summary for lpen
[INFO] | 2026-09-17 11:36:58 AM | analyzer.Funds_fix | Return summary generated for lpen
[INFO] | 2026-09-17 11:36:58 AM | analyzer.Funds_fix | State variable assignement do not exist
[INFO] | 2026-09-17 11:36:58 AM | analyzer.Funds_fix | Processed function lpen
[INFO] | 2026-09-17 11:36:58 AM | analyzer.Funds_fix | Generating return summary for lfee
[INFO] | 2026-09-17 11:36:58 AM | analyzer.Funds_fix | Return summary generated for lfee
[INFO] | 2026-09-17 11:36:58 AM | analyzer.Funds_fix | State variable assignement do not exist
[INFO] | 2026-09-17 11:36:58 AM | analyzer.Funds_fix | Processed function lfee
[INFO] | 2026-09-17 11:36:58 AM | analyzer.Funds_fix | Generating return summary for rat
[INFO] | 2026-09-17 11:36:58 AM | analyzer.Funds_fix | Return summary generated for rat
[INFO] | 2026-09-17 11:36:58 AM | analyzer.Funds_fix | State variable assignement do not exist
[INFO] | 2026-09-17 11:36:58 AM | analyzer.Funds_fix | Processed function rat
[INFO] | 2026-09-17 11:36:58 AM | analyzer.Funds_fix | Generating return summary for agent
[INFO] | 2026-09-17 11:36:58 AM | analyzer.Funds_fix | Return summary generated for agent
[INFO] | 2026-09-17 11:36:58 AM | analyzer.Funds_fix | State variable assignement do not exist
[INFO] | 2026-09-17 11:36:58 AM | analyzer.Funds_fix | Processed function agent
[INFO] | 2026-09-17 11:36:58 AM | analyzer.Funds_fix | Generating return summary for bal
[INFO] | 2026-09-17 11:36:58 AM | analyzer.Funds_fix | Return summary generated for bal
[INFO] | 2026-09-17 11:36:58 AM | analyzer.Funds_fix | State variable assignement do not exist
[INFO] | 2026-09-17 11:36:58 AM | analyzer.Funds_fix | Processed function bal
[INFO] | 2026-09-17 11:36:58 AM | analyzer.Funds_fix | Generating return summary for tok
[INFO] | 2026-09-17 11:36:58 AM | analyzer.Funds_fix | Return summary generated for tok
[INFO] | 2026-09-17 11:36:58 AM | analyzer.Funds_fix | State variable assignement do not exist
[INFO] | 2026-09-17 11:36:58 AM | analyzer.Funds_fix | Processed function tok
[INFO] | 2026-09-17 11:36:58 AM | analyzer.Funds_fix | Generating return summary for cur
[INFO] | 2026-09-17 11:36:58 AM | analyzer.Funds_fix | Return summary generated for cur
[INFO] | 2026-09-17 11:36:58 AM | analyzer.Funds_fix | State variable assignement do not exist
[INFO] | 2026-09-17 11:36:58 AM | analyzer.Funds_fix | Processed function cur
[INFO] | 2026-09-17 11:36:58 AM | analyzer.Funds_fix | Generating return summary for vars
[INFO] | 2026-09-17 11:36:58 AM | analyzer.Funds_fix | Return summary generated for vars
[INFO] | 2026-09-17 11:36:58 AM | analyzer.Funds_fix | State variable assignement do not exist
[INFO] | 2026-09-17 11:36:58 AM | analyzer.Funds_fix | Processed function vars
[INFO] | 2026-09-17 11:36:58 AM | analyzer.Funds_fix | Generating return summary for gen
[INFO] | 2026-09-17 11:36:58 AM | analyzer.Funds_fix | Return summary generated for gen
[INFO] | 2026-09-17 11:36:58 AM | analyzer.Funds_fix | Range graph generated
[INFO] | 2026-09-17 11:36:58 AM | analyzer.Funds_fix | Processed function gen
[INFO] | 2026-09-17 11:36:58 AM | analyzer.Funds_fix | Generating return summary for set
[INFO] | 2026-09-17 11:36:58 AM | analyzer.Funds_fix | Return summary generated for set
[INFO] | 2026-09-17 11:36:58 AM | analyzer.Funds_fix | Range graph generated
[INFO] | 2026-09-17 11:36:58 AM | analyzer.Funds_fix | Processed function set
[INFO] | 2026-09-17 11:36:58 AM | analyzer.Funds_fix | Generating return summary for increaseAllowance
[INFO] | 2026-09-17 11:36:58 AM | analyzer.Funds_fix | Return summary generated for increaseAllowance
[INFO] | 2026-09-17 11:36:58 AM | analyzer.Funds_fix | Range graph generated
[INFO] | 2026-09-17 11:36:58 AM | analyzer.Funds_fix | Processed function increaseAllowance
[INFO] | 2026-09-17 11:36:58 AM | analyzer.Funds_fix | Generating return summary for _transfer
[INFO] | 2026-09-17 11:36:58 AM | analyzer.Funds_fix | Return summary generated for _transfer
[INFO] | 2026-09-17 11:36:58 AM | analyzer.Funds_fix | Range graph generated
[INFO] | 2026-09-17 11:36:58 AM | analyzer.Funds_fix | Processed function _transfer
[INFO] | 2026-09-17 11:36:58 AM | analyzer.Funds_fix | Generating return summary for _mint
[INFO] | 2026-09-17 11:36:58 AM | analyzer.Funds_fix | Return summary generated for _mint
[INFO] | 2026-09-17 11:36:58 AM | analyzer.Funds_fix | Range graph generated
[INFO] | 2026-09-17 11:36:58 AM | analyzer.Funds_fix | Processed function _mint
[INFO] | 2026-09-17 11:36:58 AM | analyzer.Funds_fix | Generating return summary for sub
[INFO] | 2026-09-17 11:36:58 AM | analyzer.Funds_fix | Return summary generated for sub
[INFO] | 2026-09-17 11:36:58 AM | analyzer.Funds_fix | State variable assignement do not exist
[INFO] | 2026-09-17 11:36:58 AM | analyzer.Funds_fix | Processed function sub
[INFO] | 2026-09-17 11:36:58 AM | analyzer.Funds_fix | Generating return summary for decreaseAllowance
[INFO] | 2026-09-17 11:36:58 AM | analyzer.Funds_fix | Return summary generated for decreaseAllowance
[INFO] | 2026-09-17 11:36:58 AM | analyzer.Funds_fix | Range graph generated
[INFO] | 2026-09-17 11:36:58 AM | analyzer.Funds_fix | Processed function decreaseAllowance
[INFO] | 2026-09-17 11:36:58 AM | analyzer.Funds_fix | Generating return summary for div
[INFO] | 2026-09-17 11:36:58 AM | analyzer.Funds_fix | Return summary generated for div
[INFO] | 2026-09-17 11:36:58 AM | analyzer.Funds_fix | State variable assignement do not exist
[INFO] | 2026-09-17 11:36:58 AM | analyzer.Funds_fix | Processed function div
[INFO] | 2026-09-17 11:36:58 AM | analyzer.Funds_fix | Generating return summary for mod
[INFO] | 2026-09-17 11:36:58 AM | analyzer.Funds_fix | Return summary generated for mod
[INFO] | 2026-09-17 11:36:58 AM | analyzer.Funds_fix | State variable assignement do not exist
[INFO] | 2026-09-17 11:36:58 AM | analyzer.Funds_fix | Processed function mod
[INFO] | 2026-09-17 11:36:58 AM | analyzer.Funds_fix | Generating return summary for approve
[INFO] | 2026-09-17 11:36:58 AM | analyzer.Funds_fix | Return summary generated for approve
[INFO] | 2026-09-17 11:36:58 AM | analyzer.Funds_fix | Range graph generated
[INFO] | 2026-09-17 11:36:58 AM | analyzer.Funds_fix | Processed function approve
[INFO] | 2026-09-17 11:36:58 AM | analyzer.Funds_fix | Generating return summary for colv
[INFO] | 2026-09-17 11:36:58 AM | analyzer.Funds_fix | Return summary generated for colv
[INFO] | 2026-09-17 11:36:58 AM | analyzer.Funds_fix | State variable assignement do not exist
[INFO] | 2026-09-17 11:36:58 AM | analyzer.Funds_fix | Processed function colv
[INFO] | 2026-09-17 11:36:58 AM | analyzer.Funds_fix | Generating return summary for wmul
[WARNING] | 2026-09-17 11:36:58 AM | analyzer.Funds_fix | No lvalue eligible assignment, is this some bug!
[INFO] | 2026-09-17 11:36:58 AM | analyzer.Funds_fix | Return summary generated for wmul
[INFO] | 2026-09-17 11:36:58 AM | analyzer.Funds_fix | State variable assignement do not exist
[INFO] | 2026-09-17 11:36:58 AM | analyzer.Funds_fix | Processed function wmul
[INFO] | 2026-09-17 11:36:58 AM | analyzer.Funds_fix | Generating return summary for rmul
[WARNING] | 2026-09-17 11:36:58 AM | analyzer.Funds_fix | No lvalue eligible assignment, is this some bug!
[INFO] | 2026-09-17 11:36:58 AM | analyzer.Funds_fix | Return summary generated for rmul
[INFO] | 2026-09-17 11:36:58 AM | analyzer.Funds_fix | State variable assignement do not exist
[INFO] | 2026-09-17 11:36:58 AM | analyzer.Funds_fix | Processed function rmul
[INFO] | 2026-09-17 11:36:58 AM | analyzer.Funds_fix | Generating return summary for wdiv
[WARNING] | 2026-09-17 11:36:58 AM | analyzer.Funds_fix | No lvalue eligible assignment, is this some bug!
[INFO] | 2026-09-17 11:36:58 AM | analyzer.Funds_fix | Return summary generated for wdiv
[INFO] | 2026-09-17 11:36:58 AM | analyzer.Funds_fix | State variable assignement do not exist
[INFO] | 2026-09-17 11:36:58 AM | analyzer.Funds_fix | Processed function wdiv
[INFO] | 2026-09-17 11:36:58 AM | analyzer.Funds_fix | Generating return summary for rdiv
[WARNING] | 2026-09-17 11:36:58 AM | analyzer.Funds_fix | No lvalue eligible assignment, is this some bug!
[INFO] | 2026-09-17 11:36:58 AM | analyzer.Funds_fix | Return summary generated for rdiv
[INFO] | 2026-09-17 11:36:58 AM | analyzer.Funds_fix | State variable assignement do not exist
[INFO] | 2026-09-17 11:36:58 AM | analyzer.Funds_fix | Processed function rdiv
[INFO] | 2026-09-17 11:36:58 AM | analyzer.Funds_fix | Generating return summary for apex
[INFO] | 2026-09-17 11:36:58 AM | analyzer.Funds_fix | Return summary generated for apex
[INFO] | 2026-09-17 11:36:58 AM | analyzer.Funds_fix | State variable assignement do not exist
[INFO] | 2026-09-17 11:36:58 AM | analyzer.Funds_fix | Processed function apex
[INFO] | 2026-09-17 11:36:58 AM | analyzer.Funds_fix | Generating return summary for acex
[INFO] | 2026-09-17 11:36:58 AM | analyzer.Funds_fix | Return summary generated for acex
[INFO] | 2026-09-17 11:36:58 AM | analyzer.Funds_fix | State variable assignement do not exist
[INFO] | 2026-09-17 11:36:58 AM | analyzer.Funds_fix | Processed function acex
[INFO] | 2026-09-17 11:36:58 AM | analyzer.Funds_fix | Generating return summary for biex
[INFO] | 2026-09-17 11:36:58 AM | analyzer.Funds_fix | Return summary generated for biex
[INFO] | 2026-09-17 11:36:58 AM | analyzer.Funds_fix | State variable assignement do not exist
[INFO] | 2026-09-17 11:36:58 AM | analyzer.Funds_fix | Processed function biex
[INFO] | 2026-09-17 11:36:58 AM | analyzer.Funds_fix | Generating return summary for open
[INFO] | 2026-09-17 11:36:58 AM | analyzer.Funds_fix | Return summary generated for open
[INFO] | 2026-09-17 11:36:58 AM | analyzer.Funds_fix | Range graph generated
[INFO] | 2026-09-17 11:36:58 AM | analyzer.Funds_fix | Processed function open
[INFO] | 2026-09-17 11:36:58 AM | analyzer.Funds_fix | Generating return summary for wmul
[WARNING] | 2026-09-17 11:36:58 AM | analyzer.Funds_fix | No lvalue eligible assignment, is this some bug!
[INFO] | 2026-09-17 11:36:58 AM | analyzer.Funds_fix | Return summary generated for wmul
[INFO] | 2026-09-17 11:36:58 AM | analyzer.Funds_fix | State variable assignement do not exist
[INFO] | 2026-09-17 11:36:58 AM | analyzer.Funds_fix | Processed function wmul
[INFO] | 2026-09-17 11:36:58 AM | analyzer.Funds_fix | Generating return summary for rmul
[WARNING] | 2026-09-17 11:36:58 AM | analyzer.Funds_fix | No lvalue eligible assignment, is this some bug!
[INFO] | 2026-09-17 11:36:58 AM | analyzer.Funds_fix | Return summary generated for rmul
[INFO] | 2026-09-17 11:36:58 AM | analyzer.Funds_fix | State variable assignement do not exist
[INFO] | 2026-09-17 11:36:58 AM | analyzer.Funds_fix | Processed function rmul
[INFO] | 2026-09-17 11:36:58 AM | analyzer.Funds_fix | Generating return summary for wdiv
[WARNING] | 2026-09-17 11:36:58 AM | analyzer.Funds_fix | No lvalue eligible assignment, is this some bug!
[INFO] | 2026-09-17 11:36:58 AM | analyzer.Funds_fix | Return summary generated for wdiv
[INFO] | 2026-09-17 11:36:58 AM | analyzer.Funds_fix | State variable assignement do not exist
[INFO] | 2026-09-17 11:36:58 AM | analyzer.Funds_fix | Processed function wdiv
[INFO] | 2026-09-17 11:36:58 AM | analyzer.Funds_fix | Generating return summary for rdiv
[WARNING] | 2026-09-17 11:36:58 AM | analyzer.Funds_fix | No lvalue eligible assignment, is this some bug!
[INFO] | 2026-09-17 11:36:58 AM | analyzer.Funds_fix | Return summary generated for rdiv
[INFO] | 2026-09-17 11:36:58 AM | analyzer.Funds_fix | State variable assignement do not exist
[INFO] | 2026-09-17 11:36:58 AM | analyzer.Funds_fix | Processed function rdiv
[INFO] | 2026-09-17 11:36:58 AM | analyzer.Funds_fix | Generating return summary for sechi
[WARNING] | 2026-09-17 11:36:58 AM | analyzer.Funds_fix | No lvalue eligible assignment, is this some bug!
[INFO] | 2026-09-17 11:36:58 AM | analyzer.Funds_fix | Return summary generated for sechi
[INFO] | 2026-09-17 11:36:58 AM | analyzer.Funds_fix | State variable assignement do not exist
[INFO] | 2026-09-17 11:36:58 AM | analyzer.Funds_fix | Processed function sechi
[INFO] | 2026-09-17 11:36:58 AM | analyzer.Funds_fix | Generating return summary for wmul
[WARNING] | 2026-09-17 11:36:58 AM | analyzer.Funds_fix | No lvalue eligible assignment, is this some bug!
[INFO] | 2026-09-17 11:36:58 AM | analyzer.Funds_fix | Return summary generated for wmul
[INFO] | 2026-09-17 11:36:58 AM | analyzer.Funds_fix | State variable assignement do not exist
[INFO] | 2026-09-17 11:36:58 AM | analyzer.Funds_fix | Processed function wmul
[INFO] | 2026-09-17 11:36:58 AM | analyzer.Funds_fix | Generating return summary for rmul
[WARNING] | 2026-09-17 11:36:58 AM | analyzer.Funds_fix | No lvalue eligible assignment, is this some bug!
[INFO] | 2026-09-17 11:36:58 AM | analyzer.Funds_fix | Return summary generated for rmul
[INFO] | 2026-09-17 11:36:58 AM | analyzer.Funds_fix | State variable assignement do not exist
[INFO] | 2026-09-17 11:36:58 AM | analyzer.Funds_fix | Processed function rmul
[INFO] | 2026-09-17 11:36:58 AM | analyzer.Funds_fix | Generating return summary for wdiv
[WARNING] | 2026-09-17 11:36:58 AM | analyzer.Funds_fix | No lvalue eligible assignment, is this some bug!
[INFO] | 2026-09-17 11:36:58 AM | analyzer.Funds_fix | Return summary generated for wdiv
[INFO] | 2026-09-17 11:36:58 AM | analyzer.Funds_fix | State variable assignement do not exist
[INFO] | 2026-09-17 11:36:58 AM | analyzer.Funds_fix | Processed function wdiv
[INFO] | 2026-09-17 11:36:58 AM | analyzer.Funds_fix | Generating return summary for rdiv
[WARNING] | 2026-09-17 11:36:58 AM | analyzer.Funds_fix | No lvalue eligible assignment, is this some bug!
[INFO] | 2026-09-17 11:36:58 AM | analyzer.Funds_fix | Return summary generated for rdiv
[INFO] | 2026-09-17 11:36:58 AM | analyzer.Funds_fix | State variable assignement do not exist
[INFO] | 2026-09-17 11:36:58 AM | analyzer.Funds_fix | Processed function rdiv
[INFO] | 2026-09-17 11:36:58 AM | analyzer.Funds_fix | Generating return summary for lent
[INFO] | 2026-09-17 11:36:58 AM | analyzer.Funds_fix | Return summary generated for lent
[INFO] | 2026-09-17 11:36:58 AM | analyzer.Funds_fix | State variable assignement do not exist
[INFO] | 2026-09-17 11:36:58 AM | analyzer.Funds_fix | Processed function lent
[INFO] | 2026-09-17 11:36:58 AM | analyzer.Funds_fix | Generating return summary for wmul
[WARNING] | 2026-09-17 11:36:58 AM | analyzer.Funds_fix | No lvalue eligible assignment, is this some bug!
[INFO] | 2026-09-17 11:36:58 AM | analyzer.Funds_fix | Return summary generated for wmul
[INFO] | 2026-09-17 11:36:58 AM | analyzer.Funds_fix | State variable assignement do not exist
[INFO] | 2026-09-17 11:36:58 AM | analyzer.Funds_fix | Processed function wmul
[INFO] | 2026-09-17 11:36:58 AM | analyzer.Funds_fix | Generating return summary for rmul
[WARNING] | 2026-09-17 11:36:58 AM | analyzer.Funds_fix | No lvalue eligible assignment, is this some bug!
[INFO] | 2026-09-17 11:36:58 AM | analyzer.Funds_fix | Return summary generated for rmul
[INFO] | 2026-09-17 11:36:58 AM | analyzer.Funds_fix | State variable assignement do not exist
[INFO] | 2026-09-17 11:36:58 AM | analyzer.Funds_fix | Processed function rmul
[INFO] | 2026-09-17 11:36:58 AM | analyzer.Funds_fix | Generating return summary for wdiv
[WARNING] | 2026-09-17 11:36:58 AM | analyzer.Funds_fix | No lvalue eligible assignment, is this some bug!
[INFO] | 2026-09-17 11:36:59 AM | analyzer.Funds_fix | Return summary generated for wdiv
[INFO] | 2026-09-17 11:36:59 AM | analyzer.Funds_fix | State variable assignement do not exist
[INFO] | 2026-09-17 11:36:59 AM | analyzer.Funds_fix | Processed function wdiv
[INFO] | 2026-09-17 11:36:59 AM | analyzer.Funds_fix | Generating return summary for rdiv
[WARNING] | 2026-09-17 11:36:59 AM | analyzer.Funds_fix | No lvalue eligible assignment, is this some bug!
[INFO] | 2026-09-17 11:36:59 AM | analyzer.Funds_fix | Return summary generated for rdiv
[INFO] | 2026-09-17 11:36:59 AM | analyzer.Funds_fix | State variable assignement do not exist
[INFO] | 2026-09-17 11:36:59 AM | analyzer.Funds_fix | Processed function rdiv
[INFO] | 2026-09-17 11:36:59 AM | analyzer.Funds_fix | Generating return summary for gsech
[INFO] | 2026-09-17 11:36:59 AM | analyzer.Funds_fix | Return summary generated for gsech
[INFO] | 2026-09-17 11:36:59 AM | analyzer.Funds_fix | Range graph generated
[INFO] | 2026-09-17 11:36:59 AM | analyzer.Funds_fix | Processed function gsech
[INFO] | 2026-09-17 11:36:59 AM | analyzer.Funds_fix | Generating return summary for set
[INFO] | 2026-09-17 11:36:59 AM | analyzer.Funds_fix | Return summary generated for set
[INFO] | 2026-09-17 11:36:59 AM | analyzer.Funds_fix | Range graph generated
[INFO] | 2026-09-17 11:36:59 AM | analyzer.Funds_fix | Processed function set
[INFO] | 2026-09-17 11:36:59 AM | analyzer.Funds_fix | Generating return summary for transfer
[INFO] | 2026-09-17 11:36:59 AM | analyzer.Funds_fix | Return summary generated for transfer
[INFO] | 2026-09-17 11:36:59 AM | analyzer.Funds_fix | Range graph generated
[INFO] | 2026-09-17 11:36:59 AM | analyzer.Funds_fix | Processed function transfer
[INFO] | 2026-09-17 11:36:59 AM | analyzer.Funds_fix | Generating return summary for transferFrom
[INFO] | 2026-09-17 11:36:59 AM | analyzer.Funds_fix | Return summary generated for transferFrom
[INFO] | 2026-09-17 11:36:59 AM | analyzer.Funds_fix | Range graph generated
[INFO] | 2026-09-17 11:36:59 AM | analyzer.Funds_fix | Processed function transferFrom
[INFO] | 2026-09-17 11:36:59 AM | analyzer.Funds_fix | Generating return summary for _burn
[INFO] | 2026-09-17 11:36:59 AM | analyzer.Funds_fix | Return summary generated for _burn
[INFO] | 2026-09-17 11:36:59 AM | analyzer.Funds_fix | Range graph generated
[INFO] | 2026-09-17 11:36:59 AM | analyzer.Funds_fix | Processed function _burn
[INFO] | 2026-09-17 11:36:59 AM | analyzer.Funds_fix | Generating return summary for open
[INFO] | 2026-09-17 11:36:59 AM | analyzer.Funds_fix | Return summary generated for open
[INFO] | 2026-09-17 11:36:59 AM | analyzer.Funds_fix | Range graph generated
[INFO] | 2026-09-17 11:36:59 AM | analyzer.Funds_fix | Processed function open
[INFO] | 2026-09-17 11:36:59 AM | analyzer.Funds_fix | Generating return summary for open
[INFO] | 2026-09-17 11:36:59 AM | analyzer.Funds_fix | Return summary generated for open
[INFO] | 2026-09-17 11:36:59 AM | analyzer.Funds_fix | Range graph generated
[INFO] | 2026-09-17 11:36:59 AM | analyzer.Funds_fix | Processed function open
[INFO] | 2026-09-17 11:36:59 AM | analyzer.Funds_fix | Generating return summary for rpow
[INFO] | 2026-09-17 11:36:59 AM | analyzer.Funds_fix | Return summary generated for rpow
[INFO] | 2026-09-17 11:36:59 AM | analyzer.Funds_fix | State variable assignement do not exist
[INFO] | 2026-09-17 11:36:59 AM | analyzer.Funds_fix | Processed function rpow
[INFO] | 2026-09-17 11:36:59 AM | analyzer.Funds_fix | Generating return summary for mark
[INFO] | 2026-09-17 11:36:59 AM | analyzer.Funds_fix | Return summary generated for mark
[INFO] | 2026-09-17 11:36:59 AM | analyzer.Funds_fix | Range graph generated
[INFO] | 2026-09-17 11:36:59 AM | analyzer.Funds_fix | Processed function mark
[INFO] | 2026-09-17 11:36:59 AM | analyzer.Funds_fix | Generating return summary for rpow
[INFO] | 2026-09-17 11:36:59 AM | analyzer.Funds_fix | Return summary generated for rpow
[INFO] | 2026-09-17 11:36:59 AM | analyzer.Funds_fix | State variable assignement do not exist
[INFO] | 2026-09-17 11:36:59 AM | analyzer.Funds_fix | Processed function rpow
[INFO] | 2026-09-17 11:36:59 AM | analyzer.Funds_fix | Generating return summary for rpow
[INFO] | 2026-09-17 11:36:59 AM | analyzer.Funds_fix | Return summary generated for rpow
[INFO] | 2026-09-17 11:36:59 AM | analyzer.Funds_fix | State variable assignement do not exist
[INFO] | 2026-09-17 11:36:59 AM | analyzer.Funds_fix | Processed function rpow
[INFO] | 2026-09-17 11:36:59 AM | analyzer.Funds_fix | Generating return summary for min
[INFO] | 2026-09-17 11:36:59 AM | analyzer.Funds_fix | Return summary generated for min
[INFO] | 2026-09-17 11:36:59 AM | analyzer.Funds_fix | State variable assignement do not exist
[INFO] | 2026-09-17 11:36:59 AM | analyzer.Funds_fix | Processed function min
[INFO] | 2026-09-17 11:36:59 AM | analyzer.Funds_fix | Generating return summary for lentb
[INFO] | 2026-09-17 11:36:59 AM | analyzer.Funds_fix | Return summary generated for lentb
[INFO] | 2026-09-17 11:36:59 AM | analyzer.Funds_fix | State variable assignement do not exist
[INFO] | 2026-09-17 11:36:59 AM | analyzer.Funds_fix | Processed function lentb
[INFO] | 2026-09-17 11:36:59 AM | analyzer.Funds_fix | Generating return summary for owed
[INFO] | 2026-09-17 11:36:59 AM | analyzer.Funds_fix | Return summary generated for owed
[INFO] | 2026-09-17 11:36:59 AM | analyzer.Funds_fix | State variable assignement do not exist
[INFO] | 2026-09-17 11:36:59 AM | analyzer.Funds_fix | Processed function owed
[INFO] | 2026-09-17 11:36:59 AM | analyzer.Funds_fix | Generating return summary for rpow
[INFO] | 2026-09-17 11:36:59 AM | analyzer.Funds_fix | Return summary generated for rpow
[INFO] | 2026-09-17 11:36:59 AM | analyzer.Funds_fix | State variable assignement do not exist
[INFO] | 2026-09-17 11:36:59 AM | analyzer.Funds_fix | Processed function rpow
[INFO] | 2026-09-17 11:36:59 AM | analyzer.Funds_fix | Generating return summary for lsech
[INFO] | 2026-09-17 11:36:59 AM | analyzer.Funds_fix | Return summary generated for lsech
[INFO] | 2026-09-17 11:36:59 AM | analyzer.Funds_fix | Range graph generated
[INFO] | 2026-09-17 11:36:59 AM | analyzer.Funds_fix | Processed function lsech
[INFO] | 2026-09-17 11:36:59 AM | analyzer.Funds_fix | Generating return summary for unpush
[INFO] | 2026-09-17 11:36:59 AM | analyzer.Funds_fix | Return summary generated for unpush
[INFO] | 2026-09-17 11:36:59 AM | analyzer.Funds_fix | Range graph generated
[INFO] | 2026-09-17 11:36:59 AM | analyzer.Funds_fix | Processed function unpush
[INFO] | 2026-09-17 11:36:59 AM | analyzer.Funds_fix | Generating return summary for take
[INFO] | 2026-09-17 11:36:59 AM | analyzer.Funds_fix | Return summary generated for take
[INFO] | 2026-09-17 11:36:59 AM | analyzer.Funds_fix | Range graph generated
[INFO] | 2026-09-17 11:36:59 AM | analyzer.Funds_fix | Processed function take
[INFO] | 2026-09-17 11:36:59 AM | analyzer.Funds_fix | Generating return summary for pull
[INFO] | 2026-09-17 11:36:59 AM | analyzer.Funds_fix | Return summary generated for pull
[INFO] | 2026-09-17 11:36:59 AM | analyzer.Funds_fix | Range graph generated
[INFO] | 2026-09-17 11:36:59 AM | analyzer.Funds_fix | Processed function pull
[INFO] | 2026-09-17 11:36:59 AM | analyzer.Funds_fix | Generating return summary for push
[INFO] | 2026-09-17 11:36:59 AM | analyzer.Funds_fix | Return summary generated for push
[INFO] | 2026-09-17 11:36:59 AM | analyzer.Funds_fix | Range graph generated
[INFO] | 2026-09-17 11:36:59 AM | analyzer.Funds_fix | Processed function push
[INFO] | 2026-09-17 11:36:59 AM | analyzer.Funds_fix | Generating return summary for push
[INFO] | 2026-09-17 11:36:59 AM | analyzer.Funds_fix | Return summary generated for push
[INFO] | 2026-09-17 11:36:59 AM | analyzer.Funds_fix | Range graph generated
[INFO] | 2026-09-17 11:36:59 AM | analyzer.Funds_fix | Processed function push
[INFO] | 2026-09-17 11:36:59 AM | analyzer.Funds_fix | Generating return summary for push
[INFO] | 2026-09-17 11:36:59 AM | analyzer.Funds_fix | Return summary generated for push
[INFO] | 2026-09-17 11:36:59 AM | analyzer.Funds_fix | Range graph generated
[INFO] | 2026-09-17 11:36:59 AM | analyzer.Funds_fix | Processed function push
[INFO] | 2026-09-17 11:36:59 AM | analyzer.Funds_fix | Generating return summary for _burnFrom
[INFO] | 2026-09-17 11:36:59 AM | analyzer.Funds_fix | Return summary generated for _burnFrom
[INFO] | 2026-09-17 11:36:59 AM | analyzer.Funds_fix | Range graph generated
[INFO] | 2026-09-17 11:36:59 AM | analyzer.Funds_fix | Processed function _burnFrom
[INFO] | 2026-09-17 11:36:59 AM | analyzer.Funds_fix | Generating return summary for safe
[INFO] | 2026-09-17 11:36:59 AM | analyzer.Funds_fix | Return summary generated for safe
[INFO] | 2026-09-17 11:36:59 AM | analyzer.Funds_fix | State variable assignement do not exist
[INFO] | 2026-09-17 11:36:59 AM | analyzer.Funds_fix | Processed function safe
[INFO] | 2026-09-17 11:36:59 AM | analyzer.Funds_fix | Generating return summary for dedu
[INFO] | 2026-09-17 11:36:59 AM | analyzer.Funds_fix | Return summary generated for dedu
[INFO] | 2026-09-17 11:36:59 AM | analyzer.Funds_fix | State variable assignement do not exist
[INFO] | 2026-09-17 11:36:59 AM | analyzer.Funds_fix | Processed function dedu
[INFO] | 2026-09-17 11:36:59 AM | analyzer.Funds_fix | Generating return summary for owedb
[INFO] | 2026-09-17 11:36:59 AM | analyzer.Funds_fix | Return summary generated for owedb
[INFO] | 2026-09-17 11:36:59 AM | analyzer.Funds_fix | State variable assignement do not exist
[INFO] | 2026-09-17 11:36:59 AM | analyzer.Funds_fix | Processed function owedb
[INFO] | 2026-09-17 11:36:59 AM | analyzer.Funds_fix | Generating return summary for pay
[INFO] | 2026-09-17 11:36:59 AM | analyzer.Funds_fix | Return summary generated for pay
[INFO] | 2026-09-17 11:36:59 AM | analyzer.Funds_fix | Range graph generated
[INFO] | 2026-09-17 11:36:59 AM | analyzer.Funds_fix | Processed function pay
[INFO] | 2026-09-17 11:36:59 AM | analyzer.Funds_fix | Generating return summary for unpay
[INFO] | 2026-09-17 11:36:59 AM | analyzer.Funds_fix | Return summary generated for unpay
[INFO] | 2026-09-17 11:36:59 AM | analyzer.Funds_fix | Range graph generated
[INFO] | 2026-09-17 11:36:59 AM | analyzer.Funds_fix | Processed function unpay
[INFO] | 2026-09-17 11:36:59 AM | analyzer.Funds_fix | Generating return summary for calc
[INFO] | 2026-09-17 11:36:59 AM | analyzer.Funds_fix | Return summary generated for calc
[INFO] | 2026-09-17 11:36:59 AM | analyzer.Funds_fix | State variable assignement do not exist
[INFO] | 2026-09-17 11:36:59 AM | analyzer.Funds_fix | Processed function calc
[INFO] | 2026-09-17 11:36:59 AM | analyzer.Funds_fix | Generating return summary for pull
[INFO] | 2026-09-17 11:36:59 AM | analyzer.Funds_fix | Return summary generated for pull
[INFO] | 2026-09-17 11:36:59 AM | analyzer.Funds_fix | Range graph generated
[INFO] | 2026-09-17 11:36:59 AM | analyzer.Funds_fix | Processed function pull
[INFO] | 2026-09-17 11:36:59 AM | analyzer.Funds_fix | Generating return summary for sell
[INFO] | 2026-09-17 11:36:59 AM | analyzer.Funds_fix | Return summary generated for sell
[INFO] | 2026-09-17 11:36:59 AM | analyzer.Funds_fix | Range graph generated
[INFO] | 2026-09-17 11:36:59 AM | analyzer.Funds_fix | Processed function sell
[INFO] | 2026-09-17 11:36:59 AM | analyzer.Funds_fix | Generating return summary for dedub
[INFO] | 2026-09-17 11:36:59 AM | analyzer.Funds_fix | Return summary generated for dedub
[INFO] | 2026-09-17 11:36:59 AM | analyzer.Funds_fix | State variable assignement do not exist
[INFO] | 2026-09-17 11:36:59 AM | analyzer.Funds_fix | Processed function dedub
[INFO] | 2026-09-17 11:36:59 AM | analyzer.Funds_fix | Generating return summary for lopen
[WARNING] | 2026-09-17 11:36:59 AM | analyzer.Funds_fix | No lvalue eligible assignment, is this some bug!
[INFO] | 2026-09-17 11:36:59 AM | analyzer.Funds_fix | Return summary generated for lopen
[INFO] | 2026-09-17 11:36:59 AM | analyzer.Funds_fix | Range graph generated
[INFO] | 2026-09-17 11:36:59 AM | analyzer.Funds_fix | Processed function lopen
[INFO] | 2026-09-17 11:36:59 AM | analyzer.Funds_fix | Generating return summary for pull
[INFO] | 2026-09-17 11:36:59 AM | analyzer.Funds_fix | Return summary generated for pull
[INFO] | 2026-09-17 11:36:59 AM | analyzer.Funds_fix | Range graph generated
[INFO] | 2026-09-17 11:36:59 AM | analyzer.Funds_fix | Processed function pull
[INFO] | 2026-09-17 11:36:59 AM | analyzer.Funds_fix | Generating return summary for take
[INFO] | 2026-09-17 11:36:59 AM | analyzer.Funds_fix | Return summary generated for take
[INFO] | 2026-09-17 11:36:59 AM | analyzer.Funds_fix | Range graph generated
[INFO] | 2026-09-17 11:36:59 AM | analyzer.Funds_fix | Processed function take
[INFO] | 2026-09-17 11:36:59 AM | analyzer.Funds_fix | Generating return summary for req
[INFO] | 2026-09-17 11:36:59 AM | analyzer.Funds_fix | Return summary generated for req
[INFO] | 2026-09-17 11:36:59 AM | analyzer.Funds_fix | Range graph generated
[INFO] | 2026-09-17 11:36:59 AM | analyzer.Funds_fix | Processed function req
[INFO] | 2026-09-17 11:36:59 AM | analyzer.Funds_fix | Value Range Analysis took 0.683215 seconds
[INFO] | 2026-09-17 11:36:59 AM | analyzer.Funds_fix | Value Range Analysis finished
[INFO] | 2026-09-17 11:36:59 AM | analyzer.Funds_fix | Storage dependency graph compostion started!
[INFO] | 2026-09-17 11:37:00 AM | analyzer.Funds_fix | Storage dependency graph compostion finished!
[INFO] | 2026-09-17 11:37:00 AM | analyzer.Funds_fix | Dependency detection started!
[INFO] | 2026-09-17 11:37:01 AM | analyzer.Funds_fix | DAO dependency detected in file Funds_fix.sol in contract Sales in by composing functions open and push
[INFO] | 2026-09-17 11:37:03 AM | analyzer.Funds_fix | DAO dependency detected in file Funds_fix.sol in contract Sales in by composing functions open and push
[INFO] | 2026-09-17 11:37:05 AM | analyzer.Funds_fix | DAO dependency detected in file Funds_fix.sol in contract Sales in by composing functions open and push
[INFO] | 2026-09-17 11:37:05 AM | analyzer.Funds_fix | DAO dependency detected in file Funds_fix.sol in contract Sales in by composing functions open and sign
[INFO] | 2026-09-17 11:37:06 AM | analyzer.Funds_fix | DAO dependency detected in file Funds_fix.sol in contract Sales in by composing functions open and sign
[INFO] | 2026-09-17 11:37:07 AM | analyzer.Funds_fix | DAO dependency detected in file Funds_fix.sol in contract Sales in by composing functions open and sign
[INFO] | 2026-09-17 11:37:08 AM | analyzer.Funds_fix | DAO dependency detected in file Funds_fix.sol in contract Sales in by composing functions open and sec
[INFO] | 2026-09-17 11:37:09 AM | analyzer.Funds_fix | DAO dependency detected in file Funds_fix.sol in contract Sales in by composing functions open and sec
[INFO] | 2026-09-17 11:37:10 AM | analyzer.Funds_fix | DAO dependency detected in file Funds_fix.sol in contract Sales in by composing functions open and sec
[INFO] | 2026-09-17 11:37:11 AM | analyzer.Funds_fix | DAO dependency detected in file Funds_fix.sol in contract Sales in by composing functions open and hasSecs
[INFO] | 2026-09-17 11:37:12 AM | analyzer.Funds_fix | DAO dependency detected in file Funds_fix.sol in contract Sales in by composing functions open and hasSecs
[INFO] | 2026-09-17 11:37:13 AM | analyzer.Funds_fix | DAO dependency detected in file Funds_fix.sol in contract Sales in by composing functions open and hasSecs
[INFO] | 2026-09-17 11:37:16 AM | analyzer.Funds_fix | DAO dependency detected in file Funds_fix.sol in contract Sales in by composing functions open and take
[INFO] | 2026-09-17 11:37:19 AM | analyzer.Funds_fix | DAO dependency detected in file Funds_fix.sol in contract Sales in by composing functions open and take
[INFO] | 2026-09-17 11:37:23 AM | analyzer.Funds_fix | DAO dependency detected in file Funds_fix.sol in contract Sales in by composing functions open and take
[INFO] | 2026-09-17 11:37:23 AM | analyzer.Funds_fix | DAO dependency detected in file Funds_fix.sol in contract Sales in by composing functions open and unpush
[INFO] | 2026-09-17 11:37:24 AM | analyzer.Funds_fix | DAO dependency detected in file Funds_fix.sol in contract Sales in by composing functions open and unpush
[INFO] | 2026-09-17 11:37:25 AM | analyzer.Funds_fix | DAO dependency detected in file Funds_fix.sol in contract Sales in by composing functions open and unpush
[INFO] | 2026-09-17 11:37:25 AM | analyzer.Funds_fix | DAO dependency detected in file Funds_fix.sol in contract Sales in by composing functions push and open
[INFO] | 2026-09-17 11:37:30 AM | analyzer.Funds_fix | DAO dependency detected in file Funds_fix.sol in contract Sales in by composing functions push and push
[INFO] | 2026-09-17 11:37:33 AM | analyzer.Funds_fix | DAO dependency detected in file Funds_fix.sol in contract Sales in by composing functions push and push
[INFO] | 2026-09-17 11:37:33 AM | analyzer.Funds_fix | DAO dependency detected in file Funds_fix.sol in contract Sales in by composing functions push and sec
[INFO] | 2026-09-17 11:37:34 AM | analyzer.Funds_fix | DAO dependency detected in file Funds_fix.sol in contract Sales in by composing functions push and sec
[INFO] | 2026-09-17 11:37:36 AM | analyzer.Funds_fix | DAO dependency detected in file Funds_fix.sol in contract Sales in by composing functions push and take
[INFO] | 2026-09-17 11:37:38 AM | analyzer.Funds_fix | DAO dependency detected in file Funds_fix.sol in contract Sales in by composing functions push and take
[INFO] | 2026-09-17 11:37:38 AM | analyzer.Funds_fix | DAO dependency detected in file Funds_fix.sol in contract Sales in by composing functions push and unpush
[INFO] | 2026-09-17 11:37:38 AM | analyzer.Funds_fix | DAO dependency detected in file Funds_fix.sol in contract Sales in by composing functions push and unpush
[INFO] | 2026-09-17 11:37:45 AM | analyzer.Funds_fix | DAO dependency detected in file Funds_fix.sol in contract Sales in by composing functions take and open
[INFO] | 2026-09-17 11:37:50 AM | analyzer.Funds_fix | DAO dependency detected in file Funds_fix.sol in contract Sales in by composing functions take and open
[INFO] | 2026-09-17 11:37:51 AM | analyzer.Funds_fix | DAO dependency detected in file Funds_fix.sol in contract Sales in by composing functions take and push
[INFO] | 2026-09-17 11:37:52 AM | analyzer.Funds_fix | DAO dependency detected in file Funds_fix.sol in contract Sales in by composing functions take and push
[INFO] | 2026-09-17 11:37:52 AM | analyzer.Funds_fix | DAO dependency detected in file Funds_fix.sol in contract Loans in by composing functions apex and open
[INFO] | 2026-09-17 11:37:53 AM | analyzer.Funds_fix | DAO dependency detected in file Funds_fix.sol in contract Loans in by composing functions acex and open
[INFO] | 2026-09-17 11:37:53 AM | analyzer.Funds_fix | DAO dependency detected in file Funds_fix.sol in contract Loans in by composing functions biex and open
[INFO] | 2026-09-17 11:37:55 AM | analyzer.Funds_fix | DAO dependency detected in file Funds_fix.sol in contract Loans in by composing functions safe and open
[INFO] | 2026-09-17 11:37:56 AM | analyzer.Funds_fix | DAO dependency detected in file Funds_fix.sol in contract Loans in by composing functions safe and pay
[INFO] | 2026-09-17 11:37:57 AM | analyzer.Funds_fix | DAO dependency detected in file Funds_fix.sol in contract Loans in by composing functions open and open
[INFO] | 2026-09-17 11:37:57 AM | analyzer.Funds_fix | DAO dependency detected in file Funds_fix.sol in contract Loans in by composing functions push and push
[INFO] | 2026-09-17 11:37:58 AM | analyzer.Funds_fix | DAO dependency detected in file Funds_fix.sol in contract Loans in by composing functions push and mark
[INFO] | 2026-09-17 11:37:59 AM | analyzer.Funds_fix | DAO dependency detected in file Funds_fix.sol in contract Loans in by composing functions push and take
[INFO] | 2026-09-17 11:37:59 AM | analyzer.Funds_fix | DAO dependency detected in file Funds_fix.sol in contract Loans in by composing functions mark and open
[INFO] | 2026-09-17 11:38:00 AM | analyzer.Funds_fix | DAO dependency detected in file Funds_fix.sol in contract Loans in by composing functions mark and take
[INFO] | 2026-09-17 11:38:05 AM | analyzer.Funds_fix | DAO dependency detected in file Funds_fix.sol in contract Loans in by composing functions unpay and open
[INFO] | 2026-09-17 11:38:06 AM | analyzer.Funds_fix | DAO dependency detected in file Funds_fix.sol in contract Loans in by composing functions unpay and take
[INFO] | 2026-09-17 11:38:07 AM | analyzer.Funds_fix | DAO dependency detected in file Funds_fix.sol in contract Loans in by composing functions unpay and pay
[INFO] | 2026-09-17 11:38:08 AM | analyzer.Funds_fix | DAO dependency detected in file Funds_fix.sol in contract Loans in by composing functions unpay and unpay
[INFO] | 2026-09-17 11:38:09 AM | analyzer.Funds_fix | DAO dependency detected in file Funds_fix.sol in contract Loans in by composing functions unpay and pull
[INFO] | 2026-09-17 11:38:09 AM | analyzer.Funds_fix | DAO dependency detected in file Funds_fix.sol in contract Loans in by composing functions unpay and pull
[INFO] | 2026-09-17 11:38:10 AM | analyzer.Funds_fix | DAO dependency detected in file Funds_fix.sol in contract Loans in by composing functions unpay and sell
[INFO] | 2026-09-17 11:38:17 AM | analyzer.Funds_fix | DAO dependency detected in file Funds_fix.sol in contract Loans in by composing functions pull and open
[INFO] | 2026-09-17 11:38:19 AM | analyzer.Funds_fix | DAO dependency detected in file Funds_fix.sol in contract Loans in by composing functions pull and take
[INFO] | 2026-09-17 11:38:19 AM | analyzer.Funds_fix | DAO dependency detected in file Funds_fix.sol in contract Loans in by composing functions pull and pay
[INFO] | 2026-09-17 11:38:20 AM | analyzer.Funds_fix | DAO dependency detected in file Funds_fix.sol in contract Loans in by composing functions pull and unpay
[INFO] | 2026-09-17 11:38:21 AM | analyzer.Funds_fix | DAO dependency detected in file Funds_fix.sol in contract Loans in by composing functions pull and pull
[INFO] | 2026-09-17 11:38:21 AM | analyzer.Funds_fix | DAO dependency detected in file Funds_fix.sol in contract Loans in by composing functions pull and pull
[INFO] | 2026-09-17 11:38:23 AM | analyzer.Funds_fix | DAO dependency detected in file Funds_fix.sol in contract Loans in by composing functions pull and sell
[INFO] | 2026-09-17 11:38:30 AM | analyzer.Funds_fix | DAO dependency detected in file Funds_fix.sol in contract Loans in by composing functions pull and open
[INFO] | 2026-09-17 11:38:31 AM | analyzer.Funds_fix | DAO dependency detected in file Funds_fix.sol in contract Loans in by composing functions pull and take
[INFO] | 2026-09-17 11:38:32 AM | analyzer.Funds_fix | DAO dependency detected in file Funds_fix.sol in contract Loans in by composing functions pull and pay
[INFO] | 2026-09-17 11:38:33 AM | analyzer.Funds_fix | DAO dependency detected in file Funds_fix.sol in contract Loans in by composing functions pull and unpay
[INFO] | 2026-09-17 11:38:34 AM | analyzer.Funds_fix | DAO dependency detected in file Funds_fix.sol in contract Loans in by composing functions pull and pull
[INFO] | 2026-09-17 11:38:34 AM | analyzer.Funds_fix | DAO dependency detected in file Funds_fix.sol in contract Loans in by composing functions pull and pull
[INFO] | 2026-09-17 11:38:36 AM | analyzer.Funds_fix | DAO dependency detected in file Funds_fix.sol in contract Loans in by composing functions pull and sell
[INFO] | 2026-09-17 11:38:46 AM | analyzer.Funds_fix | DAO dependency detected in file Funds_fix.sol in contract Loans in by composing functions sell and setSales
[INFO] | 2026-09-17 11:38:56 AM | analyzer.Funds_fix | DAO dependency detected in file Funds_fix.sol in contract Loans in by composing functions sell and setSales
[INFO] | 2026-09-17 11:39:05 AM | analyzer.Funds_fix | DAO dependency detected in file Funds_fix.sol in contract Loans in by composing functions sell and setSales
[INFO] | 2026-09-17 11:39:14 AM | analyzer.Funds_fix | DAO dependency detected in file Funds_fix.sol in contract Loans in by composing functions sell and setSales
[INFO] | 2026-09-17 11:39:23 AM | analyzer.Funds_fix | DAO dependency detected in file Funds_fix.sol in contract Loans in by composing functions sell and setSales
[INFO] | 2026-09-17 11:39:32 AM | analyzer.Funds_fix | DAO dependency detected in file Funds_fix.sol in contract Loans in by composing functions sell and setSales
[INFO] | 2026-09-17 11:39:40 AM | analyzer.Funds_fix | DAO dependency detected in file Funds_fix.sol in contract Loans in by composing functions sell and setSales
[INFO] | 2026-09-17 11:39:47 AM | analyzer.Funds_fix | DAO dependency detected in file Funds_fix.sol in contract Loans in by composing functions sell and setSales
[INFO] | 2026-09-17 11:39:48 AM | analyzer.Funds_fix | DAO dependency detected in file Funds_fix.sol in contract Loans in by composing functions sell and setSales
[INFO] | 2026-09-17 11:39:54 AM | analyzer.Funds_fix | DAO dependency detected in file Funds_fix.sol in contract Loans in by composing functions sell and setSales
[INFO] | 2026-09-17 11:40:00 AM | analyzer.Funds_fix | DAO dependency detected in file Funds_fix.sol in contract Loans in by composing functions sell and setSales
[INFO] | 2026-09-17 11:40:06 AM | analyzer.Funds_fix | DAO dependency detected in file Funds_fix.sol in contract Loans in by composing functions sell and setSales
[INFO] | 2026-09-17 11:40:11 AM | analyzer.Funds_fix | DAO dependency detected in file Funds_fix.sol in contract Loans in by composing functions sell and setSales
[INFO] | 2026-09-17 11:40:14 AM | analyzer.Funds_fix | DAO dependency detected in file Funds_fix.sol in contract Loans in by composing functions sell and setSales
[INFO] | 2026-09-17 11:40:18 AM | analyzer.Funds_fix | DAO dependency detected in file Funds_fix.sol in contract Loans in by composing functions sell and setSales
[INFO] | 2026-09-17 11:40:20 AM | analyzer.Funds_fix | DAO dependency detected in file Funds_fix.sol in contract Loans in by composing functions sell and setSales
[INFO] | 2026-09-17 11:40:21 AM | analyzer.Funds_fix | DAO dependency detected in file Funds_fix.sol in contract Loans in by composing functions sell and setSales
[INFO] | 2026-09-17 11:40:23 AM | analyzer.Funds_fix | DAO dependency detected in file Funds_fix.sol in contract Loans in by composing functions sell and setSales
[INFO] | 2026-09-17 11:40:32 AM | analyzer.Funds_fix | DAO dependency detected in file Funds_fix.sol in contract Loans in by composing functions sell and setSales
[INFO] | 2026-09-17 11:40:44 AM | analyzer.Funds_fix | DAO dependency detected in file Funds_fix.sol in contract Loans in by composing functions sell and open
[INFO] | 2026-09-17 11:40:50 AM | analyzer.Funds_fix | DAO dependency detected in file Funds_fix.sol in contract Loans in by composing functions sell and open
[INFO] | 2026-09-17 11:40:55 AM | analyzer.Funds_fix | DAO dependency detected in file Funds_fix.sol in contract Loans in by composing functions sell and open
[INFO] | 2026-09-17 11:41:00 AM | analyzer.Funds_fix | DAO dependency detected in file Funds_fix.sol in contract Loans in by composing functions sell and open
[INFO] | 2026-09-17 11:41:05 AM | analyzer.Funds_fix | DAO dependency detected in file Funds_fix.sol in contract Loans in by composing functions sell and open
[INFO] | 2026-09-17 11:41:10 AM | analyzer.Funds_fix | DAO dependency detected in file Funds_fix.sol in contract Loans in by composing functions sell and open
[INFO] | 2026-09-17 11:41:15 AM | analyzer.Funds_fix | DAO dependency detected in file Funds_fix.sol in contract Loans in by composing functions sell and open
[INFO] | 2026-09-17 11:41:20 AM | analyzer.Funds_fix | DAO dependency detected in file Funds_fix.sol in contract Loans in by composing functions sell and open
[INFO] | 2026-09-17 11:41:21 AM | analyzer.Funds_fix | DAO dependency detected in file Funds_fix.sol in contract Loans in by composing functions sell and open
[INFO] | 2026-09-17 11:41:27 AM | analyzer.Funds_fix | DAO dependency detected in file Funds_fix.sol in contract Loans in by composing functions sell and open
[INFO] | 2026-09-17 11:41:32 AM | analyzer.Funds_fix | DAO dependency detected in file Funds_fix.sol in contract Loans in by composing functions sell and open
[INFO] | 2026-09-17 11:41:38 AM | analyzer.Funds_fix | DAO dependency detected in file Funds_fix.sol in contract Loans in by composing functions sell and open
[INFO] | 2026-09-17 11:41:43 AM | analyzer.Funds_fix | DAO dependency detected in file Funds_fix.sol in contract Loans in by composing functions sell and open
[INFO] | 2026-09-17 11:41:50 AM | analyzer.Funds_fix | DAO dependency detected in file Funds_fix.sol in contract Loans in by composing functions sell and open
[INFO] | 2026-09-17 11:41:56 AM | analyzer.Funds_fix | DAO dependency detected in file Funds_fix.sol in contract Loans in by composing functions sell and open
[INFO] | 2026-09-17 11:42:01 AM | analyzer.Funds_fix | DAO dependency detected in file Funds_fix.sol in contract Loans in by composing functions sell and open
[INFO] | 2026-09-17 11:42:07 AM | analyzer.Funds_fix | DAO dependency detected in file Funds_fix.sol in contract Loans in by composing functions sell and open
[INFO] | 2026-09-17 11:42:12 AM | analyzer.Funds_fix | DAO dependency detected in file Funds_fix.sol in contract Loans in by composing functions sell and open
[INFO] | 2026-09-17 11:42:20 AM | analyzer.Funds_fix | DAO dependency detected in file Funds_fix.sol in contract Loans in by composing functions sell and open
[INFO] | 2026-09-17 11:42:26 AM | analyzer.Funds_fix | DAO dependency detected in file Funds_fix.sol in contract Loans in by composing functions sell and pay
[INFO] | 2026-09-17 11:42:28 AM | analyzer.Funds_fix | DAO dependency detected in file Funds_fix.sol in contract Loans in by composing functions sell and pay
[INFO] | 2026-09-17 11:42:30 AM | analyzer.Funds_fix | DAO dependency detected in file Funds_fix.sol in contract Loans in by composing functions sell and pay
[INFO] | 2026-09-17 11:42:32 AM | analyzer.Funds_fix | DAO dependency detected in file Funds_fix.sol in contract Loans in by composing functions sell and pay
[INFO] | 2026-09-17 11:42:35 AM | analyzer.Funds_fix | DAO dependency detected in file Funds_fix.sol in contract Loans in by composing functions sell and pay
[INFO] | 2026-09-17 11:42:37 AM | analyzer.Funds_fix | DAO dependency detected in file Funds_fix.sol in contract Loans in by composing functions sell and pay
[INFO] | 2026-09-17 11:42:39 AM | analyzer.Funds_fix | DAO dependency detected in file Funds_fix.sol in contract Loans in by composing functions sell and pay
[INFO] | 2026-09-17 11:42:42 AM | analyzer.Funds_fix | DAO dependency detected in file Funds_fix.sol in contract Loans in by composing functions sell and pay
[INFO] | 2026-09-17 11:42:43 AM | analyzer.Funds_fix | DAO dependency detected in file Funds_fix.sol in contract Loans in by composing functions sell and pay
[INFO] | 2026-09-17 11:42:44 AM | analyzer.Funds_fix | DAO dependency detected in file Funds_fix.sol in contract Loans in by composing functions sell and pay
[INFO] | 2026-09-17 11:42:45 AM | analyzer.Funds_fix | DAO dependency detected in file Funds_fix.sol in contract Loans in by composing functions sell and pay
[INFO] | 2026-09-17 11:42:46 AM | analyzer.Funds_fix | DAO dependency detected in file Funds_fix.sol in contract Loans in by composing functions sell and pay
[INFO] | 2026-09-17 11:42:47 AM | analyzer.Funds_fix | DAO dependency detected in file Funds_fix.sol in contract Loans in by composing functions sell and pay
[INFO] | 2026-09-17 11:42:49 AM | analyzer.Funds_fix | DAO dependency detected in file Funds_fix.sol in contract Loans in by composing functions sell and pay
[INFO] | 2026-09-17 11:42:50 AM | analyzer.Funds_fix | DAO dependency detected in file Funds_fix.sol in contract Loans in by composing functions sell and pay
[INFO] | 2026-09-17 11:42:51 AM | analyzer.Funds_fix | DAO dependency detected in file Funds_fix.sol in contract Loans in by composing functions sell and pay
[INFO] | 2026-09-17 11:42:52 AM | analyzer.Funds_fix | DAO dependency detected in file Funds_fix.sol in contract Loans in by composing functions sell and pay
[INFO] | 2026-09-17 11:42:53 AM | analyzer.Funds_fix | DAO dependency detected in file Funds_fix.sol in contract Loans in by composing functions sell and pay
[INFO] | 2026-09-17 11:42:54 AM | analyzer.Funds_fix | DAO dependency detected in file Funds_fix.sol in contract Loans in by composing functions sell and pay
[INFO] | 2026-09-17 11:42:58 AM | analyzer.Funds_fix | DAO dependency detected in file Funds_fix.sol in contract Loans in by composing functions sell and pay
[INFO] | 2026-09-17 11:43:00 AM | analyzer.Funds_fix | DAO dependency detected in file Funds_fix.sol in contract Loans in by composing functions sell and unpay
[INFO] | 2026-09-17 11:43:01 AM | analyzer.Funds_fix | DAO dependency detected in file Funds_fix.sol in contract Loans in by composing functions sell and unpay
[INFO] | 2026-09-17 11:43:02 AM | analyzer.Funds_fix | DAO dependency detected in file Funds_fix.sol in contract Loans in by composing functions sell and unpay
[INFO] | 2026-09-17 11:43:03 AM | analyzer.Funds_fix | DAO dependency detected in file Funds_fix.sol in contract Loans in by composing functions sell and unpay
[INFO] | 2026-09-17 11:43:04 AM | analyzer.Funds_fix | DAO dependency detected in file Funds_fix.sol in contract Loans in by composing functions sell and unpay
[INFO] | 2026-09-17 11:43:05 AM | analyzer.Funds_fix | DAO dependency detected in file Funds_fix.sol in contract Loans in by composing functions sell and unpay
[INFO] | 2026-09-17 11:43:06 AM | analyzer.Funds_fix | DAO dependency detected in file Funds_fix.sol in contract Loans in by composing functions sell and unpay
[INFO] | 2026-09-17 11:43:07 AM | analyzer.Funds_fix | DAO dependency detected in file Funds_fix.sol in contract Loans in by composing functions sell and unpay
[INFO] | 2026-09-17 11:43:08 AM | analyzer.Funds_fix | DAO dependency detected in file Funds_fix.sol in contract Loans in by composing functions sell and unpay
[INFO] | 2026-09-17 11:43:10 AM | analyzer.Funds_fix | DAO dependency detected in file Funds_fix.sol in contract Loans in by composing functions sell and unpay
[INFO] | 2026-09-17 11:43:11 AM | analyzer.Funds_fix | DAO dependency detected in file Funds_fix.sol in contract Loans in by composing functions sell and unpay
[INFO] | 2026-09-17 11:43:12 AM | analyzer.Funds_fix | DAO dependency detected in file Funds_fix.sol in contract Loans in by composing functions sell and unpay
[INFO] | 2026-09-17 11:43:13 AM | analyzer.Funds_fix | DAO dependency detected in file Funds_fix.sol in contract Loans in by composing functions sell and unpay
[INFO] | 2026-09-17 11:43:14 AM | analyzer.Funds_fix | DAO dependency detected in file Funds_fix.sol in contract Loans in by composing functions sell and unpay
[INFO] | 2026-09-17 11:43:15 AM | analyzer.Funds_fix | DAO dependency detected in file Funds_fix.sol in contract Loans in by composing functions sell and unpay
[INFO] | 2026-09-17 11:43:16 AM | analyzer.Funds_fix | DAO dependency detected in file Funds_fix.sol in contract Loans in by composing functions sell and unpay
[INFO] | 2026-09-17 11:43:17 AM | analyzer.Funds_fix | DAO dependency detected in file Funds_fix.sol in contract Loans in by composing functions sell and unpay
[INFO] | 2026-09-17 11:43:18 AM | analyzer.Funds_fix | DAO dependency detected in file Funds_fix.sol in contract Loans in by composing functions sell and unpay
[INFO] | 2026-09-17 11:43:19 AM | analyzer.Funds_fix | DAO dependency detected in file Funds_fix.sol in contract Loans in by composing functions sell and unpay
[INFO] | 2026-09-17 11:43:21 AM | analyzer.Funds_fix | DAO dependency detected in file Funds_fix.sol in contract Loans in by composing functions sell and unpay
[INFO] | 2026-09-17 11:43:22 AM | analyzer.Funds_fix | DAO dependency detected in file Funds_fix.sol in contract Loans in by composing functions sell and pull
[INFO] | 2026-09-17 11:43:23 AM | analyzer.Funds_fix | DAO dependency detected in file Funds_fix.sol in contract Loans in by composing functions sell and pull
[INFO] | 2026-09-17 11:43:24 AM | analyzer.Funds_fix | DAO dependency detected in file Funds_fix.sol in contract Loans in by composing functions sell and pull
[INFO] | 2026-09-17 11:43:25 AM | analyzer.Funds_fix | DAO dependency detected in file Funds_fix.sol in contract Loans in by composing functions sell and pull
[INFO] | 2026-09-17 11:43:26 AM | analyzer.Funds_fix | DAO dependency detected in file Funds_fix.sol in contract Loans in by composing functions sell and pull
[INFO] | 2026-09-17 11:43:27 AM | analyzer.Funds_fix | DAO dependency detected in file Funds_fix.sol in contract Loans in by composing functions sell and pull
[INFO] | 2026-09-17 11:43:29 AM | analyzer.Funds_fix | DAO dependency detected in file Funds_fix.sol in contract Loans in by composing functions sell and pull
[INFO] | 2026-09-17 11:43:30 AM | analyzer.Funds_fix | DAO dependency detected in file Funds_fix.sol in contract Loans in by composing functions sell and pull
[INFO] | 2026-09-17 11:43:31 AM | analyzer.Funds_fix | DAO dependency detected in file Funds_fix.sol in contract Loans in by composing functions sell and pull
[INFO] | 2026-09-17 11:43:32 AM | analyzer.Funds_fix | DAO dependency detected in file Funds_fix.sol in contract Loans in by composing functions sell and pull
[INFO] | 2026-09-17 11:43:33 AM | analyzer.Funds_fix | DAO dependency detected in file Funds_fix.sol in contract Loans in by composing functions sell and pull
[INFO] | 2026-09-17 11:43:34 AM | analyzer.Funds_fix | DAO dependency detected in file Funds_fix.sol in contract Loans in by composing functions sell and pull
[INFO] | 2026-09-17 11:43:35 AM | analyzer.Funds_fix | DAO dependency detected in file Funds_fix.sol in contract Loans in by composing functions sell and pull
[INFO] | 2026-09-17 11:43:37 AM | analyzer.Funds_fix | DAO dependency detected in file Funds_fix.sol in contract Loans in by composing functions sell and pull
[INFO] | 2026-09-17 11:43:38 AM | analyzer.Funds_fix | DAO dependency detected in file Funds_fix.sol in contract Loans in by composing functions sell and pull
[INFO] | 2026-09-17 11:43:39 AM | analyzer.Funds_fix | DAO dependency detected in file Funds_fix.sol in contract Loans in by composing functions sell and pull
[INFO] | 2026-09-17 11:43:41 AM | analyzer.Funds_fix | DAO dependency detected in file Funds_fix.sol in contract Loans in by composing functions sell and pull
[INFO] | 2026-09-17 11:43:42 AM | analyzer.Funds_fix | DAO dependency detected in file Funds_fix.sol in contract Loans in by composing functions sell and pull
[INFO] | 2026-09-17 11:43:43 AM | analyzer.Funds_fix | DAO dependency detected in file Funds_fix.sol in contract Loans in by composing functions sell and pull
[INFO] | 2026-09-17 11:43:44 AM | analyzer.Funds_fix | DAO dependency detected in file Funds_fix.sol in contract Loans in by composing functions sell and pull
[INFO] | 2026-09-17 11:43:45 AM | analyzer.Funds_fix | DAO dependency detected in file Funds_fix.sol in contract Loans in by composing functions sell and pull
[INFO] | 2026-09-17 11:43:47 AM | analyzer.Funds_fix | DAO dependency detected in file Funds_fix.sol in contract Loans in by composing functions sell and pull
[INFO] | 2026-09-17 11:43:48 AM | analyzer.Funds_fix | DAO dependency detected in file Funds_fix.sol in contract Loans in by composing functions sell and pull
[INFO] | 2026-09-17 11:43:49 AM | analyzer.Funds_fix | DAO dependency detected in file Funds_fix.sol in contract Loans in by composing functions sell and pull
[INFO] | 2026-09-17 11:43:50 AM | analyzer.Funds_fix | DAO dependency detected in file Funds_fix.sol in contract Loans in by composing functions sell and pull
[INFO] | 2026-09-17 11:43:52 AM | analyzer.Funds_fix | DAO dependency detected in file Funds_fix.sol in contract Loans in by composing functions sell and pull
[INFO] | 2026-09-17 11:43:53 AM | analyzer.Funds_fix | DAO dependency detected in file Funds_fix.sol in contract Loans in by composing functions sell and pull
[INFO] | 2026-09-17 11:43:55 AM | analyzer.Funds_fix | DAO dependency detected in file Funds_fix.sol in contract Loans in by composing functions sell and pull
[INFO] | 2026-09-17 11:43:56 AM | analyzer.Funds_fix | DAO dependency detected in file Funds_fix.sol in contract Loans in by composing functions sell and pull
[INFO] | 2026-09-17 11:43:58 AM | analyzer.Funds_fix | DAO dependency detected in file Funds_fix.sol in contract Loans in by composing functions sell and pull
[INFO] | 2026-09-17 11:43:59 AM | analyzer.Funds_fix | DAO dependency detected in file Funds_fix.sol in contract Loans in by composing functions sell and pull
[INFO] | 2026-09-17 11:44:00 AM | analyzer.Funds_fix | DAO dependency detected in file Funds_fix.sol in contract Loans in by composing functions sell and pull
[INFO] | 2026-09-17 11:44:01 AM | analyzer.Funds_fix | DAO dependency detected in file Funds_fix.sol in contract Loans in by composing functions sell and pull
[INFO] | 2026-09-17 11:44:04 AM | analyzer.Funds_fix | DAO dependency detected in file Funds_fix.sol in contract Loans in by composing functions sell and pull
[INFO] | 2026-09-17 11:44:07 AM | analyzer.Funds_fix | DAO dependency detected in file Funds_fix.sol in contract Loans in by composing functions sell and pull
[INFO] | 2026-09-17 11:44:08 AM | analyzer.Funds_fix | DAO dependency detected in file Funds_fix.sol in contract Loans in by composing functions sell and pull
[INFO] | 2026-09-17 11:44:10 AM | analyzer.Funds_fix | DAO dependency detected in file Funds_fix.sol in contract Loans in by composing functions sell and pull
[INFO] | 2026-09-17 11:44:12 AM | analyzer.Funds_fix | DAO dependency detected in file Funds_fix.sol in contract Loans in by composing functions sell and pull
[INFO] | 2026-09-17 11:44:13 AM | analyzer.Funds_fix | DAO dependency detected in file Funds_fix.sol in contract Loans in by composing functions sell and pull
[INFO] | 2026-09-17 11:44:14 AM | analyzer.Funds_fix | DAO dependency detected in file Funds_fix.sol in contract Loans in by composing functions sell and pull
[INFO] | 2026-09-17 11:44:17 AM | analyzer.Funds_fix | DAO dependency detected in file Funds_fix.sol in contract Loans in by composing functions sell and sell
[INFO] | 2026-09-17 11:44:20 AM | analyzer.Funds_fix | DAO dependency detected in file Funds_fix.sol in contract Loans in by composing functions sell and sell
[INFO] | 2026-09-17 11:44:22 AM | analyzer.Funds_fix | DAO dependency detected in file Funds_fix.sol in contract Loans in by composing functions sell and sell
[INFO] | 2026-09-17 11:44:28 AM | analyzer.Funds_fix | DAO dependency detected in file Funds_fix.sol in contract Loans in by composing functions sell and sell
[INFO] | 2026-09-17 11:44:34 AM | analyzer.Funds_fix | DAO dependency detected in file Funds_fix.sol in contract Loans in by composing functions sell and sell
[INFO] | 2026-09-17 11:44:39 AM | analyzer.Funds_fix | DAO dependency detected in file Funds_fix.sol in contract Loans in by composing functions sell and sell
[INFO] | 2026-09-17 11:44:46 AM | analyzer.Funds_fix | DAO dependency detected in file Funds_fix.sol in contract Loans in by composing functions sell and sell
[INFO] | 2026-09-17 11:44:50 AM | analyzer.Funds_fix | DAO dependency detected in file Funds_fix.sol in contract Loans in by composing functions sell and sell
[INFO] | 2026-09-17 11:44:53 AM | analyzer.Funds_fix | DAO dependency detected in file Funds_fix.sol in contract Loans in by composing functions sell and sell
[INFO] | 2026-09-17 11:44:54 AM | analyzer.Funds_fix | DAO dependency detected in file Funds_fix.sol in contract Loans in by composing functions sell and sell
[INFO] | 2026-09-17 11:44:57 AM | analyzer.Funds_fix | DAO dependency detected in file Funds_fix.sol in contract Loans in by composing functions sell and sell
[INFO] | 2026-09-17 11:44:59 AM | analyzer.Funds_fix | DAO dependency detected in file Funds_fix.sol in contract Loans in by composing functions sell and sell
[INFO] | 2026-09-17 11:45:02 AM | analyzer.Funds_fix | DAO dependency detected in file Funds_fix.sol in contract Loans in by composing functions sell and sell
[INFO] | 2026-09-17 11:45:06 AM | analyzer.Funds_fix | DAO dependency detected in file Funds_fix.sol in contract Loans in by composing functions sell and sell
[INFO] | 2026-09-17 11:45:08 AM | analyzer.Funds_fix | DAO dependency detected in file Funds_fix.sol in contract Loans in by composing functions sell and sell
[INFO] | 2026-09-17 11:45:11 AM | analyzer.Funds_fix | DAO dependency detected in file Funds_fix.sol in contract Loans in by composing functions sell and sell
[INFO] | 2026-09-17 11:45:13 AM | analyzer.Funds_fix | DAO dependency detected in file Funds_fix.sol in contract Loans in by composing functions sell and sell
[INFO] | 2026-09-17 11:45:15 AM | analyzer.Funds_fix | DAO dependency detected in file Funds_fix.sol in contract Loans in by composing functions sell and sell
[INFO] | 2026-09-17 11:45:18 AM | analyzer.Funds_fix | DAO dependency detected in file Funds_fix.sol in contract Loans in by composing functions sell and sell
[INFO] | 2026-09-17 11:45:21 AM | analyzer.Funds_fix | DAO dependency detected in file Funds_fix.sol in contract Loans in by composing functions sell and sell
[INFO] | 2026-09-17 11:45:21 AM | analyzer.Funds_fix | DAO dependency detected in file Funds_fix.sol in contract Funds in by composing functions open and open
[INFO] | 2026-09-17 11:45:22 AM | analyzer.Funds_fix | DAO dependency detected in file Funds_fix.sol in contract Funds in by composing functions req and setLoans
[INFO] | 2026-09-17 11:45:23 AM | analyzer.Funds_fix | DAO dependency detected in file Funds_fix.sol in contract Funds in by composing functions req and setLoans
[INFO] | 2026-09-17 11:45:24 AM | analyzer.Funds_fix | DAO dependency detected in file Funds_fix.sol in contract Funds in by composing functions req and set
[INFO] | 2026-09-17 11:46:04 AM | analyzer.Funds_fix | DAO dependency detected in file Funds_fix.sol in contract Funds in by composing functions req and req
[INFO] | 2026-09-17 11:46:04 AM | analyzer.Funds_fix | Dependency detection finished!
[INFO] | 2026-09-17 11:46:04 AM | analyzer.Funds_fix | Static Analysis took 556.517616 seconds
[INFO] | 2026-09-17 11:46:04 AM | analyzer.Funds_fix | Dependency exists
[INFO] | 2026-09-17 11:46:04 AM | analyzer.Funds_fix | Invoking symbolic executor!
