[INFO] | 2026-09-17 12:39:59 PM | analyzer.Funds  | Analysis started at: 2026-09-17 12:39:59 PM
[INFO] | 2026-09-17 12:40:03 PM | analyzer.Funds  | Version constraints: ['^0.5.8']
[INFO] | 2026-09-17 12:40:03 PM | analyzer.Funds  | solc version: v0.5.8
[INFO] | 2026-09-17 12:40:07 PM | analyzer.Funds  | Callgraph generation started!
[INFO] | 2026-09-17 12:40:07 PM | analyzer.Funds  | Callgraph generation finished!
[INFO] | 2026-09-17 12:40:07 PM | analyzer.Funds  | Interprocedural CFG generation started!
[INFO] | 2026-09-17 12:40:08 PM | analyzer.Funds  | Interprocedural CFG generation finished!
[INFO] | 2026-09-17 12:40:08 PM | analyzer.Funds  | Storage dependency graph generation started!
[INFO] | 2026-09-17 12:40:08 PM | analyzer.Funds  | Storage dependency graph generation finished!
[INFO] | 2026-09-17 12:40:08 PM | analyzer.Funds  | Value Range Analysis started
[INFO] | 2026-09-17 12:40:08 PM | analyzer.Funds  | Generating return summary for slitherConstructorConstantVariables
[INFO] | 2026-09-17 12:40:08 PM | analyzer.Funds  | Return summary generated for slitherConstructorConstantVariables
[INFO] | 2026-09-17 12:40:08 PM | analyzer.Funds  | Range graph generated
[INFO] | 2026-09-17 12:40:08 PM | analyzer.Funds  | Processed function slitherConstructorConstantVariables
[INFO] | 2026-09-17 12:40:08 PM | analyzer.Funds  | Generating return summary for slitherConstructorConstantVariables
[INFO] | 2026-09-17 12:40:08 PM | analyzer.Funds  | Return summary generated for slitherConstructorConstantVariables
[INFO] | 2026-09-17 12:40:08 PM | analyzer.Funds  | Range graph generated
[INFO] | 2026-09-17 12:40:08 PM | analyzer.Funds  | Processed function slitherConstructorConstantVariables
[INFO] | 2026-09-17 12:40:08 PM | analyzer.Funds  | Generating return summary for slitherConstructorConstantVariables
[INFO] | 2026-09-17 12:40:08 PM | analyzer.Funds  | Return summary generated for slitherConstructorConstantVariables
[INFO] | 2026-09-17 12:40:08 PM | analyzer.Funds  | Range graph generated
[INFO] | 2026-09-17 12:40:08 PM | analyzer.Funds  | Processed function slitherConstructorConstantVariables
[INFO] | 2026-09-17 12:40:08 PM | analyzer.Funds  | Generating return summary for slitherConstructorConstantVariables
[INFO] | 2026-09-17 12:40:08 PM | analyzer.Funds  | Return summary generated for slitherConstructorConstantVariables
[INFO] | 2026-09-17 12:40:08 PM | analyzer.Funds  | Range graph generated
[INFO] | 2026-09-17 12:40:08 PM | analyzer.Funds  | Processed function slitherConstructorConstantVariables
[INFO] | 2026-09-17 12:40:08 PM | analyzer.Funds  | Generating return summary for constructor
[INFO] | 2026-09-17 12:40:08 PM | analyzer.Funds  | Return summary generated for constructor
[INFO] | 2026-09-17 12:40:08 PM | analyzer.Funds  | State variable assignement do not exist
[INFO] | 2026-09-17 12:40:08 PM | analyzer.Funds  | Processed function constructor
[INFO] | 2026-09-17 12:40:08 PM | analyzer.Funds  | Generating return summary for _msgSender
[INFO] | 2026-09-17 12:40:08 PM | analyzer.Funds  | Return summary generated for _msgSender
[INFO] | 2026-09-17 12:40:08 PM | analyzer.Funds  | State variable assignement do not exist
[INFO] | 2026-09-17 12:40:08 PM | analyzer.Funds  | Processed function _msgSender
[INFO] | 2026-09-17 12:40:08 PM | analyzer.Funds  | Generating return summary for _msgData
[INFO] | 2026-09-17 12:40:08 PM | analyzer.Funds  | Return summary generated for _msgData
[INFO] | 2026-09-17 12:40:08 PM | analyzer.Funds  | State variable assignement do not exist
[INFO] | 2026-09-17 12:40:08 PM | analyzer.Funds  | Processed function _msgData
[INFO] | 2026-09-17 12:40:08 PM | analyzer.Funds  | Generating return summary for totalSupply
[INFO] | 2026-09-17 12:40:08 PM | analyzer.Funds  | Return summary generated for totalSupply
[INFO] | 2026-09-17 12:40:08 PM | analyzer.Funds  | State variable assignement do not exist
[INFO] | 2026-09-17 12:40:08 PM | analyzer.Funds  | Processed function totalSupply
[INFO] | 2026-09-17 12:40:08 PM | analyzer.Funds  | Generating return summary for balanceOf
[INFO] | 2026-09-17 12:40:08 PM | analyzer.Funds  | Return summary generated for balanceOf
[INFO] | 2026-09-17 12:40:08 PM | analyzer.Funds  | State variable assignement do not exist
[INFO] | 2026-09-17 12:40:08 PM | analyzer.Funds  | Processed function balanceOf
[INFO] | 2026-09-17 12:40:08 PM | analyzer.Funds  | Generating return summary for transfer
[INFO] | 2026-09-17 12:40:08 PM | analyzer.Funds  | Return summary generated for transfer
[INFO] | 2026-09-17 12:40:08 PM | analyzer.Funds  | State variable assignement do not exist
[INFO] | 2026-09-17 12:40:08 PM | analyzer.Funds  | Processed function transfer
[INFO] | 2026-09-17 12:40:08 PM | analyzer.Funds  | Generating return summary for allowance
[INFO] | 2026-09-17 12:40:08 PM | analyzer.Funds  | Return summary generated for allowance
[INFO] | 2026-09-17 12:40:08 PM | analyzer.Funds  | State variable assignement do not exist
[INFO] | 2026-09-17 12:40:08 PM | analyzer.Funds  | Processed function allowance
[INFO] | 2026-09-17 12:40:08 PM | analyzer.Funds  | Generating return summary for approve
[INFO] | 2026-09-17 12:40:08 PM | analyzer.Funds  | Return summary generated for approve
[INFO] | 2026-09-17 12:40:08 PM | analyzer.Funds  | State variable assignement do not exist
[INFO] | 2026-09-17 12:40:08 PM | analyzer.Funds  | Processed function approve
[INFO] | 2026-09-17 12:40:08 PM | analyzer.Funds  | Generating return summary for transferFrom
[INFO] | 2026-09-17 12:40:08 PM | analyzer.Funds  | Return summary generated for transferFrom
[INFO] | 2026-09-17 12:40:08 PM | analyzer.Funds  | State variable assignement do not exist
[INFO] | 2026-09-17 12:40:08 PM | analyzer.Funds  | Processed function transferFrom
[INFO] | 2026-09-17 12:40:08 PM | analyzer.Funds  | Generating return summary for add
[INFO] | 2026-09-17 12:40:08 PM | analyzer.Funds  | Return summary generated for add
[INFO] | 2026-09-17 12:40:08 PM | analyzer.Funds  | State variable assignement do not exist
[INFO] | 2026-09-17 12:40:08 PM | analyzer.Funds  | Processed function add
[INFO] | 2026-09-17 12:40:08 PM | analyzer.Funds  | Generating return summary for sub
[INFO] | 2026-09-17 12:40:08 PM | analyzer.Funds  | Return summary generated for sub
[INFO] | 2026-09-17 12:40:08 PM | analyzer.Funds  | State variable assignement do not exist
[INFO] | 2026-09-17 12:40:08 PM | analyzer.Funds  | Processed function sub
[INFO] | 2026-09-17 12:40:08 PM | analyzer.Funds  | Generating return summary for mul
[INFO] | 2026-09-17 12:40:08 PM | analyzer.Funds  | Return summary generated for mul
[INFO] | 2026-09-17 12:40:08 PM | analyzer.Funds  | State variable assignement do not exist
[INFO] | 2026-09-17 12:40:08 PM | analyzer.Funds  | Processed function mul
[INFO] | 2026-09-17 12:40:08 PM | analyzer.Funds  | Generating return summary for div
[INFO] | 2026-09-17 12:40:08 PM | analyzer.Funds  | Return summary generated for div
[INFO] | 2026-09-17 12:40:08 PM | analyzer.Funds  | State variable assignement do not exist
[INFO] | 2026-09-17 12:40:08 PM | analyzer.Funds  | Processed function div
[INFO] | 2026-09-17 12:40:08 PM | analyzer.Funds  | Generating return summary for mod
[INFO] | 2026-09-17 12:40:08 PM | analyzer.Funds  | Return summary generated for mod
[INFO] | 2026-09-17 12:40:08 PM | analyzer.Funds  | State variable assignement do not exist
[INFO] | 2026-09-17 12:40:08 PM | analyzer.Funds  | Processed function mod
[INFO] | 2026-09-17 12:40:08 PM | analyzer.Funds  | Generating return summary for totalSupply
[INFO] | 2026-09-17 12:40:08 PM | analyzer.Funds  | Return summary generated for totalSupply
[INFO] | 2026-09-17 12:40:08 PM | analyzer.Funds  | State variable assignement do not exist
[INFO] | 2026-09-17 12:40:08 PM | analyzer.Funds  | Processed function totalSupply
[INFO] | 2026-09-17 12:40:08 PM | analyzer.Funds  | Generating return summary for balanceOf
[INFO] | 2026-09-17 12:40:08 PM | analyzer.Funds  | Return summary generated for balanceOf
[INFO] | 2026-09-17 12:40:08 PM | analyzer.Funds  | State variable assignement do not exist
[INFO] | 2026-09-17 12:40:08 PM | analyzer.Funds  | Processed function balanceOf
[INFO] | 2026-09-17 12:40:08 PM | analyzer.Funds  | Generating return summary for transfer
[INFO] | 2026-09-17 12:40:08 PM | analyzer.Funds  | Return summary generated for transfer
[INFO] | 2026-09-17 12:40:08 PM | analyzer.Funds  | State variable assignement do not exist
[INFO] | 2026-09-17 12:40:08 PM | analyzer.Funds  | Processed function transfer
[INFO] | 2026-09-17 12:40:08 PM | analyzer.Funds  | Generating return summary for allowance
[INFO] | 2026-09-17 12:40:08 PM | analyzer.Funds  | Return summary generated for allowance
[INFO] | 2026-09-17 12:40:08 PM | analyzer.Funds  | State variable assignement do not exist
[INFO] | 2026-09-17 12:40:08 PM | analyzer.Funds  | Processed function allowance
[INFO] | 2026-09-17 12:40:08 PM | analyzer.Funds  | Generating return summary for approve
[INFO] | 2026-09-17 12:40:08 PM | analyzer.Funds  | Return summary generated for approve
[INFO] | 2026-09-17 12:40:08 PM | analyzer.Funds  | State variable assignement do not exist
[INFO] | 2026-09-17 12:40:08 PM | analyzer.Funds  | Processed function approve
[INFO] | 2026-09-17 12:40:08 PM | analyzer.Funds  | Generating return summary for transferFrom
[INFO] | 2026-09-17 12:40:08 PM | analyzer.Funds  | Return summary generated for transferFrom
[INFO] | 2026-09-17 12:40:08 PM | analyzer.Funds  | State variable assignement do not exist
[INFO] | 2026-09-17 12:40:08 PM | analyzer.Funds  | Processed function transferFrom
[INFO] | 2026-09-17 12:40:08 PM | analyzer.Funds  | Generating return summary for constructor
[INFO] | 2026-09-17 12:40:08 PM | analyzer.Funds  | Return summary generated for constructor
[INFO] | 2026-09-17 12:40:08 PM | analyzer.Funds  | State variable assignement do not exist
[INFO] | 2026-09-17 12:40:08 PM | analyzer.Funds  | Processed function constructor
[INFO] | 2026-09-17 12:40:08 PM | analyzer.Funds  | Generating return summary for _msgSender
[INFO] | 2026-09-17 12:40:08 PM | analyzer.Funds  | Return summary generated for _msgSender
[INFO] | 2026-09-17 12:40:08 PM | analyzer.Funds  | State variable assignement do not exist
[INFO] | 2026-09-17 12:40:08 PM | analyzer.Funds  | Processed function _msgSender
[INFO] | 2026-09-17 12:40:08 PM | analyzer.Funds  | Generating return summary for _msgData
[INFO] | 2026-09-17 12:40:08 PM | analyzer.Funds  | Return summary generated for _msgData
[INFO] | 2026-09-17 12:40:08 PM | analyzer.Funds  | State variable assignement do not exist
[INFO] | 2026-09-17 12:40:08 PM | analyzer.Funds  | Processed function _msgData
[INFO] | 2026-09-17 12:40:08 PM | analyzer.Funds  | Generating return summary for totalSupply
[INFO] | 2026-09-17 12:40:08 PM | analyzer.Funds  | Return summary generated for totalSupply
[INFO] | 2026-09-17 12:40:08 PM | analyzer.Funds  | State variable assignement do not exist
[INFO] | 2026-09-17 12:40:08 PM | analyzer.Funds  | Processed function totalSupply
[INFO] | 2026-09-17 12:40:08 PM | analyzer.Funds  | Generating return summary for balanceOf
[INFO] | 2026-09-17 12:40:08 PM | analyzer.Funds  | Return summary generated for balanceOf
[INFO] | 2026-09-17 12:40:08 PM | analyzer.Funds  | State variable assignement do not exist
[INFO] | 2026-09-17 12:40:08 PM | analyzer.Funds  | Processed function balanceOf
[INFO] | 2026-09-17 12:40:08 PM | analyzer.Funds  | Generating return summary for allowance
[INFO] | 2026-09-17 12:40:08 PM | analyzer.Funds  | Return summary generated for allowance
[INFO] | 2026-09-17 12:40:08 PM | analyzer.Funds  | State variable assignement do not exist
[INFO] | 2026-09-17 12:40:08 PM | analyzer.Funds  | Processed function allowance
[INFO] | 2026-09-17 12:40:08 PM | analyzer.Funds  | Generating return summary for _approve
[INFO] | 2026-09-17 12:40:08 PM | analyzer.Funds  | Return summary generated for _approve
[INFO] | 2026-09-17 12:40:08 PM | analyzer.Funds  | Range graph generated
[INFO] | 2026-09-17 12:40:08 PM | analyzer.Funds  | Processed function _approve
[INFO] | 2026-09-17 12:40:08 PM | analyzer.Funds  | Generating return summary for peek
[INFO] | 2026-09-17 12:40:08 PM | analyzer.Funds  | Return summary generated for peek
[INFO] | 2026-09-17 12:40:08 PM | analyzer.Funds  | State variable assignement do not exist
[INFO] | 2026-09-17 12:40:08 PM | analyzer.Funds  | Processed function peek
[INFO] | 2026-09-17 12:40:08 PM | analyzer.Funds  | Generating return summary for read
[INFO] | 2026-09-17 12:40:08 PM | analyzer.Funds  | Return summary generated for read
[INFO] | 2026-09-17 12:40:08 PM | analyzer.Funds  | State variable assignement do not exist
[INFO] | 2026-09-17 12:40:08 PM | analyzer.Funds  | Processed function read
[INFO] | 2026-09-17 12:40:08 PM | analyzer.Funds  | Generating return summary for poke
[INFO] | 2026-09-17 12:40:08 PM | analyzer.Funds  | Return summary generated for poke
[INFO] | 2026-09-17 12:40:08 PM | analyzer.Funds  | State variable assignement do not exist
[INFO] | 2026-09-17 12:40:08 PM | analyzer.Funds  | Processed function poke
[INFO] | 2026-09-17 12:40:08 PM | analyzer.Funds  | Generating return summary for void
[INFO] | 2026-09-17 12:40:08 PM | analyzer.Funds  | Return summary generated for void
[INFO] | 2026-09-17 12:40:08 PM | analyzer.Funds  | State variable assignement do not exist
[INFO] | 2026-09-17 12:40:08 PM | analyzer.Funds  | Processed function void
[INFO] | 2026-09-17 12:40:08 PM | analyzer.Funds  | Generating return summary for push
[INFO] | 2026-09-17 12:40:08 PM | analyzer.Funds  | Return summary generated for push
[INFO] | 2026-09-17 12:40:08 PM | analyzer.Funds  | State variable assignement do not exist
[INFO] | 2026-09-17 12:40:08 PM | analyzer.Funds  | Processed function push
[INFO] | 2026-09-17 12:40:08 PM | analyzer.Funds  | Generating return summary for add
[INFO] | 2026-09-17 12:40:08 PM | analyzer.Funds  | Return summary generated for add
[INFO] | 2026-09-17 12:40:08 PM | analyzer.Funds  | State variable assignement do not exist
[INFO] | 2026-09-17 12:40:08 PM | analyzer.Funds  | Processed function add
[INFO] | 2026-09-17 12:40:08 PM | analyzer.Funds  | Generating return summary for sub
[INFO] | 2026-09-17 12:40:08 PM | analyzer.Funds  | Return summary generated for sub
[INFO] | 2026-09-17 12:40:08 PM | analyzer.Funds  | State variable assignement do not exist
[INFO] | 2026-09-17 12:40:08 PM | analyzer.Funds  | Processed function sub
[INFO] | 2026-09-17 12:40:08 PM | analyzer.Funds  | Generating return summary for mul
[INFO] | 2026-09-17 12:40:08 PM | analyzer.Funds  | Return summary generated for mul
[INFO] | 2026-09-17 12:40:08 PM | analyzer.Funds  | State variable assignement do not exist
[INFO] | 2026-09-17 12:40:08 PM | analyzer.Funds  | Processed function mul
[INFO] | 2026-09-17 12:40:08 PM | analyzer.Funds  | Generating return summary for div
[WARNING] | 2026-09-17 12:40:08 PM | analyzer.Funds  | No lvalue eligible assignment, is this some bug!
[INFO] | 2026-09-17 12:40:08 PM | analyzer.Funds  | Return summary generated for div
[INFO] | 2026-09-17 12:40:08 PM | analyzer.Funds  | State variable assignement do not exist
[INFO] | 2026-09-17 12:40:08 PM | analyzer.Funds  | Processed function div
[INFO] | 2026-09-17 12:40:08 PM | analyzer.Funds  | Generating return summary for min
[INFO] | 2026-09-17 12:40:08 PM | analyzer.Funds  | Return summary generated for min
[INFO] | 2026-09-17 12:40:08 PM | analyzer.Funds  | State variable assignement do not exist
[INFO] | 2026-09-17 12:40:08 PM | analyzer.Funds  | Processed function min
[INFO] | 2026-09-17 12:40:08 PM | analyzer.Funds  | Generating return summary for max
[INFO] | 2026-09-17 12:40:08 PM | analyzer.Funds  | Return summary generated for max
[INFO] | 2026-09-17 12:40:08 PM | analyzer.Funds  | State variable assignement do not exist
[INFO] | 2026-09-17 12:40:08 PM | analyzer.Funds  | Processed function max
[INFO] | 2026-09-17 12:40:08 PM | analyzer.Funds  | Generating return summary for imin
[INFO] | 2026-09-17 12:40:08 PM | analyzer.Funds  | Return summary generated for imin
[INFO] | 2026-09-17 12:40:08 PM | analyzer.Funds  | State variable assignement do not exist
[INFO] | 2026-09-17 12:40:08 PM | analyzer.Funds  | Processed function imin
[INFO] | 2026-09-17 12:40:08 PM | analyzer.Funds  | Generating return summary for imax
[INFO] | 2026-09-17 12:40:08 PM | analyzer.Funds  | Return summary generated for imax
[INFO] | 2026-09-17 12:40:08 PM | analyzer.Funds  | State variable assignement do not exist
[INFO] | 2026-09-17 12:40:08 PM | analyzer.Funds  | Processed function imax
[INFO] | 2026-09-17 12:40:08 PM | analyzer.Funds  | Generating return summary for APEXT
[INFO] | 2026-09-17 12:40:08 PM | analyzer.Funds  | Return summary generated for APEXT
[INFO] | 2026-09-17 12:40:08 PM | analyzer.Funds  | State variable assignement do not exist
[INFO] | 2026-09-17 12:40:08 PM | analyzer.Funds  | Processed function APEXT
[INFO] | 2026-09-17 12:40:08 PM | analyzer.Funds  | Generating return summary for ACEXT
[INFO] | 2026-09-17 12:40:08 PM | analyzer.Funds  | Return summary generated for ACEXT
[INFO] | 2026-09-17 12:40:08 PM | analyzer.Funds  | State variable assignement do not exist
[INFO] | 2026-09-17 12:40:08 PM | analyzer.Funds  | Processed function ACEXT
[INFO] | 2026-09-17 12:40:08 PM | analyzer.Funds  | Generating return summary for BIEXT
[INFO] | 2026-09-17 12:40:08 PM | analyzer.Funds  | Return summary generated for BIEXT
[INFO] | 2026-09-17 12:40:08 PM | analyzer.Funds  | State variable assignement do not exist
[INFO] | 2026-09-17 12:40:08 PM | analyzer.Funds  | Processed function BIEXT
[INFO] | 2026-09-17 12:40:08 PM | analyzer.Funds  | Generating return summary for SALEX
[INFO] | 2026-09-17 12:40:08 PM | analyzer.Funds  | Return summary generated for SALEX
[INFO] | 2026-09-17 12:40:08 PM | analyzer.Funds  | State variable assignement do not exist
[INFO] | 2026-09-17 12:40:08 PM | analyzer.Funds  | Processed function SALEX
[INFO] | 2026-09-17 12:40:08 PM | analyzer.Funds  | Generating return summary for SETEX
[INFO] | 2026-09-17 12:40:08 PM | analyzer.Funds  | Return summary generated for SETEX
[INFO] | 2026-09-17 12:40:08 PM | analyzer.Funds  | State variable assignement do not exist
[INFO] | 2026-09-17 12:40:08 PM | analyzer.Funds  | Processed function SETEX
[INFO] | 2026-09-17 12:40:08 PM | analyzer.Funds  | Generating return summary for MINBI
[INFO] | 2026-09-17 12:40:08 PM | analyzer.Funds  | Return summary generated for MINBI
[INFO] | 2026-09-17 12:40:08 PM | analyzer.Funds  | State variable assignement do not exist
[INFO] | 2026-09-17 12:40:08 PM | analyzer.Funds  | Processed function MINBI
[INFO] | 2026-09-17 12:40:08 PM | analyzer.Funds  | Generating return summary for add
[INFO] | 2026-09-17 12:40:08 PM | analyzer.Funds  | Return summary generated for add
[INFO] | 2026-09-17 12:40:08 PM | analyzer.Funds  | State variable assignement do not exist
[INFO] | 2026-09-17 12:40:08 PM | analyzer.Funds  | Processed function add
[INFO] | 2026-09-17 12:40:08 PM | analyzer.Funds  | Generating return summary for sub
[INFO] | 2026-09-17 12:40:08 PM | analyzer.Funds  | Return summary generated for sub
[INFO] | 2026-09-17 12:40:08 PM | analyzer.Funds  | State variable assignement do not exist
[INFO] | 2026-09-17 12:40:08 PM | analyzer.Funds  | Processed function sub
[INFO] | 2026-09-17 12:40:08 PM | analyzer.Funds  | Generating return summary for mul
[INFO] | 2026-09-17 12:40:08 PM | analyzer.Funds  | Return summary generated for mul
[INFO] | 2026-09-17 12:40:08 PM | analyzer.Funds  | State variable assignement do not exist
[INFO] | 2026-09-17 12:40:08 PM | analyzer.Funds  | Processed function mul
[INFO] | 2026-09-17 12:40:08 PM | analyzer.Funds  | Generating return summary for div
[WARNING] | 2026-09-17 12:40:08 PM | analyzer.Funds  | No lvalue eligible assignment, is this some bug!
[INFO] | 2026-09-17 12:40:08 PM | analyzer.Funds  | Return summary generated for div
[INFO] | 2026-09-17 12:40:08 PM | analyzer.Funds  | State variable assignement do not exist
[INFO] | 2026-09-17 12:40:08 PM | analyzer.Funds  | Processed function div
[INFO] | 2026-09-17 12:40:08 PM | analyzer.Funds  | Generating return summary for min
[INFO] | 2026-09-17 12:40:08 PM | analyzer.Funds  | Return summary generated for min
[INFO] | 2026-09-17 12:40:08 PM | analyzer.Funds  | State variable assignement do not exist
[INFO] | 2026-09-17 12:40:08 PM | analyzer.Funds  | Processed function min
[INFO] | 2026-09-17 12:40:08 PM | analyzer.Funds  | Generating return summary for max
[INFO] | 2026-09-17 12:40:08 PM | analyzer.Funds  | Return summary generated for max
[INFO] | 2026-09-17 12:40:08 PM | analyzer.Funds  | State variable assignement do not exist
[INFO] | 2026-09-17 12:40:08 PM | analyzer.Funds  | Processed function max
[INFO] | 2026-09-17 12:40:08 PM | analyzer.Funds  | Generating return summary for imin
[INFO] | 2026-09-17 12:40:08 PM | analyzer.Funds  | Return summary generated for imin
[INFO] | 2026-09-17 12:40:08 PM | analyzer.Funds  | State variable assignement do not exist
[INFO] | 2026-09-17 12:40:08 PM | analyzer.Funds  | Processed function imin
[INFO] | 2026-09-17 12:40:08 PM | analyzer.Funds  | Generating return summary for imax
[INFO] | 2026-09-17 12:40:08 PM | analyzer.Funds  | Return summary generated for imax
[INFO] | 2026-09-17 12:40:08 PM | analyzer.Funds  | State variable assignement do not exist
[INFO] | 2026-09-17 12:40:08 PM | analyzer.Funds  | Processed function imax
[INFO] | 2026-09-17 12:40:08 PM | analyzer.Funds  | Generating return summary for bid
[INFO] | 2026-09-17 12:40:08 PM | analyzer.Funds  | Return summary generated for bid
[INFO] | 2026-09-17 12:40:08 PM | analyzer.Funds  | State variable assignement do not exist
[INFO] | 2026-09-17 12:40:08 PM | analyzer.Funds  | Processed function bid
[INFO] | 2026-09-17 12:40:08 PM | analyzer.Funds  | Generating return summary for bidr
[INFO] | 2026-09-17 12:40:08 PM | analyzer.Funds  | Return summary generated for bidr
[INFO] | 2026-09-17 12:40:08 PM | analyzer.Funds  | State variable assignement do not exist
[INFO] | 2026-09-17 12:40:08 PM | analyzer.Funds  | Processed function bidr
[INFO] | 2026-09-17 12:40:08 PM | analyzer.Funds  | Generating return summary for bor
[INFO] | 2026-09-17 12:40:08 PM | analyzer.Funds  | Return summary generated for bor
[INFO] | 2026-09-17 12:40:08 PM | analyzer.Funds  | State variable assignement do not exist
[INFO] | 2026-09-17 12:40:08 PM | analyzer.Funds  | Processed function bor
[INFO] | 2026-09-17 12:40:08 PM | analyzer.Funds  | Generating return summary for lend
[INFO] | 2026-09-17 12:40:08 PM | analyzer.Funds  | Return summary generated for lend
[INFO] | 2026-09-17 12:40:08 PM | analyzer.Funds  | State variable assignement do not exist
[INFO] | 2026-09-17 12:40:08 PM | analyzer.Funds  | Processed function lend
[INFO] | 2026-09-17 12:40:08 PM | analyzer.Funds  | Generating return summary for agent
[INFO] | 2026-09-17 12:40:08 PM | analyzer.Funds  | Return summary generated for agent
[INFO] | 2026-09-17 12:40:08 PM | analyzer.Funds  | State variable assignement do not exist
[INFO] | 2026-09-17 12:40:08 PM | analyzer.Funds  | Processed function agent
[INFO] | 2026-09-17 12:40:08 PM | analyzer.Funds  | Generating return summary for salex
[INFO] | 2026-09-17 12:40:08 PM | analyzer.Funds  | Return summary generated for salex
[INFO] | 2026-09-17 12:40:08 PM | analyzer.Funds  | State variable assignement do not exist
[INFO] | 2026-09-17 12:40:08 PM | analyzer.Funds  | Processed function salex
[INFO] | 2026-09-17 12:40:08 PM | analyzer.Funds  | Generating return summary for setex
[INFO] | 2026-09-17 12:40:08 PM | analyzer.Funds  | Return summary generated for setex
[INFO] | 2026-09-17 12:40:08 PM | analyzer.Funds  | State variable assignement do not exist
[INFO] | 2026-09-17 12:40:08 PM | analyzer.Funds  | Processed function setex
[INFO] | 2026-09-17 12:40:08 PM | analyzer.Funds  | Generating return summary for pbkh
[INFO] | 2026-09-17 12:40:08 PM | analyzer.Funds  | Return summary generated for pbkh
[INFO] | 2026-09-17 12:40:08 PM | analyzer.Funds  | State variable assignement do not exist
[INFO] | 2026-09-17 12:40:08 PM | analyzer.Funds  | Processed function pbkh
[INFO] | 2026-09-17 12:40:08 PM | analyzer.Funds  | Generating return summary for taken
[INFO] | 2026-09-17 12:40:08 PM | analyzer.Funds  | Return summary generated for taken
[INFO] | 2026-09-17 12:40:08 PM | analyzer.Funds  | State variable assignement do not exist
[INFO] | 2026-09-17 12:40:08 PM | analyzer.Funds  | Processed function taken
[INFO] | 2026-09-17 12:40:08 PM | analyzer.Funds  | Generating return summary for off
[INFO] | 2026-09-17 12:40:08 PM | analyzer.Funds  | Return summary generated for off
[INFO] | 2026-09-17 12:40:08 PM | analyzer.Funds  | State variable assignement do not exist
[INFO] | 2026-09-17 12:40:08 PM | analyzer.Funds  | Processed function off
[INFO] | 2026-09-17 12:40:08 PM | analyzer.Funds  | Generating return summary for sechA
[INFO] | 2026-09-17 12:40:08 PM | analyzer.Funds  | Return summary generated for sechA
[INFO] | 2026-09-17 12:40:08 PM | analyzer.Funds  | State variable assignement do not exist
[INFO] | 2026-09-17 12:40:08 PM | analyzer.Funds  | Processed function sechA
[INFO] | 2026-09-17 12:40:08 PM | analyzer.Funds  | Generating return summary for secA
[INFO] | 2026-09-17 12:40:08 PM | analyzer.Funds  | Return summary generated for secA
[INFO] | 2026-09-17 12:40:08 PM | analyzer.Funds  | State variable assignement do not exist
[INFO] | 2026-09-17 12:40:08 PM | analyzer.Funds  | Processed function secA
[INFO] | 2026-09-17 12:40:08 PM | analyzer.Funds  | Generating return summary for sechB
[INFO] | 2026-09-17 12:40:08 PM | analyzer.Funds  | Return summary generated for sechB
[INFO] | 2026-09-17 12:40:08 PM | analyzer.Funds  | State variable assignement do not exist
[INFO] | 2026-09-17 12:40:08 PM | analyzer.Funds  | Processed function sechB
[INFO] | 2026-09-17 12:40:08 PM | analyzer.Funds  | Generating return summary for secB
[INFO] | 2026-09-17 12:40:08 PM | analyzer.Funds  | Return summary generated for secB
[INFO] | 2026-09-17 12:40:08 PM | analyzer.Funds  | State variable assignement do not exist
[INFO] | 2026-09-17 12:40:08 PM | analyzer.Funds  | Processed function secB
[INFO] | 2026-09-17 12:40:08 PM | analyzer.Funds  | Generating return summary for sechC
[INFO] | 2026-09-17 12:40:08 PM | analyzer.Funds  | Return summary generated for sechC
[INFO] | 2026-09-17 12:40:08 PM | analyzer.Funds  | State variable assignement do not exist
[INFO] | 2026-09-17 12:40:08 PM | analyzer.Funds  | Processed function sechC
[INFO] | 2026-09-17 12:40:08 PM | analyzer.Funds  | Generating return summary for secC
[INFO] | 2026-09-17 12:40:08 PM | analyzer.Funds  | Return summary generated for secC
[INFO] | 2026-09-17 12:40:08 PM | analyzer.Funds  | State variable assignement do not exist
[INFO] | 2026-09-17 12:40:08 PM | analyzer.Funds  | Processed function secC
[INFO] | 2026-09-17 12:40:08 PM | analyzer.Funds  | Generating return summary for sechD
[INFO] | 2026-09-17 12:40:08 PM | analyzer.Funds  | Return summary generated for sechD
[INFO] | 2026-09-17 12:40:08 PM | analyzer.Funds  | State variable assignement do not exist
[INFO] | 2026-09-17 12:40:08 PM | analyzer.Funds  | Processed function sechD
[INFO] | 2026-09-17 12:40:08 PM | analyzer.Funds  | Generating return summary for secD
[INFO] | 2026-09-17 12:40:08 PM | analyzer.Funds  | Return summary generated for secD
[INFO] | 2026-09-17 12:40:08 PM | analyzer.Funds  | State variable assignement do not exist
[INFO] | 2026-09-17 12:40:08 PM | analyzer.Funds  | Processed function secD
[INFO] | 2026-09-17 12:40:08 PM | analyzer.Funds  | Generating return summary for constructor
[INFO] | 2026-09-17 12:40:08 PM | analyzer.Funds  | Return summary generated for constructor
[INFO] | 2026-09-17 12:40:08 PM | analyzer.Funds  | Range graph generated
[INFO] | 2026-09-17 12:40:08 PM | analyzer.Funds  | Processed function constructor
[INFO] | 2026-09-17 12:40:08 PM | analyzer.Funds  | Generating return summary for next
[INFO] | 2026-09-17 12:40:08 PM | analyzer.Funds  | Return summary generated for next
[INFO] | 2026-09-17 12:40:08 PM | analyzer.Funds  | State variable assignement do not exist
[INFO] | 2026-09-17 12:40:08 PM | analyzer.Funds  | Processed function next
[INFO] | 2026-09-17 12:40:08 PM | analyzer.Funds  | Generating return summary for sign
[INFO] | 2026-09-17 12:40:08 PM | analyzer.Funds  | Return summary generated for sign
[INFO] | 2026-09-17 12:40:08 PM | analyzer.Funds  | Range graph generated
[INFO] | 2026-09-17 12:40:08 PM | analyzer.Funds  | Processed function sign
[INFO] | 2026-09-17 12:40:08 PM | analyzer.Funds  | Generating return summary for sec
[INFO] | 2026-09-17 12:40:08 PM | analyzer.Funds  | Return summary generated for sec
[INFO] | 2026-09-17 12:40:08 PM | analyzer.Funds  | Range graph generated
[INFO] | 2026-09-17 12:40:08 PM | analyzer.Funds  | Processed function sec
[INFO] | 2026-09-17 12:40:08 PM | analyzer.Funds  | Generating return summary for hasSecs
[INFO] | 2026-09-17 12:40:08 PM | analyzer.Funds  | Return summary generated for hasSecs
[INFO] | 2026-09-17 12:40:08 PM | analyzer.Funds  | State variable assignement do not exist
[INFO] | 2026-09-17 12:40:08 PM | analyzer.Funds  | Processed function hasSecs
[INFO] | 2026-09-17 12:40:08 PM | analyzer.Funds  | Generating return summary for lpen
[INFO] | 2026-09-17 12:40:08 PM | analyzer.Funds  | Return summary generated for lpen
[INFO] | 2026-09-17 12:40:08 PM | analyzer.Funds  | State variable assignement do not exist
[INFO] | 2026-09-17 12:40:08 PM | analyzer.Funds  | Processed function lpen
[INFO] | 2026-09-17 12:40:08 PM | analyzer.Funds  | Generating return summary for back
[INFO] | 2026-09-17 12:40:08 PM | analyzer.Funds  | Return summary generated for back
[INFO] | 2026-09-17 12:40:08 PM | analyzer.Funds  | State variable assignement do not exist
[INFO] | 2026-09-17 12:40:08 PM | analyzer.Funds  | Processed function back
[INFO] | 2026-09-17 12:40:08 PM | analyzer.Funds  | Generating return summary for lfee
[INFO] | 2026-09-17 12:40:08 PM | analyzer.Funds  | Return summary generated for lfee
[INFO] | 2026-09-17 12:40:08 PM | analyzer.Funds  | State variable assignement do not exist
[INFO] | 2026-09-17 12:40:08 PM | analyzer.Funds  | Processed function lfee
[INFO] | 2026-09-17 12:40:08 PM | analyzer.Funds  | Generating return summary for COL
[INFO] | 2026-09-17 12:40:08 PM | analyzer.Funds  | Return summary generated for COL
[INFO] | 2026-09-17 12:40:08 PM | analyzer.Funds  | State variable assignement do not exist
[INFO] | 2026-09-17 12:40:08 PM | analyzer.Funds  | Processed function COL
[INFO] | 2026-09-17 12:40:08 PM | analyzer.Funds  | Generating return summary for name
[INFO] | 2026-09-17 12:40:08 PM | analyzer.Funds  | Return summary generated for name
[INFO] | 2026-09-17 12:40:08 PM | analyzer.Funds  | State variable assignement do not exist
[INFO] | 2026-09-17 12:40:08 PM | analyzer.Funds  | Processed function name
[INFO] | 2026-09-17 12:40:08 PM | analyzer.Funds  | Generating return summary for cmul
[INFO] | 2026-09-17 12:40:08 PM | analyzer.Funds  | Return summary generated for cmul
[INFO] | 2026-09-17 12:40:08 PM | analyzer.Funds  | State variable assignement do not exist
[INFO] | 2026-09-17 12:40:08 PM | analyzer.Funds  | Processed function cmul
[INFO] | 2026-09-17 12:40:08 PM | analyzer.Funds  | Generating return summary for cdiv
[INFO] | 2026-09-17 12:40:08 PM | analyzer.Funds  | Return summary generated for cdiv
[INFO] | 2026-09-17 12:40:08 PM | analyzer.Funds  | State variable assignement do not exist
[INFO] | 2026-09-17 12:40:08 PM | analyzer.Funds  | Processed function cdiv
[INFO] | 2026-09-17 12:40:08 PM | analyzer.Funds  | Generating return summary for add
[INFO] | 2026-09-17 12:40:08 PM | analyzer.Funds  | Return summary generated for add
[INFO] | 2026-09-17 12:40:08 PM | analyzer.Funds  | State variable assignement do not exist
[INFO] | 2026-09-17 12:40:08 PM | analyzer.Funds  | Processed function add
[INFO] | 2026-09-17 12:40:08 PM | analyzer.Funds  | Generating return summary for sub
[INFO] | 2026-09-17 12:40:08 PM | analyzer.Funds  | Return summary generated for sub
[INFO] | 2026-09-17 12:40:08 PM | analyzer.Funds  | State variable assignement do not exist
[INFO] | 2026-09-17 12:40:08 PM | analyzer.Funds  | Processed function sub
[INFO] | 2026-09-17 12:40:08 PM | analyzer.Funds  | Generating return summary for mul
[INFO] | 2026-09-17 12:40:08 PM | analyzer.Funds  | Return summary generated for mul
[INFO] | 2026-09-17 12:40:08 PM | analyzer.Funds  | State variable assignement do not exist
[INFO] | 2026-09-17 12:40:08 PM | analyzer.Funds  | Processed function mul
[INFO] | 2026-09-17 12:40:08 PM | analyzer.Funds  | Generating return summary for div
[WARNING] | 2026-09-17 12:40:08 PM | analyzer.Funds  | No lvalue eligible assignment, is this some bug!
[INFO] | 2026-09-17 12:40:08 PM | analyzer.Funds  | Return summary generated for div
[INFO] | 2026-09-17 12:40:08 PM | analyzer.Funds  | State variable assignement do not exist
[INFO] | 2026-09-17 12:40:08 PM | analyzer.Funds  | Processed function div
[INFO] | 2026-09-17 12:40:08 PM | analyzer.Funds  | Generating return summary for min
[INFO] | 2026-09-17 12:40:08 PM | analyzer.Funds  | Return summary generated for min
[INFO] | 2026-09-17 12:40:08 PM | analyzer.Funds  | State variable assignement do not exist
[INFO] | 2026-09-17 12:40:08 PM | analyzer.Funds  | Processed function min
[INFO] | 2026-09-17 12:40:08 PM | analyzer.Funds  | Generating return summary for max
[INFO] | 2026-09-17 12:40:08 PM | analyzer.Funds  | Return summary generated for max
[INFO] | 2026-09-17 12:40:08 PM | analyzer.Funds  | State variable assignement do not exist
[INFO] | 2026-09-17 12:40:08 PM | analyzer.Funds  | Processed function max
[INFO] | 2026-09-17 12:40:08 PM | analyzer.Funds  | Generating return summary for imin
[INFO] | 2026-09-17 12:40:08 PM | analyzer.Funds  | Return summary generated for imin
[INFO] | 2026-09-17 12:40:08 PM | analyzer.Funds  | State variable assignement do not exist
[INFO] | 2026-09-17 12:40:08 PM | analyzer.Funds  | Processed function imin
[INFO] | 2026-09-17 12:40:08 PM | analyzer.Funds  | Generating return summary for imax
[INFO] | 2026-09-17 12:40:08 PM | analyzer.Funds  | Return summary generated for imax
[INFO] | 2026-09-17 12:40:08 PM | analyzer.Funds  | State variable assignement do not exist
[INFO] | 2026-09-17 12:40:08 PM | analyzer.Funds  | Processed function imax
[INFO] | 2026-09-17 12:40:08 PM | analyzer.Funds  | Generating return summary for bor
[INFO] | 2026-09-17 12:40:08 PM | analyzer.Funds  | Return summary generated for bor
[INFO] | 2026-09-17 12:40:08 PM | analyzer.Funds  | State variable assignement do not exist
[INFO] | 2026-09-17 12:40:08 PM | analyzer.Funds  | Processed function bor
[INFO] | 2026-09-17 12:40:08 PM | analyzer.Funds  | Generating return summary for lend
[INFO] | 2026-09-17 12:40:08 PM | analyzer.Funds  | Return summary generated for lend
[INFO] | 2026-09-17 12:40:08 PM | analyzer.Funds  | State variable assignement do not exist
[INFO] | 2026-09-17 12:40:08 PM | analyzer.Funds  | Processed function lend
[INFO] | 2026-09-17 12:40:08 PM | analyzer.Funds  | Generating return summary for agent
[INFO] | 2026-09-17 12:40:08 PM | analyzer.Funds  | Return summary generated for agent
[INFO] | 2026-09-17 12:40:08 PM | analyzer.Funds  | State variable assignement do not exist
[INFO] | 2026-09-17 12:40:08 PM | analyzer.Funds  | Processed function agent
[INFO] | 2026-09-17 12:40:08 PM | analyzer.Funds  | Generating return summary for prin
[INFO] | 2026-09-17 12:40:08 PM | analyzer.Funds  | Return summary generated for prin
[INFO] | 2026-09-17 12:40:08 PM | analyzer.Funds  | State variable assignement do not exist
[INFO] | 2026-09-17 12:40:08 PM | analyzer.Funds  | Processed function prin
[INFO] | 2026-09-17 12:40:08 PM | analyzer.Funds  | Generating return summary for lint
[INFO] | 2026-09-17 12:40:08 PM | analyzer.Funds  | Return summary generated for lint
[INFO] | 2026-09-17 12:40:08 PM | analyzer.Funds  | State variable assignement do not exist
[INFO] | 2026-09-17 12:40:08 PM | analyzer.Funds  | Processed function lint
[INFO] | 2026-09-17 12:40:08 PM | analyzer.Funds  | Generating return summary for col
[INFO] | 2026-09-17 12:40:08 PM | analyzer.Funds  | Return summary generated for col
[INFO] | 2026-09-17 12:40:08 PM | analyzer.Funds  | State variable assignement do not exist
[INFO] | 2026-09-17 12:40:08 PM | analyzer.Funds  | Processed function col
[INFO] | 2026-09-17 12:40:08 PM | analyzer.Funds  | Generating return summary for rat
[INFO] | 2026-09-17 12:40:08 PM | analyzer.Funds  | Return summary generated for rat
[INFO] | 2026-09-17 12:40:08 PM | analyzer.Funds  | State variable assignement do not exist
[INFO] | 2026-09-17 12:40:08 PM | analyzer.Funds  | Processed function rat
[INFO] | 2026-09-17 12:40:08 PM | analyzer.Funds  | Generating return summary for pushed
[INFO] | 2026-09-17 12:40:08 PM | analyzer.Funds  | Return summary generated for pushed
[INFO] | 2026-09-17 12:40:08 PM | analyzer.Funds  | State variable assignement do not exist
[INFO] | 2026-09-17 12:40:08 PM | analyzer.Funds  | Processed function pushed
[INFO] | 2026-09-17 12:40:08 PM | analyzer.Funds  | Generating return summary for marked
[INFO] | 2026-09-17 12:40:08 PM | analyzer.Funds  | Return summary generated for marked
[INFO] | 2026-09-17 12:40:08 PM | analyzer.Funds  | State variable assignement do not exist
[INFO] | 2026-09-17 12:40:08 PM | analyzer.Funds  | Processed function marked
[INFO] | 2026-09-17 12:40:08 PM | analyzer.Funds  | Generating return summary for taken
[INFO] | 2026-09-17 12:40:08 PM | analyzer.Funds  | Return summary generated for taken
[INFO] | 2026-09-17 12:40:08 PM | analyzer.Funds  | State variable assignement do not exist
[INFO] | 2026-09-17 12:40:08 PM | analyzer.Funds  | Processed function taken
[INFO] | 2026-09-17 12:40:08 PM | analyzer.Funds  | Generating return summary for sale
[INFO] | 2026-09-17 12:40:08 PM | analyzer.Funds  | Return summary generated for sale
[INFO] | 2026-09-17 12:40:08 PM | analyzer.Funds  | State variable assignement do not exist
[INFO] | 2026-09-17 12:40:08 PM | analyzer.Funds  | Processed function sale
[INFO] | 2026-09-17 12:40:08 PM | analyzer.Funds  | Generating return summary for paid
[INFO] | 2026-09-17 12:40:08 PM | analyzer.Funds  | Return summary generated for paid
[INFO] | 2026-09-17 12:40:08 PM | analyzer.Funds  | State variable assignement do not exist
[INFO] | 2026-09-17 12:40:08 PM | analyzer.Funds  | Processed function paid
[INFO] | 2026-09-17 12:40:08 PM | analyzer.Funds  | Generating return summary for off
[INFO] | 2026-09-17 12:40:08 PM | analyzer.Funds  | Return summary generated for off
[INFO] | 2026-09-17 12:40:08 PM | analyzer.Funds  | State variable assignement do not exist
[INFO] | 2026-09-17 12:40:08 PM | analyzer.Funds  | Processed function off
[INFO] | 2026-09-17 12:40:08 PM | analyzer.Funds  | Generating return summary for constructor
[INFO] | 2026-09-17 12:40:08 PM | analyzer.Funds  | Return summary generated for constructor
[INFO] | 2026-09-17 12:40:08 PM | analyzer.Funds  | Range graph generated
[INFO] | 2026-09-17 12:40:08 PM | analyzer.Funds  | Processed function constructor
[INFO] | 2026-09-17 12:40:08 PM | analyzer.Funds  | Generating return summary for setSales
[INFO] | 2026-09-17 12:40:08 PM | analyzer.Funds  | Return summary generated for setSales
[INFO] | 2026-09-17 12:40:08 PM | analyzer.Funds  | Range graph generated
[INFO] | 2026-09-17 12:40:08 PM | analyzer.Funds  | Processed function setSales
[INFO] | 2026-09-17 12:40:08 PM | analyzer.Funds  | Generating return summary for setSechs
[INFO] | 2026-09-17 12:40:08 PM | analyzer.Funds  | Return summary generated for setSechs
[INFO] | 2026-09-17 12:40:08 PM | analyzer.Funds  | Range graph generated
[INFO] | 2026-09-17 12:40:08 PM | analyzer.Funds  | Processed function setSechs
[INFO] | 2026-09-17 12:40:08 PM | analyzer.Funds  | Generating return summary for add
[INFO] | 2026-09-17 12:40:08 PM | analyzer.Funds  | Return summary generated for add
[INFO] | 2026-09-17 12:40:08 PM | analyzer.Funds  | State variable assignement do not exist
[INFO] | 2026-09-17 12:40:08 PM | analyzer.Funds  | Processed function add
[INFO] | 2026-09-17 12:40:08 PM | analyzer.Funds  | Generating return summary for sub
[INFO] | 2026-09-17 12:40:08 PM | analyzer.Funds  | Return summary generated for sub
[INFO] | 2026-09-17 12:40:08 PM | analyzer.Funds  | State variable assignement do not exist
[INFO] | 2026-09-17 12:40:08 PM | analyzer.Funds  | Processed function sub
[INFO] | 2026-09-17 12:40:08 PM | analyzer.Funds  | Generating return summary for mul
[INFO] | 2026-09-17 12:40:08 PM | analyzer.Funds  | Return summary generated for mul
[INFO] | 2026-09-17 12:40:08 PM | analyzer.Funds  | State variable assignement do not exist
[INFO] | 2026-09-17 12:40:08 PM | analyzer.Funds  | Processed function mul
[INFO] | 2026-09-17 12:40:08 PM | analyzer.Funds  | Generating return summary for div
[WARNING] | 2026-09-17 12:40:08 PM | analyzer.Funds  | No lvalue eligible assignment, is this some bug!
[INFO] | 2026-09-17 12:40:08 PM | analyzer.Funds  | Return summary generated for div
[INFO] | 2026-09-17 12:40:08 PM | analyzer.Funds  | State variable assignement do not exist
[INFO] | 2026-09-17 12:40:08 PM | analyzer.Funds  | Processed function div
[INFO] | 2026-09-17 12:40:08 PM | analyzer.Funds  | Generating return summary for min
[INFO] | 2026-09-17 12:40:08 PM | analyzer.Funds  | Return summary generated for min
[INFO] | 2026-09-17 12:40:08 PM | analyzer.Funds  | State variable assignement do not exist
[INFO] | 2026-09-17 12:40:08 PM | analyzer.Funds  | Processed function min
[INFO] | 2026-09-17 12:40:08 PM | analyzer.Funds  | Generating return summary for max
[INFO] | 2026-09-17 12:40:08 PM | analyzer.Funds  | Return summary generated for max
[INFO] | 2026-09-17 12:40:08 PM | analyzer.Funds  | State variable assignement do not exist
[INFO] | 2026-09-17 12:40:08 PM | analyzer.Funds  | Processed function max
[INFO] | 2026-09-17 12:40:08 PM | analyzer.Funds  | Generating return summary for imin
[INFO] | 2026-09-17 12:40:08 PM | analyzer.Funds  | Return summary generated for imin
[INFO] | 2026-09-17 12:40:08 PM | analyzer.Funds  | State variable assignement do not exist
[INFO] | 2026-09-17 12:40:08 PM | analyzer.Funds  | Processed function imin
[INFO] | 2026-09-17 12:40:08 PM | analyzer.Funds  | Generating return summary for imax
[INFO] | 2026-09-17 12:40:08 PM | analyzer.Funds  | Return summary generated for imax
[INFO] | 2026-09-17 12:40:08 PM | analyzer.Funds  | State variable assignement do not exist
[INFO] | 2026-09-17 12:40:08 PM | analyzer.Funds  | Processed function imax
[INFO] | 2026-09-17 12:40:08 PM | analyzer.Funds  | Generating return summary for setLoans
[INFO] | 2026-09-17 12:40:08 PM | analyzer.Funds  | Return summary generated for setLoans
[INFO] | 2026-09-17 12:40:08 PM | analyzer.Funds  | Range graph generated
[INFO] | 2026-09-17 12:40:08 PM | analyzer.Funds  | Processed function setLoans
[INFO] | 2026-09-17 12:40:08 PM | analyzer.Funds  | Generating return summary for own
[INFO] | 2026-09-17 12:40:08 PM | analyzer.Funds  | Return summary generated for own
[INFO] | 2026-09-17 12:40:08 PM | analyzer.Funds  | State variable assignement do not exist
[INFO] | 2026-09-17 12:40:08 PM | analyzer.Funds  | Processed function own
[INFO] | 2026-09-17 12:40:08 PM | analyzer.Funds  | Generating return summary for mila
[INFO] | 2026-09-17 12:40:08 PM | analyzer.Funds  | Return summary generated for mila
[INFO] | 2026-09-17 12:40:08 PM | analyzer.Funds  | State variable assignement do not exist
[INFO] | 2026-09-17 12:40:08 PM | analyzer.Funds  | Processed function mila
[INFO] | 2026-09-17 12:40:08 PM | analyzer.Funds  | Generating return summary for mala
[INFO] | 2026-09-17 12:40:08 PM | analyzer.Funds  | Return summary generated for mala
[INFO] | 2026-09-17 12:40:08 PM | analyzer.Funds  | State variable assignement do not exist
[INFO] | 2026-09-17 12:40:08 PM | analyzer.Funds  | Processed function mala
[INFO] | 2026-09-17 12:40:08 PM | analyzer.Funds  | Generating return summary for mild
[INFO] | 2026-09-17 12:40:08 PM | analyzer.Funds  | Return summary generated for mild
[INFO] | 2026-09-17 12:40:08 PM | analyzer.Funds  | State variable assignement do not exist
[INFO] | 2026-09-17 12:40:08 PM | analyzer.Funds  | Processed function mild
[INFO] | 2026-09-17 12:40:08 PM | analyzer.Funds  | Generating return summary for mald
[INFO] | 2026-09-17 12:40:08 PM | analyzer.Funds  | Return summary generated for mald
[INFO] | 2026-09-17 12:40:08 PM | analyzer.Funds  | State variable assignement do not exist
[INFO] | 2026-09-17 12:40:08 PM | analyzer.Funds  | Processed function mald
[INFO] | 2026-09-17 12:40:08 PM | analyzer.Funds  | Generating return summary for lint
[INFO] | 2026-09-17 12:40:08 PM | analyzer.Funds  | Return summary generated for lint
[INFO] | 2026-09-17 12:40:08 PM | analyzer.Funds  | State variable assignement do not exist
[INFO] | 2026-09-17 12:40:08 PM | analyzer.Funds  | Processed function lint
[INFO] | 2026-09-17 12:40:08 PM | analyzer.Funds  | Generating return summary for lpen
[INFO] | 2026-09-17 12:40:08 PM | analyzer.Funds  | Return summary generated for lpen
[INFO] | 2026-09-17 12:40:08 PM | analyzer.Funds  | State variable assignement do not exist
[INFO] | 2026-09-17 12:40:08 PM | analyzer.Funds  | Processed function lpen
[INFO] | 2026-09-17 12:40:08 PM | analyzer.Funds  | Generating return summary for lfee
[INFO] | 2026-09-17 12:40:08 PM | analyzer.Funds  | Return summary generated for lfee
[INFO] | 2026-09-17 12:40:08 PM | analyzer.Funds  | State variable assignement do not exist
[INFO] | 2026-09-17 12:40:08 PM | analyzer.Funds  | Processed function lfee
[INFO] | 2026-09-17 12:40:08 PM | analyzer.Funds  | Generating return summary for rat
[INFO] | 2026-09-17 12:40:08 PM | analyzer.Funds  | Return summary generated for rat
[INFO] | 2026-09-17 12:40:08 PM | analyzer.Funds  | State variable assignement do not exist
[INFO] | 2026-09-17 12:40:08 PM | analyzer.Funds  | Processed function rat
[INFO] | 2026-09-17 12:40:08 PM | analyzer.Funds  | Generating return summary for agent
[INFO] | 2026-09-17 12:40:08 PM | analyzer.Funds  | Return summary generated for agent
[INFO] | 2026-09-17 12:40:08 PM | analyzer.Funds  | State variable assignement do not exist
[INFO] | 2026-09-17 12:40:08 PM | analyzer.Funds  | Processed function agent
[INFO] | 2026-09-17 12:40:08 PM | analyzer.Funds  | Generating return summary for bal
[INFO] | 2026-09-17 12:40:08 PM | analyzer.Funds  | Return summary generated for bal
[INFO] | 2026-09-17 12:40:08 PM | analyzer.Funds  | State variable assignement do not exist
[INFO] | 2026-09-17 12:40:08 PM | analyzer.Funds  | Processed function bal
[INFO] | 2026-09-17 12:40:08 PM | analyzer.Funds  | Generating return summary for tok
[INFO] | 2026-09-17 12:40:08 PM | analyzer.Funds  | Return summary generated for tok
[INFO] | 2026-09-17 12:40:08 PM | analyzer.Funds  | State variable assignement do not exist
[INFO] | 2026-09-17 12:40:08 PM | analyzer.Funds  | Processed function tok
[INFO] | 2026-09-17 12:40:08 PM | analyzer.Funds  | Generating return summary for cur
[INFO] | 2026-09-17 12:40:08 PM | analyzer.Funds  | Return summary generated for cur
[INFO] | 2026-09-17 12:40:08 PM | analyzer.Funds  | State variable assignement do not exist
[INFO] | 2026-09-17 12:40:08 PM | analyzer.Funds  | Processed function cur
[INFO] | 2026-09-17 12:40:08 PM | analyzer.Funds  | Generating return summary for vars
[INFO] | 2026-09-17 12:40:08 PM | analyzer.Funds  | Return summary generated for vars
[INFO] | 2026-09-17 12:40:08 PM | analyzer.Funds  | State variable assignement do not exist
[INFO] | 2026-09-17 12:40:08 PM | analyzer.Funds  | Processed function vars
[INFO] | 2026-09-17 12:40:08 PM | analyzer.Funds  | Generating return summary for gen
[INFO] | 2026-09-17 12:40:08 PM | analyzer.Funds  | Return summary generated for gen
[INFO] | 2026-09-17 12:40:08 PM | analyzer.Funds  | Range graph generated
[INFO] | 2026-09-17 12:40:08 PM | analyzer.Funds  | Processed function gen
[INFO] | 2026-09-17 12:40:08 PM | analyzer.Funds  | Generating return summary for set
[INFO] | 2026-09-17 12:40:08 PM | analyzer.Funds  | Return summary generated for set
[INFO] | 2026-09-17 12:40:08 PM | analyzer.Funds  | Range graph generated
[INFO] | 2026-09-17 12:40:08 PM | analyzer.Funds  | Processed function set
[INFO] | 2026-09-17 12:40:08 PM | analyzer.Funds  | Generating return summary for increaseAllowance
[INFO] | 2026-09-17 12:40:08 PM | analyzer.Funds  | Return summary generated for increaseAllowance
[INFO] | 2026-09-17 12:40:08 PM | analyzer.Funds  | Range graph generated
[INFO] | 2026-09-17 12:40:08 PM | analyzer.Funds  | Processed function increaseAllowance
[INFO] | 2026-09-17 12:40:08 PM | analyzer.Funds  | Generating return summary for _transfer
[INFO] | 2026-09-17 12:40:08 PM | analyzer.Funds  | Return summary generated for _transfer
[INFO] | 2026-09-17 12:40:08 PM | analyzer.Funds  | Range graph generated
[INFO] | 2026-09-17 12:40:08 PM | analyzer.Funds  | Processed function _transfer
[INFO] | 2026-09-17 12:40:08 PM | analyzer.Funds  | Generating return summary for _mint
[INFO] | 2026-09-17 12:40:08 PM | analyzer.Funds  | Return summary generated for _mint
[INFO] | 2026-09-17 12:40:08 PM | analyzer.Funds  | Range graph generated
[INFO] | 2026-09-17 12:40:08 PM | analyzer.Funds  | Processed function _mint
[INFO] | 2026-09-17 12:40:08 PM | analyzer.Funds  | Generating return summary for sub
[INFO] | 2026-09-17 12:40:08 PM | analyzer.Funds  | Return summary generated for sub
[INFO] | 2026-09-17 12:40:08 PM | analyzer.Funds  | State variable assignement do not exist
[INFO] | 2026-09-17 12:40:08 PM | analyzer.Funds  | Processed function sub
[INFO] | 2026-09-17 12:40:08 PM | analyzer.Funds  | Generating return summary for decreaseAllowance
[INFO] | 2026-09-17 12:40:08 PM | analyzer.Funds  | Return summary generated for decreaseAllowance
[INFO] | 2026-09-17 12:40:08 PM | analyzer.Funds  | Range graph generated
[INFO] | 2026-09-17 12:40:08 PM | analyzer.Funds  | Processed function decreaseAllowance
[INFO] | 2026-09-17 12:40:08 PM | analyzer.Funds  | Generating return summary for div
[INFO] | 2026-09-17 12:40:08 PM | analyzer.Funds  | Return summary generated for div
[INFO] | 2026-09-17 12:40:08 PM | analyzer.Funds  | State variable assignement do not exist
[INFO] | 2026-09-17 12:40:08 PM | analyzer.Funds  | Processed function div
[INFO] | 2026-09-17 12:40:08 PM | analyzer.Funds  | Generating return summary for mod
[INFO] | 2026-09-17 12:40:08 PM | analyzer.Funds  | Return summary generated for mod
[INFO] | 2026-09-17 12:40:08 PM | analyzer.Funds  | State variable assignement do not exist
[INFO] | 2026-09-17 12:40:08 PM | analyzer.Funds  | Processed function mod
[INFO] | 2026-09-17 12:40:08 PM | analyzer.Funds  | Generating return summary for approve
[INFO] | 2026-09-17 12:40:08 PM | analyzer.Funds  | Return summary generated for approve
[INFO] | 2026-09-17 12:40:08 PM | analyzer.Funds  | Range graph generated
[INFO] | 2026-09-17 12:40:08 PM | analyzer.Funds  | Processed function approve
[INFO] | 2026-09-17 12:40:08 PM | analyzer.Funds  | Generating return summary for colv
[INFO] | 2026-09-17 12:40:08 PM | analyzer.Funds  | Return summary generated for colv
[INFO] | 2026-09-17 12:40:08 PM | analyzer.Funds  | State variable assignement do not exist
[INFO] | 2026-09-17 12:40:08 PM | analyzer.Funds  | Processed function colv
[INFO] | 2026-09-17 12:40:08 PM | analyzer.Funds  | Generating return summary for wmul
[WARNING] | 2026-09-17 12:40:08 PM | analyzer.Funds  | No lvalue eligible assignment, is this some bug!
[INFO] | 2026-09-17 12:40:08 PM | analyzer.Funds  | Return summary generated for wmul
[INFO] | 2026-09-17 12:40:08 PM | analyzer.Funds  | State variable assignement do not exist
[INFO] | 2026-09-17 12:40:08 PM | analyzer.Funds  | Processed function wmul
[INFO] | 2026-09-17 12:40:08 PM | analyzer.Funds  | Generating return summary for rmul
[WARNING] | 2026-09-17 12:40:08 PM | analyzer.Funds  | No lvalue eligible assignment, is this some bug!
[INFO] | 2026-09-17 12:40:08 PM | analyzer.Funds  | Return summary generated for rmul
[INFO] | 2026-09-17 12:40:08 PM | analyzer.Funds  | State variable assignement do not exist
[INFO] | 2026-09-17 12:40:08 PM | analyzer.Funds  | Processed function rmul
[INFO] | 2026-09-17 12:40:08 PM | analyzer.Funds  | Generating return summary for wdiv
[WARNING] | 2026-09-17 12:40:08 PM | analyzer.Funds  | No lvalue eligible assignment, is this some bug!
[INFO] | 2026-09-17 12:40:08 PM | analyzer.Funds  | Return summary generated for wdiv
[INFO] | 2026-09-17 12:40:08 PM | analyzer.Funds  | State variable assignement do not exist
[INFO] | 2026-09-17 12:40:08 PM | analyzer.Funds  | Processed function wdiv
[INFO] | 2026-09-17 12:40:08 PM | analyzer.Funds  | Generating return summary for rdiv
[WARNING] | 2026-09-17 12:40:08 PM | analyzer.Funds  | No lvalue eligible assignment, is this some bug!
[INFO] | 2026-09-17 12:40:08 PM | analyzer.Funds  | Return summary generated for rdiv
[INFO] | 2026-09-17 12:40:08 PM | analyzer.Funds  | State variable assignement do not exist
[INFO] | 2026-09-17 12:40:08 PM | analyzer.Funds  | Processed function rdiv
[INFO] | 2026-09-17 12:40:08 PM | analyzer.Funds  | Generating return summary for apex
[INFO] | 2026-09-17 12:40:08 PM | analyzer.Funds  | Return summary generated for apex
[INFO] | 2026-09-17 12:40:08 PM | analyzer.Funds  | State variable assignement do not exist
[INFO] | 2026-09-17 12:40:08 PM | analyzer.Funds  | Processed function apex
[INFO] | 2026-09-17 12:40:08 PM | analyzer.Funds  | Generating return summary for acex
[INFO] | 2026-09-17 12:40:08 PM | analyzer.Funds  | Return summary generated for acex
[INFO] | 2026-09-17 12:40:08 PM | analyzer.Funds  | State variable assignement do not exist
[INFO] | 2026-09-17 12:40:08 PM | analyzer.Funds  | Processed function acex
[INFO] | 2026-09-17 12:40:08 PM | analyzer.Funds  | Generating return summary for biex
[INFO] | 2026-09-17 12:40:08 PM | analyzer.Funds  | Return summary generated for biex
[INFO] | 2026-09-17 12:40:08 PM | analyzer.Funds  | State variable assignement do not exist
[INFO] | 2026-09-17 12:40:08 PM | analyzer.Funds  | Processed function biex
[INFO] | 2026-09-17 12:40:08 PM | analyzer.Funds  | Generating return summary for open
[INFO] | 2026-09-17 12:40:08 PM | analyzer.Funds  | Return summary generated for open
[INFO] | 2026-09-17 12:40:08 PM | analyzer.Funds  | Range graph generated
[INFO] | 2026-09-17 12:40:08 PM | analyzer.Funds  | Processed function open
[INFO] | 2026-09-17 12:40:08 PM | analyzer.Funds  | Generating return summary for wmul
[WARNING] | 2026-09-17 12:40:08 PM | analyzer.Funds  | No lvalue eligible assignment, is this some bug!
[INFO] | 2026-09-17 12:40:08 PM | analyzer.Funds  | Return summary generated for wmul
[INFO] | 2026-09-17 12:40:08 PM | analyzer.Funds  | State variable assignement do not exist
[INFO] | 2026-09-17 12:40:08 PM | analyzer.Funds  | Processed function wmul
[INFO] | 2026-09-17 12:40:08 PM | analyzer.Funds  | Generating return summary for rmul
[WARNING] | 2026-09-17 12:40:08 PM | analyzer.Funds  | No lvalue eligible assignment, is this some bug!
[INFO] | 2026-09-17 12:40:08 PM | analyzer.Funds  | Return summary generated for rmul
[INFO] | 2026-09-17 12:40:08 PM | analyzer.Funds  | State variable assignement do not exist
[INFO] | 2026-09-17 12:40:08 PM | analyzer.Funds  | Processed function rmul
[INFO] | 2026-09-17 12:40:08 PM | analyzer.Funds  | Generating return summary for wdiv
[WARNING] | 2026-09-17 12:40:08 PM | analyzer.Funds  | No lvalue eligible assignment, is this some bug!
[INFO] | 2026-09-17 12:40:08 PM | analyzer.Funds  | Return summary generated for wdiv
[INFO] | 2026-09-17 12:40:08 PM | analyzer.Funds  | State variable assignement do not exist
[INFO] | 2026-09-17 12:40:08 PM | analyzer.Funds  | Processed function wdiv
[INFO] | 2026-09-17 12:40:08 PM | analyzer.Funds  | Generating return summary for rdiv
[WARNING] | 2026-09-17 12:40:08 PM | analyzer.Funds  | No lvalue eligible assignment, is this some bug!
[INFO] | 2026-09-17 12:40:08 PM | analyzer.Funds  | Return summary generated for rdiv
[INFO] | 2026-09-17 12:40:08 PM | analyzer.Funds  | State variable assignement do not exist
[INFO] | 2026-09-17 12:40:08 PM | analyzer.Funds  | Processed function rdiv
[INFO] | 2026-09-17 12:40:08 PM | analyzer.Funds  | Generating return summary for sechi
[WARNING] | 2026-09-17 12:40:08 PM | analyzer.Funds  | No lvalue eligible assignment, is this some bug!
[INFO] | 2026-09-17 12:40:08 PM | analyzer.Funds  | Return summary generated for sechi
[INFO] | 2026-09-17 12:40:08 PM | analyzer.Funds  | State variable assignement do not exist
[INFO] | 2026-09-17 12:40:08 PM | analyzer.Funds  | Processed function sechi
[INFO] | 2026-09-17 12:40:08 PM | analyzer.Funds  | Generating return summary for wmul
[WARNING] | 2026-09-17 12:40:08 PM | analyzer.Funds  | No lvalue eligible assignment, is this some bug!
[INFO] | 2026-09-17 12:40:08 PM | analyzer.Funds  | Return summary generated for wmul
[INFO] | 2026-09-17 12:40:08 PM | analyzer.Funds  | State variable assignement do not exist
[INFO] | 2026-09-17 12:40:08 PM | analyzer.Funds  | Processed function wmul
[INFO] | 2026-09-17 12:40:08 PM | analyzer.Funds  | Generating return summary for rmul
[WARNING] | 2026-09-17 12:40:08 PM | analyzer.Funds  | No lvalue eligible assignment, is this some bug!
[INFO] | 2026-09-17 12:40:08 PM | analyzer.Funds  | Return summary generated for rmul
[INFO] | 2026-09-17 12:40:08 PM | analyzer.Funds  | State variable assignement do not exist
[INFO] | 2026-09-17 12:40:08 PM | analyzer.Funds  | Processed function rmul
[INFO] | 2026-09-17 12:40:08 PM | analyzer.Funds  | Generating return summary for wdiv
[WARNING] | 2026-09-17 12:40:08 PM | analyzer.Funds  | No lvalue eligible assignment, is this some bug!
[INFO] | 2026-09-17 12:40:08 PM | analyzer.Funds  | Return summary generated for wdiv
[INFO] | 2026-09-17 12:40:08 PM | analyzer.Funds  | State variable assignement do not exist
[INFO] | 2026-09-17 12:40:08 PM | analyzer.Funds  | Processed function wdiv
[INFO] | 2026-09-17 12:40:08 PM | analyzer.Funds  | Generating return summary for rdiv
[WARNING] | 2026-09-17 12:40:08 PM | analyzer.Funds  | No lvalue eligible assignment, is this some bug!
[INFO] | 2026-09-17 12:40:08 PM | analyzer.Funds  | Return summary generated for rdiv
[INFO] | 2026-09-17 12:40:08 PM | analyzer.Funds  | State variable assignement do not exist
[INFO] | 2026-09-17 12:40:08 PM | analyzer.Funds  | Processed function rdiv
[INFO] | 2026-09-17 12:40:08 PM | analyzer.Funds  | Generating return summary for lent
[INFO] | 2026-09-17 12:40:08 PM | analyzer.Funds  | Return summary generated for lent
[INFO] | 2026-09-17 12:40:08 PM | analyzer.Funds  | State variable assignement do not exist
[INFO] | 2026-09-17 12:40:08 PM | analyzer.Funds  | Processed function lent
[INFO] | 2026-09-17 12:40:08 PM | analyzer.Funds  | Generating return summary for wmul
[WARNING] | 2026-09-17 12:40:08 PM | analyzer.Funds  | No lvalue eligible assignment, is this some bug!
[INFO] | 2026-09-17 12:40:08 PM | analyzer.Funds  | Return summary generated for wmul
[INFO] | 2026-09-17 12:40:08 PM | analyzer.Funds  | State variable assignement do not exist
[INFO] | 2026-09-17 12:40:08 PM | analyzer.Funds  | Processed function wmul
[INFO] | 2026-09-17 12:40:08 PM | analyzer.Funds  | Generating return summary for rmul
[WARNING] | 2026-09-17 12:40:08 PM | analyzer.Funds  | No lvalue eligible assignment, is this some bug!
[INFO] | 2026-09-17 12:40:08 PM | analyzer.Funds  | Return summary generated for rmul
[INFO] | 2026-09-17 12:40:08 PM | analyzer.Funds  | State variable assignement do not exist
[INFO] | 2026-09-17 12:40:08 PM | analyzer.Funds  | Processed function rmul
[INFO] | 2026-09-17 12:40:08 PM | analyzer.Funds  | Generating return summary for wdiv
[WARNING] | 2026-09-17 12:40:08 PM | analyzer.Funds  | No lvalue eligible assignment, is this some bug!
[INFO] | 2026-09-17 12:40:08 PM | analyzer.Funds  | Return summary generated for wdiv
[INFO] | 2026-09-17 12:40:08 PM | analyzer.Funds  | State variable assignement do not exist
[INFO] | 2026-09-17 12:40:08 PM | analyzer.Funds  | Processed function wdiv
[INFO] | 2026-09-17 12:40:08 PM | analyzer.Funds  | Generating return summary for rdiv
[WARNING] | 2026-09-17 12:40:08 PM | analyzer.Funds  | No lvalue eligible assignment, is this some bug!
[INFO] | 2026-09-17 12:40:08 PM | analyzer.Funds  | Return summary generated for rdiv
[INFO] | 2026-09-17 12:40:08 PM | analyzer.Funds  | State variable assignement do not exist
[INFO] | 2026-09-17 12:40:08 PM | analyzer.Funds  | Processed function rdiv
[INFO] | 2026-09-17 12:40:08 PM | analyzer.Funds  | Generating return summary for gsech
[INFO] | 2026-09-17 12:40:08 PM | analyzer.Funds  | Return summary generated for gsech
[INFO] | 2026-09-17 12:40:08 PM | analyzer.Funds  | Range graph generated
[INFO] | 2026-09-17 12:40:08 PM | analyzer.Funds  | Processed function gsech
[INFO] | 2026-09-17 12:40:08 PM | analyzer.Funds  | Generating return summary for set
[INFO] | 2026-09-17 12:40:08 PM | analyzer.Funds  | Return summary generated for set
[INFO] | 2026-09-17 12:40:08 PM | analyzer.Funds  | Range graph generated
[INFO] | 2026-09-17 12:40:08 PM | analyzer.Funds  | Processed function set
[INFO] | 2026-09-17 12:40:08 PM | analyzer.Funds  | Generating return summary for transfer
[INFO] | 2026-09-17 12:40:08 PM | analyzer.Funds  | Return summary generated for transfer
[INFO] | 2026-09-17 12:40:08 PM | analyzer.Funds  | Range graph generated
[INFO] | 2026-09-17 12:40:08 PM | analyzer.Funds  | Processed function transfer
[INFO] | 2026-09-17 12:40:08 PM | analyzer.Funds  | Generating return summary for transferFrom
[INFO] | 2026-09-17 12:40:08 PM | analyzer.Funds  | Return summary generated for transferFrom
[INFO] | 2026-09-17 12:40:08 PM | analyzer.Funds  | Range graph generated
[INFO] | 2026-09-17 12:40:08 PM | analyzer.Funds  | Processed function transferFrom
[INFO] | 2026-09-17 12:40:08 PM | analyzer.Funds  | Generating return summary for _burn
[INFO] | 2026-09-17 12:40:08 PM | analyzer.Funds  | Return summary generated for _burn
[INFO] | 2026-09-17 12:40:08 PM | analyzer.Funds  | Range graph generated
[INFO] | 2026-09-17 12:40:08 PM | analyzer.Funds  | Processed function _burn
[INFO] | 2026-09-17 12:40:08 PM | analyzer.Funds  | Generating return summary for open
[INFO] | 2026-09-17 12:40:08 PM | analyzer.Funds  | Return summary generated for open
[INFO] | 2026-09-17 12:40:08 PM | analyzer.Funds  | Range graph generated
[INFO] | 2026-09-17 12:40:08 PM | analyzer.Funds  | Processed function open
[INFO] | 2026-09-17 12:40:08 PM | analyzer.Funds  | Generating return summary for open
[INFO] | 2026-09-17 12:40:08 PM | analyzer.Funds  | Return summary generated for open
[INFO] | 2026-09-17 12:40:08 PM | analyzer.Funds  | Range graph generated
[INFO] | 2026-09-17 12:40:08 PM | analyzer.Funds  | Processed function open
[INFO] | 2026-09-17 12:40:08 PM | analyzer.Funds  | Generating return summary for rpow
[INFO] | 2026-09-17 12:40:08 PM | analyzer.Funds  | Return summary generated for rpow
[INFO] | 2026-09-17 12:40:08 PM | analyzer.Funds  | State variable assignement do not exist
[INFO] | 2026-09-17 12:40:08 PM | analyzer.Funds  | Processed function rpow
[INFO] | 2026-09-17 12:40:08 PM | analyzer.Funds  | Generating return summary for mark
[INFO] | 2026-09-17 12:40:08 PM | analyzer.Funds  | Return summary generated for mark
[INFO] | 2026-09-17 12:40:08 PM | analyzer.Funds  | Range graph generated
[INFO] | 2026-09-17 12:40:08 PM | analyzer.Funds  | Processed function mark
[INFO] | 2026-09-17 12:40:08 PM | analyzer.Funds  | Generating return summary for rpow
[INFO] | 2026-09-17 12:40:08 PM | analyzer.Funds  | Return summary generated for rpow
[INFO] | 2026-09-17 12:40:08 PM | analyzer.Funds  | State variable assignement do not exist
[INFO] | 2026-09-17 12:40:08 PM | analyzer.Funds  | Processed function rpow
[INFO] | 2026-09-17 12:40:08 PM | analyzer.Funds  | Generating return summary for rpow
[INFO] | 2026-09-17 12:40:08 PM | analyzer.Funds  | Return summary generated for rpow
[INFO] | 2026-09-17 12:40:08 PM | analyzer.Funds  | State variable assignement do not exist
[INFO] | 2026-09-17 12:40:08 PM | analyzer.Funds  | Processed function rpow
[INFO] | 2026-09-17 12:40:08 PM | analyzer.Funds  | Generating return summary for min
[INFO] | 2026-09-17 12:40:08 PM | analyzer.Funds  | Return summary generated for min
[INFO] | 2026-09-17 12:40:08 PM | analyzer.Funds  | State variable assignement do not exist
[INFO] | 2026-09-17 12:40:08 PM | analyzer.Funds  | Processed function min
[INFO] | 2026-09-17 12:40:08 PM | analyzer.Funds  | Generating return summary for lentb
[INFO] | 2026-09-17 12:40:08 PM | analyzer.Funds  | Return summary generated for lentb
[INFO] | 2026-09-17 12:40:08 PM | analyzer.Funds  | State variable assignement do not exist
[INFO] | 2026-09-17 12:40:08 PM | analyzer.Funds  | Processed function lentb
[INFO] | 2026-09-17 12:40:08 PM | analyzer.Funds  | Generating return summary for owed
[INFO] | 2026-09-17 12:40:08 PM | analyzer.Funds  | Return summary generated for owed
[INFO] | 2026-09-17 12:40:08 PM | analyzer.Funds  | State variable assignement do not exist
[INFO] | 2026-09-17 12:40:08 PM | analyzer.Funds  | Processed function owed
[INFO] | 2026-09-17 12:40:08 PM | analyzer.Funds  | Generating return summary for rpow
[INFO] | 2026-09-17 12:40:08 PM | analyzer.Funds  | Return summary generated for rpow
[INFO] | 2026-09-17 12:40:08 PM | analyzer.Funds  | State variable assignement do not exist
[INFO] | 2026-09-17 12:40:08 PM | analyzer.Funds  | Processed function rpow
[INFO] | 2026-09-17 12:40:08 PM | analyzer.Funds  | Generating return summary for lsech
[INFO] | 2026-09-17 12:40:08 PM | analyzer.Funds  | Return summary generated for lsech
[INFO] | 2026-09-17 12:40:08 PM | analyzer.Funds  | Range graph generated
[INFO] | 2026-09-17 12:40:08 PM | analyzer.Funds  | Processed function lsech
[INFO] | 2026-09-17 12:40:08 PM | analyzer.Funds  | Generating return summary for unpush
[INFO] | 2026-09-17 12:40:08 PM | analyzer.Funds  | Return summary generated for unpush
[INFO] | 2026-09-17 12:40:08 PM | analyzer.Funds  | Range graph generated
[INFO] | 2026-09-17 12:40:08 PM | analyzer.Funds  | Processed function unpush
[INFO] | 2026-09-17 12:40:08 PM | analyzer.Funds  | Generating return summary for take
[INFO] | 2026-09-17 12:40:08 PM | analyzer.Funds  | Return summary generated for take
[INFO] | 2026-09-17 12:40:08 PM | analyzer.Funds  | Range graph generated
[INFO] | 2026-09-17 12:40:08 PM | analyzer.Funds  | Processed function take
[INFO] | 2026-09-17 12:40:08 PM | analyzer.Funds  | Generating return summary for pull
[INFO] | 2026-09-17 12:40:08 PM | analyzer.Funds  | Return summary generated for pull
[INFO] | 2026-09-17 12:40:08 PM | analyzer.Funds  | Range graph generated
[INFO] | 2026-09-17 12:40:08 PM | analyzer.Funds  | Processed function pull
[INFO] | 2026-09-17 12:40:08 PM | analyzer.Funds  | Generating return summary for push
[INFO] | 2026-09-17 12:40:08 PM | analyzer.Funds  | Return summary generated for push
[INFO] | 2026-09-17 12:40:08 PM | analyzer.Funds  | Range graph generated
[INFO] | 2026-09-17 12:40:08 PM | analyzer.Funds  | Processed function push
[INFO] | 2026-09-17 12:40:08 PM | analyzer.Funds  | Generating return summary for push
[INFO] | 2026-09-17 12:40:08 PM | analyzer.Funds  | Return summary generated for push
[INFO] | 2026-09-17 12:40:08 PM | analyzer.Funds  | Range graph generated
[INFO] | 2026-09-17 12:40:08 PM | analyzer.Funds  | Processed function push
[INFO] | 2026-09-17 12:40:08 PM | analyzer.Funds  | Generating return summary for push
[INFO] | 2026-09-17 12:40:08 PM | analyzer.Funds  | Return summary generated for push
[INFO] | 2026-09-17 12:40:08 PM | analyzer.Funds  | Range graph generated
[INFO] | 2026-09-17 12:40:08 PM | analyzer.Funds  | Processed function push
[INFO] | 2026-09-17 12:40:08 PM | analyzer.Funds  | Generating return summary for _burnFrom
[INFO] | 2026-09-17 12:40:08 PM | analyzer.Funds  | Return summary generated for _burnFrom
[INFO] | 2026-09-17 12:40:08 PM | analyzer.Funds  | Range graph generated
[INFO] | 2026-09-17 12:40:08 PM | analyzer.Funds  | Processed function _burnFrom
[INFO] | 2026-09-17 12:40:08 PM | analyzer.Funds  | Generating return summary for safe
[INFO] | 2026-09-17 12:40:08 PM | analyzer.Funds  | Return summary generated for safe
[INFO] | 2026-09-17 12:40:08 PM | analyzer.Funds  | State variable assignement do not exist
[INFO] | 2026-09-17 12:40:08 PM | analyzer.Funds  | Processed function safe
[INFO] | 2026-09-17 12:40:08 PM | analyzer.Funds  | Generating return summary for dedu
[INFO] | 2026-09-17 12:40:08 PM | analyzer.Funds  | Return summary generated for dedu
[INFO] | 2026-09-17 12:40:08 PM | analyzer.Funds  | State variable assignement do not exist
[INFO] | 2026-09-17 12:40:08 PM | analyzer.Funds  | Processed function dedu
[INFO] | 2026-09-17 12:40:08 PM | analyzer.Funds  | Generating return summary for owedb
[INFO] | 2026-09-17 12:40:08 PM | analyzer.Funds  | Return summary generated for owedb
[INFO] | 2026-09-17 12:40:08 PM | analyzer.Funds  | State variable assignement do not exist
[INFO] | 2026-09-17 12:40:08 PM | analyzer.Funds  | Processed function owedb
[INFO] | 2026-09-17 12:40:08 PM | analyzer.Funds  | Generating return summary for pay
[INFO] | 2026-09-17 12:40:08 PM | analyzer.Funds  | Return summary generated for pay
[INFO] | 2026-09-17 12:40:08 PM | analyzer.Funds  | Range graph generated
[INFO] | 2026-09-17 12:40:08 PM | analyzer.Funds  | Processed function pay
[INFO] | 2026-09-17 12:40:08 PM | analyzer.Funds  | Generating return summary for unpay
[INFO] | 2026-09-17 12:40:08 PM | analyzer.Funds  | Return summary generated for unpay
[INFO] | 2026-09-17 12:40:08 PM | analyzer.Funds  | Range graph generated
[INFO] | 2026-09-17 12:40:08 PM | analyzer.Funds  | Processed function unpay
[INFO] | 2026-09-17 12:40:08 PM | analyzer.Funds  | Generating return summary for calc
[INFO] | 2026-09-17 12:40:08 PM | analyzer.Funds  | Return summary generated for calc
[INFO] | 2026-09-17 12:40:08 PM | analyzer.Funds  | State variable assignement do not exist
[INFO] | 2026-09-17 12:40:08 PM | analyzer.Funds  | Processed function calc
[INFO] | 2026-09-17 12:40:08 PM | analyzer.Funds  | Generating return summary for pull
[INFO] | 2026-09-17 12:40:08 PM | analyzer.Funds  | Return summary generated for pull
[INFO] | 2026-09-17 12:40:08 PM | analyzer.Funds  | Range graph generated
[INFO] | 2026-09-17 12:40:08 PM | analyzer.Funds  | Processed function pull
[INFO] | 2026-09-17 12:40:08 PM | analyzer.Funds  | Generating return summary for sell
[INFO] | 2026-09-17 12:40:08 PM | analyzer.Funds  | Return summary generated for sell
[INFO] | 2026-09-17 12:40:08 PM | analyzer.Funds  | Range graph generated
[INFO] | 2026-09-17 12:40:08 PM | analyzer.Funds  | Processed function sell
[INFO] | 2026-09-17 12:40:08 PM | analyzer.Funds  | Generating return summary for dedub
[INFO] | 2026-09-17 12:40:08 PM | analyzer.Funds  | Return summary generated for dedub
[INFO] | 2026-09-17 12:40:08 PM | analyzer.Funds  | State variable assignement do not exist
[INFO] | 2026-09-17 12:40:08 PM | analyzer.Funds  | Processed function dedub
[INFO] | 2026-09-17 12:40:08 PM | analyzer.Funds  | Generating return summary for lopen
[WARNING] | 2026-09-17 12:40:08 PM | analyzer.Funds  | No lvalue eligible assignment, is this some bug!
[INFO] | 2026-09-17 12:40:08 PM | analyzer.Funds  | Return summary generated for lopen
[INFO] | 2026-09-17 12:40:08 PM | analyzer.Funds  | Range graph generated
[INFO] | 2026-09-17 12:40:08 PM | analyzer.Funds  | Processed function lopen
[INFO] | 2026-09-17 12:40:08 PM | analyzer.Funds  | Generating return summary for pull
[INFO] | 2026-09-17 12:40:08 PM | analyzer.Funds  | Return summary generated for pull
[INFO] | 2026-09-17 12:40:08 PM | analyzer.Funds  | Range graph generated
[INFO] | 2026-09-17 12:40:08 PM | analyzer.Funds  | Processed function pull
[INFO] | 2026-09-17 12:40:08 PM | analyzer.Funds  | Generating return summary for take
[INFO] | 2026-09-17 12:40:08 PM | analyzer.Funds  | Return summary generated for take
[INFO] | 2026-09-17 12:40:08 PM | analyzer.Funds  | Range graph generated
[INFO] | 2026-09-17 12:40:08 PM | analyzer.Funds  | Processed function take
[INFO] | 2026-09-17 12:40:08 PM | analyzer.Funds  | Generating return summary for req
[INFO] | 2026-09-17 12:40:08 PM | analyzer.Funds  | Return summary generated for req
[INFO] | 2026-09-17 12:40:08 PM | analyzer.Funds  | Range graph generated
[INFO] | 2026-09-17 12:40:08 PM | analyzer.Funds  | Processed function req
[INFO] | 2026-09-17 12:40:08 PM | analyzer.Funds  | Value Range Analysis took 0.323139 seconds
[INFO] | 2026-09-17 12:40:08 PM | analyzer.Funds  | Value Range Analysis finished
[INFO] | 2026-09-17 12:40:08 PM | analyzer.Funds  | Storage dependency graph compostion started!
[INFO] | 2026-09-17 12:40:09 PM | analyzer.Funds  | Storage dependency graph compostion finished!
[INFO] | 2026-09-17 12:40:09 PM | analyzer.Funds  | Dependency detection started!
[INFO] | 2026-09-17 12:40:10 PM | analyzer.Funds  | DAO dependency detected in file Funds.sol in contract Sales in by composing functions open and push
[INFO] | 2026-09-17 12:40:11 PM | analyzer.Funds  | DAO dependency detected in file Funds.sol in contract Sales in by composing functions open and push
[INFO] | 2026-09-17 12:40:13 PM | analyzer.Funds  | DAO dependency detected in file Funds.sol in contract Sales in by composing functions open and push
[INFO] | 2026-09-17 12:40:13 PM | analyzer.Funds  | DAO dependency detected in file Funds.sol in contract Sales in by composing functions open and sign
[INFO] | 2026-09-17 12:40:14 PM | analyzer.Funds  | DAO dependency detected in file Funds.sol in contract Sales in by composing functions open and sign
[INFO] | 2026-09-17 12:40:14 PM | analyzer.Funds  | DAO dependency detected in file Funds.sol in contract Sales in by composing functions open and sign
[INFO] | 2026-09-17 12:40:15 PM | analyzer.Funds  | DAO dependency detected in file Funds.sol in contract Sales in by composing functions open and sec
[INFO] | 2026-09-17 12:40:16 PM | analyzer.Funds  | DAO dependency detected in file Funds.sol in contract Sales in by composing functions open and sec
[INFO] | 2026-09-17 12:40:17 PM | analyzer.Funds  | DAO dependency detected in file Funds.sol in contract Sales in by composing functions open and sec
[INFO] | 2026-09-17 12:40:18 PM | analyzer.Funds  | DAO dependency detected in file Funds.sol in contract Sales in by composing functions open and hasSecs
[INFO] | 2026-09-17 12:40:19 PM | analyzer.Funds  | DAO dependency detected in file Funds.sol in contract Sales in by composing functions open and hasSecs
[INFO] | 2026-09-17 12:40:20 PM | analyzer.Funds  | DAO dependency detected in file Funds.sol in contract Sales in by composing functions open and hasSecs
[INFO] | 2026-09-17 12:40:23 PM | analyzer.Funds  | DAO dependency detected in file Funds.sol in contract Sales in by composing functions open and take
[INFO] | 2026-09-17 12:40:26 PM | analyzer.Funds  | DAO dependency detected in file Funds.sol in contract Sales in by composing functions open and take
[INFO] | 2026-09-17 12:40:29 PM | analyzer.Funds  | DAO dependency detected in file Funds.sol in contract Sales in by composing functions open and take
[INFO] | 2026-09-17 12:40:29 PM | analyzer.Funds  | DAO dependency detected in file Funds.sol in contract Sales in by composing functions open and unpush
[INFO] | 2026-09-17 12:40:30 PM | analyzer.Funds  | DAO dependency detected in file Funds.sol in contract Sales in by composing functions open and unpush
[INFO] | 2026-09-17 12:40:31 PM | analyzer.Funds  | DAO dependency detected in file Funds.sol in contract Sales in by composing functions open and unpush
[INFO] | 2026-09-17 12:40:31 PM | analyzer.Funds  | DAO dependency detected in file Funds.sol in contract Sales in by composing functions push and open
[INFO] | 2026-09-17 12:40:36 PM | analyzer.Funds  | DAO dependency detected in file Funds.sol in contract Sales in by composing functions push and push
[INFO] | 2026-09-17 12:40:40 PM | analyzer.Funds  | DAO dependency detected in file Funds.sol in contract Sales in by composing functions push and push
[INFO] | 2026-09-17 12:40:41 PM | analyzer.Funds  | DAO dependency detected in file Funds.sol in contract Sales in by composing functions push and sec
[INFO] | 2026-09-17 12:40:41 PM | analyzer.Funds  | DAO dependency detected in file Funds.sol in contract Sales in by composing functions push and sec
[INFO] | 2026-09-17 12:40:43 PM | analyzer.Funds  | DAO dependency detected in file Funds.sol in contract Sales in by composing functions push and take
[INFO] | 2026-09-17 12:40:45 PM | analyzer.Funds  | DAO dependency detected in file Funds.sol in contract Sales in by composing functions push and take
[INFO] | 2026-09-17 12:40:46 PM | analyzer.Funds  | DAO dependency detected in file Funds.sol in contract Sales in by composing functions push and unpush
[INFO] | 2026-09-17 12:40:46 PM | analyzer.Funds  | DAO dependency detected in file Funds.sol in contract Sales in by composing functions push and unpush
[INFO] | 2026-09-17 12:40:52 PM | analyzer.Funds  | DAO dependency detected in file Funds.sol in contract Sales in by composing functions take and open
[INFO] | 2026-09-17 12:40:57 PM | analyzer.Funds  | DAO dependency detected in file Funds.sol in contract Sales in by composing functions take and open
[INFO] | 2026-09-17 12:40:57 PM | analyzer.Funds  | DAO dependency detected in file Funds.sol in contract Sales in by composing functions take and push
[INFO] | 2026-09-17 12:40:58 PM | analyzer.Funds  | DAO dependency detected in file Funds.sol in contract Sales in by composing functions take and push
[INFO] | 2026-09-17 12:40:58 PM | analyzer.Funds  | DAO dependency detected in file Funds.sol in contract Loans in by composing functions apex and open
[INFO] | 2026-09-17 12:40:59 PM | analyzer.Funds  | DAO dependency detected in file Funds.sol in contract Loans in by composing functions acex and open
[INFO] | 2026-09-17 12:40:59 PM | analyzer.Funds  | DAO dependency detected in file Funds.sol in contract Loans in by composing functions biex and open
[INFO] | 2026-09-17 12:41:00 PM | analyzer.Funds  | DAO dependency detected in file Funds.sol in contract Loans in by composing functions safe and open
[INFO] | 2026-09-17 12:41:01 PM | analyzer.Funds  | DAO dependency detected in file Funds.sol in contract Loans in by composing functions safe and pay
[INFO] | 2026-09-17 12:41:02 PM | analyzer.Funds  | DAO dependency detected in file Funds.sol in contract Loans in by composing functions open and open
[INFO] | 2026-09-17 12:41:02 PM | analyzer.Funds  | DAO dependency detected in file Funds.sol in contract Loans in by composing functions push and push
[INFO] | 2026-09-17 12:41:02 PM | analyzer.Funds  | DAO dependency detected in file Funds.sol in contract Loans in by composing functions push and mark
[INFO] | 2026-09-17 12:41:03 PM | analyzer.Funds  | DAO dependency detected in file Funds.sol in contract Loans in by composing functions push and take
[INFO] | 2026-09-17 12:41:03 PM | analyzer.Funds  | DAO dependency detected in file Funds.sol in contract Loans in by composing functions mark and open
[INFO] | 2026-09-17 12:41:04 PM | analyzer.Funds  | DAO dependency detected in file Funds.sol in contract Loans in by composing functions mark and take
[INFO] | 2026-09-17 12:41:08 PM | analyzer.Funds  | DAO dependency detected in file Funds.sol in contract Loans in by composing functions unpay and open
[INFO] | 2026-09-17 12:41:09 PM | analyzer.Funds  | DAO dependency detected in file Funds.sol in contract Loans in by composing functions unpay and take
[INFO] | 2026-09-17 12:41:10 PM | analyzer.Funds  | DAO dependency detected in file Funds.sol in contract Loans in by composing functions unpay and pay
[INFO] | 2026-09-17 12:41:10 PM | analyzer.Funds  | DAO dependency detected in file Funds.sol in contract Loans in by composing functions unpay and unpay
[INFO] | 2026-09-17 12:41:11 PM | analyzer.Funds  | DAO dependency detected in file Funds.sol in contract Loans in by composing functions unpay and pull
[INFO] | 2026-09-17 12:41:11 PM | analyzer.Funds  | DAO dependency detected in file Funds.sol in contract Loans in by composing functions unpay and pull
[INFO] | 2026-09-17 12:41:12 PM | analyzer.Funds  | DAO dependency detected in file Funds.sol in contract Loans in by composing functions unpay and sell
[INFO] | 2026-09-17 12:41:18 PM | analyzer.Funds  | DAO dependency detected in file Funds.sol in contract Loans in by composing functions pull and open
[INFO] | 2026-09-17 12:41:19 PM | analyzer.Funds  | DAO dependency detected in file Funds.sol in contract Loans in by composing functions pull and take
[INFO] | 2026-09-17 12:41:20 PM | analyzer.Funds  | DAO dependency detected in file Funds.sol in contract Loans in by composing functions pull and pay
[INFO] | 2026-09-17 12:41:20 PM | analyzer.Funds  | DAO dependency detected in file Funds.sol in contract Loans in by composing functions pull and unpay
[INFO] | 2026-09-17 12:41:21 PM | analyzer.Funds  | DAO dependency detected in file Funds.sol in contract Loans in by composing functions pull and pull
[INFO] | 2026-09-17 12:41:21 PM | analyzer.Funds  | DAO dependency detected in file Funds.sol in contract Loans in by composing functions pull and pull
[INFO] | 2026-09-17 12:41:22 PM | analyzer.Funds  | DAO dependency detected in file Funds.sol in contract Loans in by composing functions pull and sell
[INFO] | 2026-09-17 12:41:28 PM | analyzer.Funds  | DAO dependency detected in file Funds.sol in contract Loans in by composing functions pull and open
[INFO] | 2026-09-17 12:41:30 PM | analyzer.Funds  | DAO dependency detected in file Funds.sol in contract Loans in by composing functions pull and take
[INFO] | 2026-09-17 12:41:30 PM | analyzer.Funds  | DAO dependency detected in file Funds.sol in contract Loans in by composing functions pull and pay
[INFO] | 2026-09-17 12:41:31 PM | analyzer.Funds  | DAO dependency detected in file Funds.sol in contract Loans in by composing functions pull and unpay
[INFO] | 2026-09-17 12:41:31 PM | analyzer.Funds  | DAO dependency detected in file Funds.sol in contract Loans in by composing functions pull and pull
[INFO] | 2026-09-17 12:41:32 PM | analyzer.Funds  | DAO dependency detected in file Funds.sol in contract Loans in by composing functions pull and pull
[INFO] | 2026-09-17 12:41:33 PM | analyzer.Funds  | DAO dependency detected in file Funds.sol in contract Loans in by composing functions pull and sell
[INFO] | 2026-09-17 12:41:43 PM | analyzer.Funds  | DAO dependency detected in file Funds.sol in contract Loans in by composing functions sell and setSales
[INFO] | 2026-09-17 12:41:51 PM | analyzer.Funds  | DAO dependency detected in file Funds.sol in contract Loans in by composing functions sell and setSales
[INFO] | 2026-09-17 12:42:00 PM | analyzer.Funds  | DAO dependency detected in file Funds.sol in contract Loans in by composing functions sell and setSales
[INFO] | 2026-09-17 12:42:10 PM | analyzer.Funds  | DAO dependency detected in file Funds.sol in contract Loans in by composing functions sell and setSales
[INFO] | 2026-09-17 12:42:18 PM | analyzer.Funds  | DAO dependency detected in file Funds.sol in contract Loans in by composing functions sell and setSales
[INFO] | 2026-09-17 12:42:26 PM | analyzer.Funds  | DAO dependency detected in file Funds.sol in contract Loans in by composing functions sell and setSales
[INFO] | 2026-09-17 12:42:34 PM | analyzer.Funds  | DAO dependency detected in file Funds.sol in contract Loans in by composing functions sell and setSales
[INFO] | 2026-09-17 12:42:40 PM | analyzer.Funds  | DAO dependency detected in file Funds.sol in contract Loans in by composing functions sell and setSales
[INFO] | 2026-09-17 12:42:40 PM | analyzer.Funds  | DAO dependency detected in file Funds.sol in contract Loans in by composing functions sell and setSales
[INFO] | 2026-09-17 12:42:45 PM | analyzer.Funds  | DAO dependency detected in file Funds.sol in contract Loans in by composing functions sell and setSales
[INFO] | 2026-09-17 12:42:50 PM | analyzer.Funds  | DAO dependency detected in file Funds.sol in contract Loans in by composing functions sell and setSales
[INFO] | 2026-09-17 12:42:55 PM | analyzer.Funds  | DAO dependency detected in file Funds.sol in contract Loans in by composing functions sell and setSales
[INFO] | 2026-09-17 12:42:58 PM | analyzer.Funds  | DAO dependency detected in file Funds.sol in contract Loans in by composing functions sell and setSales
[INFO] | 2026-09-17 12:43:02 PM | analyzer.Funds  | DAO dependency detected in file Funds.sol in contract Loans in by composing functions sell and setSales
[INFO] | 2026-09-17 12:43:06 PM | analyzer.Funds  | DAO dependency detected in file Funds.sol in contract Loans in by composing functions sell and setSales
[INFO] | 2026-09-17 12:43:07 PM | analyzer.Funds  | DAO dependency detected in file Funds.sol in contract Loans in by composing functions sell and setSales
[INFO] | 2026-09-17 12:43:09 PM | analyzer.Funds  | DAO dependency detected in file Funds.sol in contract Loans in by composing functions sell and setSales
[INFO] | 2026-09-17 12:43:10 PM | analyzer.Funds  | DAO dependency detected in file Funds.sol in contract Loans in by composing functions sell and setSales
[INFO] | 2026-09-17 12:43:18 PM | analyzer.Funds  | DAO dependency detected in file Funds.sol in contract Loans in by composing functions sell and setSales
[INFO] | 2026-09-17 12:43:29 PM | analyzer.Funds  | DAO dependency detected in file Funds.sol in contract Loans in by composing functions sell and open
[INFO] | 2026-09-17 12:43:34 PM | analyzer.Funds  | DAO dependency detected in file Funds.sol in contract Loans in by composing functions sell and open
[INFO] | 2026-09-17 12:43:38 PM | analyzer.Funds  | DAO dependency detected in file Funds.sol in contract Loans in by composing functions sell and open
[INFO] | 2026-09-17 12:43:42 PM | analyzer.Funds  | DAO dependency detected in file Funds.sol in contract Loans in by composing functions sell and open
[INFO] | 2026-09-17 12:43:47 PM | analyzer.Funds  | DAO dependency detected in file Funds.sol in contract Loans in by composing functions sell and open
[INFO] | 2026-09-17 12:43:51 PM | analyzer.Funds  | DAO dependency detected in file Funds.sol in contract Loans in by composing functions sell and open
[INFO] | 2026-09-17 12:43:55 PM | analyzer.Funds  | DAO dependency detected in file Funds.sol in contract Loans in by composing functions sell and open
[INFO] | 2026-09-17 12:43:59 PM | analyzer.Funds  | DAO dependency detected in file Funds.sol in contract Loans in by composing functions sell and open
[INFO] | 2026-09-17 12:44:00 PM | analyzer.Funds  | DAO dependency detected in file Funds.sol in contract Loans in by composing functions sell and open
[INFO] | 2026-09-17 12:44:04 PM | analyzer.Funds  | DAO dependency detected in file Funds.sol in contract Loans in by composing functions sell and open
[INFO] | 2026-09-17 12:44:09 PM | analyzer.Funds  | DAO dependency detected in file Funds.sol in contract Loans in by composing functions sell and open
[INFO] | 2026-09-17 12:44:13 PM | analyzer.Funds  | DAO dependency detected in file Funds.sol in contract Loans in by composing functions sell and open
[INFO] | 2026-09-17 12:44:18 PM | analyzer.Funds  | DAO dependency detected in file Funds.sol in contract Loans in by composing functions sell and open
[INFO] | 2026-09-17 12:44:23 PM | analyzer.Funds  | DAO dependency detected in file Funds.sol in contract Loans in by composing functions sell and open
[INFO] | 2026-09-17 12:44:27 PM | analyzer.Funds  | DAO dependency detected in file Funds.sol in contract Loans in by composing functions sell and open
[INFO] | 2026-09-17 12:44:32 PM | analyzer.Funds  | DAO dependency detected in file Funds.sol in contract Loans in by composing functions sell and open
[INFO] | 2026-09-17 12:44:37 PM | analyzer.Funds  | DAO dependency detected in file Funds.sol in contract Loans in by composing functions sell and open
[INFO] | 2026-09-17 12:44:42 PM | analyzer.Funds  | DAO dependency detected in file Funds.sol in contract Loans in by composing functions sell and open
[INFO] | 2026-09-17 12:44:48 PM | analyzer.Funds  | DAO dependency detected in file Funds.sol in contract Loans in by composing functions sell and open
[INFO] | 2026-09-17 12:44:53 PM | analyzer.Funds  | DAO dependency detected in file Funds.sol in contract Loans in by composing functions sell and pay
[INFO] | 2026-09-17 12:44:54 PM | analyzer.Funds  | DAO dependency detected in file Funds.sol in contract Loans in by composing functions sell and pay
[INFO] | 2026-09-17 12:44:56 PM | analyzer.Funds  | DAO dependency detected in file Funds.sol in contract Loans in by composing functions sell and pay
[INFO] | 2026-09-17 12:44:58 PM | analyzer.Funds  | DAO dependency detected in file Funds.sol in contract Loans in by composing functions sell and pay
[INFO] | 2026-09-17 12:44:59 PM | analyzer.Funds  | DAO dependency detected in file Funds.sol in contract Loans in by composing functions sell and pay
[INFO] | 2026-09-17 12:45:01 PM | analyzer.Funds  | DAO dependency detected in file Funds.sol in contract Loans in by composing functions sell and pay
[INFO] | 2026-09-17 12:45:03 PM | analyzer.Funds  | DAO dependency detected in file Funds.sol in contract Loans in by composing functions sell and pay
[INFO] | 2026-09-17 12:45:04 PM | analyzer.Funds  | DAO dependency detected in file Funds.sol in contract Loans in by composing functions sell and pay
[INFO] | 2026-09-17 12:45:05 PM | analyzer.Funds  | DAO dependency detected in file Funds.sol in contract Loans in by composing functions sell and pay
[INFO] | 2026-09-17 12:45:06 PM | analyzer.Funds  | DAO dependency detected in file Funds.sol in contract Loans in by composing functions sell and pay
[INFO] | 2026-09-17 12:45:07 PM | analyzer.Funds  | DAO dependency detected in file Funds.sol in contract Loans in by composing functions sell and pay
[INFO] | 2026-09-17 12:45:08 PM | analyzer.Funds  | DAO dependency detected in file Funds.sol in contract Loans in by composing functions sell and pay
[INFO] | 2026-09-17 12:45:09 PM | analyzer.Funds  | DAO dependency detected in file Funds.sol in contract Loans in by composing functions sell and pay
[INFO] | 2026-09-17 12:45:10 PM | analyzer.Funds  | DAO dependency detected in file Funds.sol in contract Loans in by composing functions sell and pay
[INFO] | 2026-09-17 12:45:11 PM | analyzer.Funds  | DAO dependency detected in file Funds.sol in contract Loans in by composing functions sell and pay
[INFO] | 2026-09-17 12:45:12 PM | analyzer.Funds  | DAO dependency detected in file Funds.sol in contract Loans in by composing functions sell and pay
[INFO] | 2026-09-17 12:45:13 PM | analyzer.Funds  | DAO dependency detected in file Funds.sol in contract Loans in by composing functions sell and pay
[INFO] | 2026-09-17 12:45:14 PM | analyzer.Funds  | DAO dependency detected in file Funds.sol in contract Loans in by composing functions sell and pay
[INFO] | 2026-09-17 12:45:15 PM | analyzer.Funds  | DAO dependency detected in file Funds.sol in contract Loans in by composing functions sell and pay
[INFO] | 2026-09-17 12:45:18 PM | analyzer.Funds  | DAO dependency detected in file Funds.sol in contract Loans in by composing functions sell and pay
[INFO] | 2026-09-17 12:45:20 PM | analyzer.Funds  | DAO dependency detected in file Funds.sol in contract Loans in by composing functions sell and unpay
[INFO] | 2026-09-17 12:45:21 PM | analyzer.Funds  | DAO dependency detected in file Funds.sol in contract Loans in by composing functions sell and unpay
[INFO] | 2026-09-17 12:45:21 PM | analyzer.Funds  | DAO dependency detected in file Funds.sol in contract Loans in by composing functions sell and unpay
[INFO] | 2026-09-17 12:45:22 PM | analyzer.Funds  | DAO dependency detected in file Funds.sol in contract Loans in by composing functions sell and unpay
[INFO] | 2026-09-17 12:45:23 PM | analyzer.Funds  | DAO dependency detected in file Funds.sol in contract Loans in by composing functions sell and unpay
[INFO] | 2026-09-17 12:45:24 PM | analyzer.Funds  | DAO dependency detected in file Funds.sol in contract Loans in by composing functions sell and unpay
[INFO] | 2026-09-17 12:45:25 PM | analyzer.Funds  | DAO dependency detected in file Funds.sol in contract Loans in by composing functions sell and unpay
[INFO] | 2026-09-17 12:45:26 PM | analyzer.Funds  | DAO dependency detected in file Funds.sol in contract Loans in by composing functions sell and unpay
[INFO] | 2026-09-17 12:45:26 PM | analyzer.Funds  | DAO dependency detected in file Funds.sol in contract Loans in by composing functions sell and unpay
[INFO] | 2026-09-17 12:45:27 PM | analyzer.Funds  | DAO dependency detected in file Funds.sol in contract Loans in by composing functions sell and unpay
[INFO] | 2026-09-17 12:45:28 PM | analyzer.Funds  | DAO dependency detected in file Funds.sol in contract Loans in by composing functions sell and unpay
[INFO] | 2026-09-17 12:45:29 PM | analyzer.Funds  | DAO dependency detected in file Funds.sol in contract Loans in by composing functions sell and unpay
[INFO] | 2026-09-17 12:45:30 PM | analyzer.Funds  | DAO dependency detected in file Funds.sol in contract Loans in by composing functions sell and unpay
[INFO] | 2026-09-17 12:45:31 PM | analyzer.Funds  | DAO dependency detected in file Funds.sol in contract Loans in by composing functions sell and unpay
[INFO] | 2026-09-17 12:45:32 PM | analyzer.Funds  | DAO dependency detected in file Funds.sol in contract Loans in by composing functions sell and unpay
[INFO] | 2026-09-17 12:45:33 PM | analyzer.Funds  | DAO dependency detected in file Funds.sol in contract Loans in by composing functions sell and unpay
[INFO] | 2026-09-17 12:45:34 PM | analyzer.Funds  | DAO dependency detected in file Funds.sol in contract Loans in by composing functions sell and unpay
[INFO] | 2026-09-17 12:45:35 PM | analyzer.Funds  | DAO dependency detected in file Funds.sol in contract Loans in by composing functions sell and unpay
[INFO] | 2026-09-17 12:45:35 PM | analyzer.Funds  | DAO dependency detected in file Funds.sol in contract Loans in by composing functions sell and unpay
[INFO] | 2026-09-17 12:45:36 PM | analyzer.Funds  | DAO dependency detected in file Funds.sol in contract Loans in by composing functions sell and unpay
[INFO] | 2026-09-17 12:45:37 PM | analyzer.Funds  | DAO dependency detected in file Funds.sol in contract Loans in by composing functions sell and pull
[INFO] | 2026-09-17 12:45:38 PM | analyzer.Funds  | DAO dependency detected in file Funds.sol in contract Loans in by composing functions sell and pull
[INFO] | 2026-09-17 12:45:39 PM | analyzer.Funds  | DAO dependency detected in file Funds.sol in contract Loans in by composing functions sell and pull
[INFO] | 2026-09-17 12:45:40 PM | analyzer.Funds  | DAO dependency detected in file Funds.sol in contract Loans in by composing functions sell and pull
[INFO] | 2026-09-17 12:45:41 PM | analyzer.Funds  | DAO dependency detected in file Funds.sol in contract Loans in by composing functions sell and pull
[INFO] | 2026-09-17 12:45:42 PM | analyzer.Funds  | DAO dependency detected in file Funds.sol in contract Loans in by composing functions sell and pull
[INFO] | 2026-09-17 12:45:43 PM | analyzer.Funds  | DAO dependency detected in file Funds.sol in contract Loans in by composing functions sell and pull
[INFO] | 2026-09-17 12:45:44 PM | analyzer.Funds  | DAO dependency detected in file Funds.sol in contract Loans in by composing functions sell and pull
[INFO] | 2026-09-17 12:45:44 PM | analyzer.Funds  | DAO dependency detected in file Funds.sol in contract Loans in by composing functions sell and pull
[INFO] | 2026-09-17 12:45:45 PM | analyzer.Funds  | DAO dependency detected in file Funds.sol in contract Loans in by composing functions sell and pull
[INFO] | 2026-09-17 12:45:46 PM | analyzer.Funds  | DAO dependency detected in file Funds.sol in contract Loans in by composing functions sell and pull
[INFO] | 2026-09-17 12:45:47 PM | analyzer.Funds  | DAO dependency detected in file Funds.sol in contract Loans in by composing functions sell and pull
[INFO] | 2026-09-17 12:45:48 PM | analyzer.Funds  | DAO dependency detected in file Funds.sol in contract Loans in by composing functions sell and pull
[INFO] | 2026-09-17 12:45:49 PM | analyzer.Funds  | DAO dependency detected in file Funds.sol in contract Loans in by composing functions sell and pull
[INFO] | 2026-09-17 12:45:50 PM | analyzer.Funds  | DAO dependency detected in file Funds.sol in contract Loans in by composing functions sell and pull
[INFO] | 2026-09-17 12:45:51 PM | analyzer.Funds  | DAO dependency detected in file Funds.sol in contract Loans in by composing functions sell and pull
[INFO] | 2026-09-17 12:45:52 PM | analyzer.Funds  | DAO dependency detected in file Funds.sol in contract Loans in by composing functions sell and pull
[INFO] | 2026-09-17 12:45:53 PM | analyzer.Funds  | DAO dependency detected in file Funds.sol in contract Loans in by composing functions sell and pull
[INFO] | 2026-09-17 12:45:54 PM | analyzer.Funds  | DAO dependency detected in file Funds.sol in contract Loans in by composing functions sell and pull
[INFO] | 2026-09-17 12:45:55 PM | analyzer.Funds  | DAO dependency detected in file Funds.sol in contract Loans in by composing functions sell and pull
[INFO] | 2026-09-17 12:45:56 PM | analyzer.Funds  | DAO dependency detected in file Funds.sol in contract Loans in by composing functions sell and pull
[INFO] | 2026-09-17 12:45:56 PM | analyzer.Funds  | DAO dependency detected in file Funds.sol in contract Loans in by composing functions sell and pull
[INFO] | 2026-09-17 12:45:57 PM | analyzer.Funds  | DAO dependency detected in file Funds.sol in contract Loans in by composing functions sell and pull
[INFO] | 2026-09-17 12:45:58 PM | analyzer.Funds  | DAO dependency detected in file Funds.sol in contract Loans in by composing functions sell and pull
[INFO] | 2026-09-17 12:45:59 PM | analyzer.Funds  | DAO dependency detected in file Funds.sol in contract Loans in by composing functions sell and pull
[INFO] | 2026-09-17 12:46:00 PM | analyzer.Funds  | DAO dependency detected in file Funds.sol in contract Loans in by composing functions sell and pull
[INFO] | 2026-09-17 12:46:01 PM | analyzer.Funds  | DAO dependency detected in file Funds.sol in contract Loans in by composing functions sell and pull
[INFO] | 2026-09-17 12:46:02 PM | analyzer.Funds  | DAO dependency detected in file Funds.sol in contract Loans in by composing functions sell and pull
[INFO] | 2026-09-17 12:46:03 PM | analyzer.Funds  | DAO dependency detected in file Funds.sol in contract Loans in by composing functions sell and pull
[INFO] | 2026-09-17 12:46:04 PM | analyzer.Funds  | DAO dependency detected in file Funds.sol in contract Loans in by composing functions sell and pull
[INFO] | 2026-09-17 12:46:05 PM | analyzer.Funds  | DAO dependency detected in file Funds.sol in contract Loans in by composing functions sell and pull
[INFO] | 2026-09-17 12:46:06 PM | analyzer.Funds  | DAO dependency detected in file Funds.sol in contract Loans in by composing functions sell and pull
[INFO] | 2026-09-17 12:46:07 PM | analyzer.Funds  | DAO dependency detected in file Funds.sol in contract Loans in by composing functions sell and pull
[INFO] | 2026-09-17 12:46:09 PM | analyzer.Funds  | DAO dependency detected in file Funds.sol in contract Loans in by composing functions sell and pull
[INFO] | 2026-09-17 12:46:09 PM | analyzer.Funds  | DAO dependency detected in file Funds.sol in contract Loans in by composing functions sell and pull
[INFO] | 2026-09-17 12:46:10 PM | analyzer.Funds  | DAO dependency detected in file Funds.sol in contract Loans in by composing functions sell and pull
[INFO] | 2026-09-17 12:46:11 PM | analyzer.Funds  | DAO dependency detected in file Funds.sol in contract Loans in by composing functions sell and pull
[INFO] | 2026-09-17 12:46:12 PM | analyzer.Funds  | DAO dependency detected in file Funds.sol in contract Loans in by composing functions sell and pull
[INFO] | 2026-09-17 12:46:13 PM | analyzer.Funds  | DAO dependency detected in file Funds.sol in contract Loans in by composing functions sell and pull
[INFO] | 2026-09-17 12:46:14 PM | analyzer.Funds  | DAO dependency detected in file Funds.sol in contract Loans in by composing functions sell and pull
[INFO] | 2026-09-17 12:46:16 PM | analyzer.Funds  | DAO dependency detected in file Funds.sol in contract Loans in by composing functions sell and sell
[INFO] | 2026-09-17 12:46:18 PM | analyzer.Funds  | DAO dependency detected in file Funds.sol in contract Loans in by composing functions sell and sell
[INFO] | 2026-09-17 12:46:20 PM | analyzer.Funds  | DAO dependency detected in file Funds.sol in contract Loans in by composing functions sell and sell
[INFO] | 2026-09-17 12:46:22 PM | analyzer.Funds  | DAO dependency detected in file Funds.sol in contract Loans in by composing functions sell and sell
[INFO] | 2026-09-17 12:46:24 PM | analyzer.Funds  | DAO dependency detected in file Funds.sol in contract Loans in by composing functions sell and sell
[INFO] | 2026-09-17 12:46:26 PM | analyzer.Funds  | DAO dependency detected in file Funds.sol in contract Loans in by composing functions sell and sell
[INFO] | 2026-09-17 12:46:28 PM | analyzer.Funds  | DAO dependency detected in file Funds.sol in contract Loans in by composing functions sell and sell
[INFO] | 2026-09-17 12:46:30 PM | analyzer.Funds  | DAO dependency detected in file Funds.sol in contract Loans in by composing functions sell and sell
[INFO] | 2026-09-17 12:46:32 PM | analyzer.Funds  | DAO dependency detected in file Funds.sol in contract Loans in by composing functions sell and sell
[INFO] | 2026-09-17 12:46:33 PM | analyzer.Funds  | DAO dependency detected in file Funds.sol in contract Loans in by composing functions sell and sell
[INFO] | 2026-09-17 12:46:35 PM | analyzer.Funds  | DAO dependency detected in file Funds.sol in contract Loans in by composing functions sell and sell
[INFO] | 2026-09-17 12:46:37 PM | analyzer.Funds  | DAO dependency detected in file Funds.sol in contract Loans in by composing functions sell and sell
[INFO] | 2026-09-17 12:46:39 PM | analyzer.Funds  | DAO dependency detected in file Funds.sol in contract Loans in by composing functions sell and sell
[INFO] | 2026-09-17 12:46:41 PM | analyzer.Funds  | DAO dependency detected in file Funds.sol in contract Loans in by composing functions sell and sell
[INFO] | 2026-09-17 12:46:43 PM | analyzer.Funds  | DAO dependency detected in file Funds.sol in contract Loans in by composing functions sell and sell
[INFO] | 2026-09-17 12:46:45 PM | analyzer.Funds  | DAO dependency detected in file Funds.sol in contract Loans in by composing functions sell and sell
[INFO] | 2026-09-17 12:46:47 PM | analyzer.Funds  | DAO dependency detected in file Funds.sol in contract Loans in by composing functions sell and sell
[INFO] | 2026-09-17 12:46:49 PM | analyzer.Funds  | DAO dependency detected in file Funds.sol in contract Loans in by composing functions sell and sell
[INFO] | 2026-09-17 12:46:51 PM | analyzer.Funds  | DAO dependency detected in file Funds.sol in contract Loans in by composing functions sell and sell
[INFO] | 2026-09-17 12:46:54 PM | analyzer.Funds  | DAO dependency detected in file Funds.sol in contract Loans in by composing functions sell and sell
[INFO] | 2026-09-17 12:46:54 PM | analyzer.Funds  | DAO dependency detected in file Funds.sol in contract Funds in by composing functions open and open
[INFO] | 2026-09-17 12:46:55 PM | analyzer.Funds  | DAO dependency detected in file Funds.sol in contract Funds in by composing functions req and setLoans
[INFO] | 2026-09-17 12:46:55 PM | analyzer.Funds  | DAO dependency detected in file Funds.sol in contract Funds in by composing functions req and setLoans
[INFO] | 2026-09-17 12:46:56 PM | analyzer.Funds  | DAO dependency detected in file Funds.sol in contract Funds in by composing functions req and set
[INFO] | 2026-09-17 12:47:30 PM | analyzer.Funds  | DAO dependency detected in file Funds.sol in contract Funds in by composing functions req and req
[INFO] | 2026-09-17 12:47:30 PM | analyzer.Funds  | Dependency detection finished!
[INFO] | 2026-09-17 12:47:30 PM | analyzer.Funds  | Static Analysis took 451.117059 seconds
[INFO] | 2026-09-17 12:47:30 PM | analyzer.Funds  | Dependency exists
[INFO] | 2026-09-17 12:47:30 PM | analyzer.Funds  | Invoking symbolic executor!
